<gpx xmlns:onx="https://wwww.onxmaps.com/" xmlns="http://www.topografix.com/GPX/1/1" xmlns:xsi="http://www.w3.org/2001/XMLSchema-instance" xsi:schemaLocation="http://www.topografix.com/GPX/1/1 http://www.topografix.com/GPX/1/1/gpx.xsd" version="1.1" creator="onXmaps backcountry web"><metadata/><trk><name>Crazy Mountain 100 26</name><desc>name=Crazy Mountain 100 26
notes=
id=bb62fed7-7d1f-48c0-9abe-6d1b5d3a543d
color=rgba(8,122,255,1)
style=solid
weight=4.0</desc><extensions><onx:color>rgba(8,122,255,1)</onx:color><onx:style>solid</onx:style><onx:weight>4.0</onx:weight></extensions><trkseg><trkpt lat="46.120566" lon="-110.521953"><ele>0</ele><time>2026-10-07T11:54:22.828Z</time></trkpt><trkpt lat="46.119316" lon="-110.522039"><ele>0</ele><time>2026-10-07T11:54:22.828Z</time></trkpt><trkpt lat="46.119138" lon="-110.475089"><ele>0</ele><time>2026-10-07T11:54:22.828Z</time></trkpt><trkpt lat="46.11894" lon="-110.47503"><ele>0</ele><time>2026-10-07T11:54:22.828Z</time></trkpt><trkpt lat="46.11878" lon="-110.47502"><ele>0</ele><time>2026-10-07T11:54:22.828Z</time></trkpt><trkpt lat="46.11838" lon="-110.47512"><ele>0</ele><time>2026-10-07T11:54:22.828Z</time></trkpt><trkpt lat="46.11828" lon="-110.47512"><ele>0</ele><time>2026-10-07T11:54:22.828Z</time></trkpt><trkpt lat="46.11819" lon="-110.47503"><ele>0</ele><time>2026-10-07T11:54:22.828Z</time></trkpt><trkpt lat="46.11803" lon="-110.47478"><ele>0</ele><time>2026-10-07T11:54:22.828Z</time></trkpt><trkpt lat="46.11794" lon="-110.47476"><ele>0</ele><time>2026-10-07T11:54:22.828Z</time></trkpt><trkpt lat="46.11755" lon="-110.47508"><ele>0</ele><time>2026-10-07T11:54:22.828Z</time></trkpt><trkpt lat="46.11737" lon="-110.47514"><ele>0</ele><time>2026-10-07T11:54:22.828Z</time></trkpt><trkpt lat="46.11716" lon="-110.47515"><ele>0</ele><time>2026-10-07T11:54:22.828Z</time></trkpt><trkpt lat="46.11695" lon="-110.47505"><ele>0</ele><time>2026-10-07T11:54:22.828Z</time></trkpt><trkpt lat="46.11619" lon="-110.47422"><ele>0</ele><time>2026-10-07T11:54:22.828Z</time></trkpt><trkpt lat="46.11596" lon="-110.47411"><ele>0</ele><time>2026-10-07T11:54:22.828Z</time></trkpt><trkpt lat="46.11578" lon="-110.47409"><ele>0</ele><time>2026-10-07T11:54:22.828Z</time></trkpt><trkpt lat="46.11548" lon="-110.47415"><ele>0</ele><time>2026-10-07T11:54:22.828Z</time></trkpt><trkpt lat="46.11519" lon="-110.47424"><ele>0</ele><time>2026-10-07T11:54:22.828Z</time></trkpt><trkpt lat="46.11485" lon="-110.47453"><ele>0</ele><time>2026-10-07T11:54:22.828Z</time></trkpt><trkpt lat="46.11453" lon="-110.47471"><ele>0</ele><time>2026-10-07T11:54:22.828Z</time></trkpt><trkpt lat="46.11406" lon="-110.47482"><ele>0</ele><time>2026-10-07T11:54:22.828Z</time></trkpt><trkpt lat="46.11388" lon="-110.47481"><ele>0</ele><time>2026-10-07T11:54:22.828Z</time></trkpt><trkpt lat="46.11374" lon="-110.47472"><ele>0</ele><time>2026-10-07T11:54:22.828Z</time></trkpt><trkpt lat="46.1133" lon="-110.47397"><ele>0</ele><time>2026-10-07T11:54:22.828Z</time></trkpt><trkpt lat="46.11275" lon="-110.47337"><ele>0</ele><time>2026-10-07T11:54:22.828Z</time></trkpt><trkpt lat="46.11266" lon="-110.4732"><ele>0</ele><time>2026-10-07T11:54:22.828Z</time></trkpt><trkpt lat="46.1125" lon="-110.47269"><ele>0</ele><time>2026-10-07T11:54:22.828Z</time></trkpt><trkpt lat="46.11234" lon="-110.47232"><ele>0</ele><time>2026-10-07T11:54:22.828Z</time></trkpt><trkpt lat="46.11217" lon="-110.47226"><ele>0</ele><time>2026-10-07T11:54:22.828Z</time></trkpt><trkpt lat="46.11184" lon="-110.47221"><ele>0</ele><time>2026-10-07T11:54:22.828Z</time></trkpt><trkpt lat="46.11176" lon="-110.47207"><ele>0</ele><time>2026-10-07T11:54:22.828Z</time></trkpt><trkpt lat="46.11143" lon="-110.47169"><ele>0</ele><time>2026-10-07T11:54:22.828Z</time></trkpt><trkpt lat="46.11127" lon="-110.47162"><ele>0</ele><time>2026-10-07T11:54:22.828Z</time></trkpt><trkpt lat="46.11115" lon="-110.4716"><ele>0</ele><time>2026-10-07T11:54:22.828Z</time></trkpt><trkpt lat="46.11092" lon="-110.47135"><ele>0</ele><time>2026-10-07T11:54:22.828Z</time></trkpt><trkpt lat="46.11081" lon="-110.47129"><ele>0</ele><time>2026-10-07T11:54:22.828Z</time></trkpt><trkpt lat="46.11074" lon="-110.47131"><ele>0</ele><time>2026-10-07T11:54:22.828Z</time></trkpt><trkpt lat="46.11069" lon="-110.47138"><ele>0</ele><time>2026-10-07T11:54:22.828Z</time></trkpt><trkpt lat="46.11052" lon="-110.47177"><ele>0</ele><time>2026-10-07T11:54:22.828Z</time></trkpt><trkpt lat="46.11017" lon="-110.47231"><ele>0</ele><time>2026-10-07T11:54:22.828Z</time></trkpt><trkpt lat="46.10989" lon="-110.47267"><ele>0</ele><time>2026-10-07T11:54:22.828Z</time></trkpt><trkpt lat="46.10928" lon="-110.47292"><ele>0</ele><time>2026-10-07T11:54:22.828Z</time></trkpt><trkpt lat="46.10906" lon="-110.4732"><ele>0</ele><time>2026-10-07T11:54:22.828Z</time></trkpt><trkpt lat="46.1088" lon="-110.47362"><ele>0</ele><time>2026-10-07T11:54:22.828Z</time></trkpt><trkpt lat="46.10826" lon="-110.47401"><ele>0</ele><time>2026-10-07T11:54:22.828Z</time></trkpt><trkpt lat="46.10814" lon="-110.47406"><ele>0</ele><time>2026-10-07T11:54:22.828Z</time></trkpt><trkpt lat="46.10787" lon="-110.47396"><ele>0</ele><time>2026-10-07T11:54:22.828Z</time></trkpt><trkpt lat="46.10777" lon="-110.47377"><ele>0</ele><time>2026-10-07T11:54:22.828Z</time></trkpt><trkpt lat="46.1078" lon="-110.47367"><ele>0</ele><time>2026-10-07T11:54:22.828Z</time></trkpt><trkpt lat="46.10769" lon="-110.47366"><ele>0</ele><time>2026-10-07T11:54:22.828Z</time></trkpt><trkpt lat="46.10767" lon="-110.4736"><ele>0</ele><time>2026-10-07T11:54:22.828Z</time></trkpt><trkpt lat="46.10771" lon="-110.47353"><ele>0</ele><time>2026-10-07T11:54:22.828Z</time></trkpt><trkpt lat="46.10784" lon="-110.47346"><ele>0</ele><time>2026-10-07T11:54:22.828Z</time></trkpt><trkpt lat="46.1079" lon="-110.47335"><ele>0</ele><time>2026-10-07T11:54:22.828Z</time></trkpt><trkpt lat="46.10811" lon="-110.47322"><ele>0</ele><time>2026-10-07T11:54:22.828Z</time></trkpt><trkpt lat="46.10811" lon="-110.47314"><ele>0</ele><time>2026-10-07T11:54:22.828Z</time></trkpt><trkpt lat="46.10804" lon="-110.47309"><ele>0</ele><time>2026-10-07T11:54:22.828Z</time></trkpt><trkpt lat="46.10785" lon="-110.47303"><ele>0</ele><time>2026-10-07T11:54:22.828Z</time></trkpt><trkpt lat="46.10763" lon="-110.47287"><ele>0</ele><time>2026-10-07T11:54:22.828Z</time></trkpt><trkpt lat="46.10743" lon="-110.47279"><ele>0</ele><time>2026-10-07T11:54:22.828Z</time></trkpt><trkpt lat="46.10741" lon="-110.47275"><ele>0</ele><time>2026-10-07T11:54:22.828Z</time></trkpt><trkpt lat="46.10741" lon="-110.47269"><ele>0</ele><time>2026-10-07T11:54:22.828Z</time></trkpt><trkpt lat="46.1075" lon="-110.47263"><ele>0</ele><time>2026-10-07T11:54:22.828Z</time></trkpt><trkpt lat="46.10752" lon="-110.47253"><ele>0</ele><time>2026-10-07T11:54:22.828Z</time></trkpt><trkpt lat="46.10748" lon="-110.47225"><ele>0</ele><time>2026-10-07T11:54:22.828Z</time></trkpt><trkpt lat="46.10731" lon="-110.47211"><ele>0</ele><time>2026-10-07T11:54:22.828Z</time></trkpt><trkpt lat="46.10718" lon="-110.47206"><ele>0</ele><time>2026-10-07T11:54:22.828Z</time></trkpt><trkpt lat="46.10705" lon="-110.47181"><ele>0</ele><time>2026-10-07T11:54:22.828Z</time></trkpt><trkpt lat="46.10698" lon="-110.47138"><ele>0</ele><time>2026-10-07T11:54:22.828Z</time></trkpt><trkpt lat="46.10697" lon="-110.47111"><ele>0</ele><time>2026-10-07T11:54:22.828Z</time></trkpt><trkpt lat="46.107" lon="-110.4709"><ele>0</ele><time>2026-10-07T11:54:22.828Z</time></trkpt><trkpt lat="46.10689" lon="-110.4707"><ele>0</ele><time>2026-10-07T11:54:22.828Z</time></trkpt><trkpt lat="46.1069" lon="-110.47066"><ele>0</ele><time>2026-10-07T11:54:22.828Z</time></trkpt><trkpt lat="46.10694" lon="-110.47066"><ele>0</ele><time>2026-10-07T11:54:22.828Z</time></trkpt><trkpt lat="46.10705" lon="-110.47084"><ele>0</ele><time>2026-10-07T11:54:22.828Z</time></trkpt><trkpt lat="46.10708" lon="-110.47096"><ele>0</ele><time>2026-10-07T11:54:22.828Z</time></trkpt><trkpt lat="46.10709" lon="-110.47117"><ele>0</ele><time>2026-10-07T11:54:22.828Z</time></trkpt><trkpt lat="46.10719" lon="-110.47162"><ele>0</ele><time>2026-10-07T11:54:22.828Z</time></trkpt><trkpt lat="46.10726" lon="-110.47176"><ele>0</ele><time>2026-10-07T11:54:22.828Z</time></trkpt><trkpt lat="46.10762" lon="-110.47188"><ele>0</ele><time>2026-10-07T11:54:22.828Z</time></trkpt><trkpt lat="46.10782" lon="-110.472"><ele>0</ele><time>2026-10-07T11:54:22.828Z</time></trkpt><trkpt lat="46.10806" lon="-110.47192"><ele>0</ele><time>2026-10-07T11:54:22.828Z</time></trkpt><trkpt lat="46.10822" lon="-110.4718"><ele>0</ele><time>2026-10-07T11:54:22.828Z</time></trkpt><trkpt lat="46.10823" lon="-110.4717"><ele>0</ele><time>2026-10-07T11:54:22.828Z</time></trkpt><trkpt lat="46.10822" lon="-110.47166"><ele>0</ele><time>2026-10-07T11:54:22.828Z</time></trkpt><trkpt lat="46.10817" lon="-110.47165"><ele>0</ele><time>2026-10-07T11:54:22.828Z</time></trkpt><trkpt lat="46.10798" lon="-110.47169"><ele>0</ele><time>2026-10-07T11:54:22.828Z</time></trkpt><trkpt lat="46.10779" lon="-110.47155"><ele>0</ele><time>2026-10-07T11:54:22.828Z</time></trkpt><trkpt lat="46.10768" lon="-110.47138"><ele>0</ele><time>2026-10-07T11:54:22.828Z</time></trkpt><trkpt lat="46.10757" lon="-110.47135"><ele>0</ele><time>2026-10-07T11:54:22.828Z</time></trkpt><trkpt lat="46.10744" lon="-110.47123"><ele>0</ele><time>2026-10-07T11:54:22.828Z</time></trkpt><trkpt lat="46.10738" lon="-110.471"><ele>0</ele><time>2026-10-07T11:54:22.828Z</time></trkpt><trkpt lat="46.10741" lon="-110.4706"><ele>0</ele><time>2026-10-07T11:54:22.828Z</time></trkpt><trkpt lat="46.10733" lon="-110.47023"><ele>0</ele><time>2026-10-07T11:54:22.828Z</time></trkpt><trkpt lat="46.1073" lon="-110.46998"><ele>0</ele><time>2026-10-07T11:54:22.828Z</time></trkpt><trkpt lat="46.10725" lon="-110.4699"><ele>0</ele><time>2026-10-07T11:54:22.828Z</time></trkpt><trkpt lat="46.10714" lon="-110.46951"><ele>0</ele><time>2026-10-07T11:54:22.828Z</time></trkpt><trkpt lat="46.10709" lon="-110.46914"><ele>0</ele><time>2026-10-07T11:54:22.828Z</time></trkpt><trkpt lat="46.10692" lon="-110.46881"><ele>0</ele><time>2026-10-07T11:54:22.828Z</time></trkpt><trkpt lat="46.10682" lon="-110.46854"><ele>0</ele><time>2026-10-07T11:54:22.828Z</time></trkpt><trkpt lat="46.10681" lon="-110.46822"><ele>0</ele><time>2026-10-07T11:54:22.828Z</time></trkpt><trkpt lat="46.10673" lon="-110.46775"><ele>0</ele><time>2026-10-07T11:54:22.828Z</time></trkpt><trkpt lat="46.10676" lon="-110.46756"><ele>0</ele><time>2026-10-07T11:54:22.828Z</time></trkpt><trkpt lat="46.1069" lon="-110.46725"><ele>0</ele><time>2026-10-07T11:54:22.828Z</time></trkpt><trkpt lat="46.10698" lon="-110.46716"><ele>0</ele><time>2026-10-07T11:54:22.828Z</time></trkpt><trkpt lat="46.10711" lon="-110.4672"><ele>0</ele><time>2026-10-07T11:54:22.828Z</time></trkpt><trkpt lat="46.10715" lon="-110.46719"><ele>0</ele><time>2026-10-07T11:54:22.828Z</time></trkpt><trkpt lat="46.10718" lon="-110.46713"><ele>0</ele><time>2026-10-07T11:54:22.828Z</time></trkpt><trkpt lat="46.10722" lon="-110.46676"><ele>0</ele><time>2026-10-07T11:54:22.828Z</time></trkpt><trkpt lat="46.1072" lon="-110.46661"><ele>0</ele><time>2026-10-07T11:54:22.828Z</time></trkpt><trkpt lat="46.10722" lon="-110.46635"><ele>0</ele><time>2026-10-07T11:54:22.828Z</time></trkpt><trkpt lat="46.10719" lon="-110.4663"><ele>0</ele><time>2026-10-07T11:54:22.828Z</time></trkpt><trkpt lat="46.10711" lon="-110.46587"><ele>0</ele><time>2026-10-07T11:54:22.828Z</time></trkpt><trkpt lat="46.10705" lon="-110.46576"><ele>0</ele><time>2026-10-07T11:54:22.828Z</time></trkpt><trkpt lat="46.10695" lon="-110.46564"><ele>0</ele><time>2026-10-07T11:54:22.828Z</time></trkpt><trkpt lat="46.10688" lon="-110.46518"><ele>0</ele><time>2026-10-07T11:54:22.828Z</time></trkpt><trkpt lat="46.10688" lon="-110.46503"><ele>0</ele><time>2026-10-07T11:54:22.828Z</time></trkpt><trkpt lat="46.10685" lon="-110.46493"><ele>0</ele><time>2026-10-07T11:54:22.828Z</time></trkpt><trkpt lat="46.10674" lon="-110.46482"><ele>0</ele><time>2026-10-07T11:54:22.828Z</time></trkpt><trkpt lat="46.10663" lon="-110.46475"><ele>0</ele><time>2026-10-07T11:54:22.828Z</time></trkpt><trkpt lat="46.10647" lon="-110.46471"><ele>0</ele><time>2026-10-07T11:54:22.828Z</time></trkpt><trkpt lat="46.10646" lon="-110.46467"><ele>0</ele><time>2026-10-07T11:54:22.828Z</time></trkpt><trkpt lat="46.10646" lon="-110.46458"><ele>0</ele><time>2026-10-07T11:54:22.828Z</time></trkpt><trkpt lat="46.10654" lon="-110.46427"><ele>0</ele><time>2026-10-07T11:54:22.828Z</time></trkpt><trkpt lat="46.10657" lon="-110.46404"><ele>0</ele><time>2026-10-07T11:54:22.828Z</time></trkpt><trkpt lat="46.1065" lon="-110.46327"><ele>0</ele><time>2026-10-07T11:54:22.828Z</time></trkpt><trkpt lat="46.10652" lon="-110.46234"><ele>0</ele><time>2026-10-07T11:54:22.828Z</time></trkpt><trkpt lat="46.10648" lon="-110.46222"><ele>0</ele><time>2026-10-07T11:54:22.828Z</time></trkpt><trkpt lat="46.10623" lon="-110.46195"><ele>0</ele><time>2026-10-07T11:54:22.828Z</time></trkpt><trkpt lat="46.10584" lon="-110.46175"><ele>0</ele><time>2026-10-07T11:54:22.828Z</time></trkpt><trkpt lat="46.10574" lon="-110.46161"><ele>0</ele><time>2026-10-07T11:54:22.828Z</time></trkpt><trkpt lat="46.10569" lon="-110.46143"><ele>0</ele><time>2026-10-07T11:54:22.828Z</time></trkpt><trkpt lat="46.10527" lon="-110.46039"><ele>0</ele><time>2026-10-07T11:54:22.828Z</time></trkpt><trkpt lat="46.10506" lon="-110.46006"><ele>0</ele><time>2026-10-07T11:54:22.828Z</time></trkpt><trkpt lat="46.10496" lon="-110.45994"><ele>0</ele><time>2026-10-07T11:54:22.828Z</time></trkpt><trkpt lat="46.1049" lon="-110.45981"><ele>0</ele><time>2026-10-07T11:54:22.828Z</time></trkpt><trkpt lat="46.10486" lon="-110.45971"><ele>0</ele><time>2026-10-07T11:54:22.828Z</time></trkpt><trkpt lat="46.10486" lon="-110.45956"><ele>0</ele><time>2026-10-07T11:54:22.828Z</time></trkpt><trkpt lat="46.10477" lon="-110.45929"><ele>0</ele><time>2026-10-07T11:54:22.828Z</time></trkpt><trkpt lat="46.10469" lon="-110.45916"><ele>0</ele><time>2026-10-07T11:54:22.828Z</time></trkpt><trkpt lat="46.10463" lon="-110.45894"><ele>0</ele><time>2026-10-07T11:54:22.828Z</time></trkpt><trkpt lat="46.10459" lon="-110.45889"><ele>0</ele><time>2026-10-07T11:54:22.828Z</time></trkpt><trkpt lat="46.10455" lon="-110.45889"><ele>0</ele><time>2026-10-07T11:54:22.828Z</time></trkpt><trkpt lat="46.10438" lon="-110.459"><ele>0</ele><time>2026-10-07T11:54:22.828Z</time></trkpt><trkpt lat="46.10413" lon="-110.45982"><ele>0</ele><time>2026-10-07T11:54:22.828Z</time></trkpt><trkpt lat="46.10397" lon="-110.45998"><ele>0</ele><time>2026-10-07T11:54:22.828Z</time></trkpt><trkpt lat="46.10385" lon="-110.45999"><ele>0</ele><time>2026-10-07T11:54:22.828Z</time></trkpt><trkpt lat="46.10385" lon="-110.45991"><ele>0</ele><time>2026-10-07T11:54:22.828Z</time></trkpt><trkpt lat="46.1039" lon="-110.45987"><ele>0</ele><time>2026-10-07T11:54:22.828Z</time></trkpt><trkpt lat="46.10392" lon="-110.45981"><ele>0</ele><time>2026-10-07T11:54:22.828Z</time></trkpt><trkpt lat="46.10392" lon="-110.45975"><ele>0</ele><time>2026-10-07T11:54:22.828Z</time></trkpt><trkpt lat="46.10389" lon="-110.45966"><ele>0</ele><time>2026-10-07T11:54:22.828Z</time></trkpt><trkpt lat="46.10394" lon="-110.45942"><ele>0</ele><time>2026-10-07T11:54:22.828Z</time></trkpt><trkpt lat="46.10392" lon="-110.45936"><ele>0</ele><time>2026-10-07T11:54:22.828Z</time></trkpt><trkpt lat="46.10384" lon="-110.45928"><ele>0</ele><time>2026-10-07T11:54:22.828Z</time></trkpt><trkpt lat="46.10383" lon="-110.45921"><ele>0</ele><time>2026-10-07T11:54:22.828Z</time></trkpt><trkpt lat="46.10391" lon="-110.45901"><ele>0</ele><time>2026-10-07T11:54:22.828Z</time></trkpt><trkpt lat="46.10391" lon="-110.45895"><ele>0</ele><time>2026-10-07T11:54:22.828Z</time></trkpt><trkpt lat="46.10387" lon="-110.4589"><ele>0</ele><time>2026-10-07T11:54:22.828Z</time></trkpt><trkpt lat="46.10371" lon="-110.45886"><ele>0</ele><time>2026-10-07T11:54:22.828Z</time></trkpt><trkpt lat="46.10344" lon="-110.45888"><ele>0</ele><time>2026-10-07T11:54:22.828Z</time></trkpt><trkpt lat="46.10332" lon="-110.45882"><ele>0</ele><time>2026-10-07T11:54:22.828Z</time></trkpt><trkpt lat="46.10309" lon="-110.45889"><ele>0</ele><time>2026-10-07T11:54:22.828Z</time></trkpt><trkpt lat="46.10305" lon="-110.45887"><ele>0</ele><time>2026-10-07T11:54:22.828Z</time></trkpt><trkpt lat="46.1029" lon="-110.45868"><ele>0</ele><time>2026-10-07T11:54:22.828Z</time></trkpt><trkpt lat="46.10274" lon="-110.45862"><ele>0</ele><time>2026-10-07T11:54:22.828Z</time></trkpt><trkpt lat="46.1026" lon="-110.45845"><ele>0</ele><time>2026-10-07T11:54:22.828Z</time></trkpt><trkpt lat="46.10253" lon="-110.45825"><ele>0</ele><time>2026-10-07T11:54:22.828Z</time></trkpt><trkpt lat="46.10254" lon="-110.45807"><ele>0</ele><time>2026-10-07T11:54:22.828Z</time></trkpt><trkpt lat="46.1024" lon="-110.45785"><ele>0</ele><time>2026-10-07T11:54:22.828Z</time></trkpt><trkpt lat="46.10233" lon="-110.45777"><ele>0</ele><time>2026-10-07T11:54:22.828Z</time></trkpt><trkpt lat="46.10216" lon="-110.4578"><ele>0</ele><time>2026-10-07T11:54:22.828Z</time></trkpt><trkpt lat="46.10209" lon="-110.45774"><ele>0</ele><time>2026-10-07T11:54:22.828Z</time></trkpt><trkpt lat="46.10205" lon="-110.45774"><ele>0</ele><time>2026-10-07T11:54:22.828Z</time></trkpt><trkpt lat="46.10198" lon="-110.45783"><ele>0</ele><time>2026-10-07T11:54:22.828Z</time></trkpt><trkpt lat="46.1019" lon="-110.45784"><ele>0</ele><time>2026-10-07T11:54:22.828Z</time></trkpt><trkpt lat="46.10156" lon="-110.45836"><ele>0</ele><time>2026-10-07T11:54:22.828Z</time></trkpt><trkpt lat="46.10148" lon="-110.45838"><ele>0</ele><time>2026-10-07T11:54:22.828Z</time></trkpt><trkpt lat="46.10142" lon="-110.45835"><ele>0</ele><time>2026-10-07T11:54:22.828Z</time></trkpt><trkpt lat="46.10142" lon="-110.45825"><ele>0</ele><time>2026-10-07T11:54:22.828Z</time></trkpt><trkpt lat="46.10147" lon="-110.45815"><ele>0</ele><time>2026-10-07T11:54:22.828Z</time></trkpt><trkpt lat="46.10145" lon="-110.45808"><ele>0</ele><time>2026-10-07T11:54:22.828Z</time></trkpt><trkpt lat="46.10131" lon="-110.45808"><ele>0</ele><time>2026-10-07T11:54:22.828Z</time></trkpt><trkpt lat="46.10116" lon="-110.45812"><ele>0</ele><time>2026-10-07T11:54:22.828Z</time></trkpt><trkpt lat="46.10105" lon="-110.45824"><ele>0</ele><time>2026-10-07T11:54:22.828Z</time></trkpt><trkpt lat="46.10086" lon="-110.45836"><ele>0</ele><time>2026-10-07T11:54:22.828Z</time></trkpt><trkpt lat="46.10067" lon="-110.45841"><ele>0</ele><time>2026-10-07T11:54:22.828Z</time></trkpt><trkpt lat="46.10056" lon="-110.45848"><ele>0</ele><time>2026-10-07T11:54:22.828Z</time></trkpt><trkpt lat="46.10046" lon="-110.45849"><ele>0</ele><time>2026-10-07T11:54:22.828Z</time></trkpt><trkpt lat="46.10023" lon="-110.4586"><ele>0</ele><time>2026-10-07T11:54:22.828Z</time></trkpt><trkpt lat="46.10012" lon="-110.45871"><ele>0</ele><time>2026-10-07T11:54:22.828Z</time></trkpt><trkpt lat="46.10006" lon="-110.45873"><ele>0</ele><time>2026-10-07T11:54:22.828Z</time></trkpt><trkpt lat="46.09992" lon="-110.45871"><ele>0</ele><time>2026-10-07T11:54:22.828Z</time></trkpt><trkpt lat="46.09975" lon="-110.4585"><ele>0</ele><time>2026-10-07T11:54:22.828Z</time></trkpt><trkpt lat="46.09973" lon="-110.45851"><ele>0</ele><time>2026-10-07T11:54:22.828Z</time></trkpt><trkpt lat="46.09964" lon="-110.45865"><ele>0</ele><time>2026-10-07T11:54:22.828Z</time></trkpt><trkpt lat="46.09944" lon="-110.45872"><ele>0</ele><time>2026-10-07T11:54:22.828Z</time></trkpt><trkpt lat="46.09912" lon="-110.45871"><ele>0</ele><time>2026-10-07T11:54:22.828Z</time></trkpt><trkpt lat="46.099" lon="-110.45864"><ele>0</ele><time>2026-10-07T11:54:22.828Z</time></trkpt><trkpt lat="46.09893" lon="-110.45871"><ele>0</ele><time>2026-10-07T11:54:22.828Z</time></trkpt><trkpt lat="46.09861" lon="-110.4597"><ele>0</ele><time>2026-10-07T11:54:22.828Z</time></trkpt><trkpt lat="46.0986" lon="-110.45977"><ele>0</ele><time>2026-10-07T11:54:22.828Z</time></trkpt><trkpt lat="46.09862" lon="-110.46001"><ele>0</ele><time>2026-10-07T11:54:22.828Z</time></trkpt><trkpt lat="46.09858" lon="-110.46019"><ele>0</ele><time>2026-10-07T11:54:22.828Z</time></trkpt><trkpt lat="46.09831" lon="-110.46087"><ele>0</ele><time>2026-10-07T11:54:22.828Z</time></trkpt><trkpt lat="46.09824" lon="-110.46101"><ele>0</ele><time>2026-10-07T11:54:22.828Z</time></trkpt><trkpt lat="46.09816" lon="-110.46112"><ele>0</ele><time>2026-10-07T11:54:22.828Z</time></trkpt><trkpt lat="46.09813" lon="-110.4612"><ele>0</ele><time>2026-10-07T11:54:22.828Z</time></trkpt><trkpt lat="46.09812" lon="-110.46154"><ele>0</ele><time>2026-10-07T11:54:22.828Z</time></trkpt><trkpt lat="46.09809" lon="-110.46162"><ele>0</ele><time>2026-10-07T11:54:22.828Z</time></trkpt><trkpt lat="46.09795" lon="-110.46161"><ele>0</ele><time>2026-10-07T11:54:22.828Z</time></trkpt><trkpt lat="46.09783" lon="-110.46165"><ele>0</ele><time>2026-10-07T11:54:22.828Z</time></trkpt><trkpt lat="46.09769" lon="-110.46181"><ele>0</ele><time>2026-10-07T11:54:22.828Z</time></trkpt><trkpt lat="46.09761" lon="-110.46204"><ele>0</ele><time>2026-10-07T11:54:22.828Z</time></trkpt><trkpt lat="46.09751" lon="-110.46217"><ele>0</ele><time>2026-10-07T11:54:22.828Z</time></trkpt><trkpt lat="46.09745" lon="-110.46209"><ele>0</ele><time>2026-10-07T11:54:22.828Z</time></trkpt><trkpt lat="46.09736" lon="-110.46191"><ele>0</ele><time>2026-10-07T11:54:22.828Z</time></trkpt><trkpt lat="46.0973" lon="-110.4616"><ele>0</ele><time>2026-10-07T11:54:22.828Z</time></trkpt><trkpt lat="46.09715" lon="-110.46135"><ele>0</ele><time>2026-10-07T11:54:22.828Z</time></trkpt><trkpt lat="46.09707" lon="-110.46117"><ele>0</ele><time>2026-10-07T11:54:22.828Z</time></trkpt><trkpt lat="46.09706" lon="-110.46085"><ele>0</ele><time>2026-10-07T11:54:22.828Z</time></trkpt><trkpt lat="46.09707" lon="-110.46073"><ele>0</ele><time>2026-10-07T11:54:22.828Z</time></trkpt><trkpt lat="46.09703" lon="-110.46053"><ele>0</ele><time>2026-10-07T11:54:22.828Z</time></trkpt><trkpt lat="46.09694" lon="-110.4604"><ele>0</ele><time>2026-10-07T11:54:22.828Z</time></trkpt><trkpt lat="46.09671" lon="-110.45991"><ele>0</ele><time>2026-10-07T11:54:22.828Z</time></trkpt><trkpt lat="46.09661" lon="-110.45989"><ele>0</ele><time>2026-10-07T11:54:22.828Z</time></trkpt><trkpt lat="46.09647" lon="-110.45996"><ele>0</ele><time>2026-10-07T11:54:22.828Z</time></trkpt><trkpt lat="46.0964" lon="-110.45994"><ele>0</ele><time>2026-10-07T11:54:22.828Z</time></trkpt><trkpt lat="46.09627" lon="-110.4597"><ele>0</ele><time>2026-10-07T11:54:22.828Z</time></trkpt><trkpt lat="46.09617" lon="-110.45961"><ele>0</ele><time>2026-10-07T11:54:22.828Z</time></trkpt><trkpt lat="46.09613" lon="-110.45952"><ele>0</ele><time>2026-10-07T11:54:22.828Z</time></trkpt><trkpt lat="46.09614" lon="-110.45929"><ele>0</ele><time>2026-10-07T11:54:22.828Z</time></trkpt><trkpt lat="46.09612" lon="-110.45908"><ele>0</ele><time>2026-10-07T11:54:22.828Z</time></trkpt><trkpt lat="46.09603" lon="-110.45885"><ele>0</ele><time>2026-10-07T11:54:22.828Z</time></trkpt><trkpt lat="46.09571" lon="-110.45856"><ele>0</ele><time>2026-10-07T11:54:22.828Z</time></trkpt><trkpt lat="46.09563" lon="-110.45844"><ele>0</ele><time>2026-10-07T11:54:22.828Z</time></trkpt><trkpt lat="46.09549" lon="-110.45837"><ele>0</ele><time>2026-10-07T11:54:22.828Z</time></trkpt><trkpt lat="46.09525" lon="-110.45798"><ele>0</ele><time>2026-10-07T11:54:22.828Z</time></trkpt><trkpt lat="46.095" lon="-110.45772"><ele>0</ele><time>2026-10-07T11:54:22.828Z</time></trkpt><trkpt lat="46.09448" lon="-110.45736"><ele>0</ele><time>2026-10-07T11:54:22.828Z</time></trkpt><trkpt lat="46.09426" lon="-110.45724"><ele>0</ele><time>2026-10-07T11:54:22.828Z</time></trkpt><trkpt lat="46.09368" lon="-110.45665"><ele>0</ele><time>2026-10-07T11:54:22.828Z</time></trkpt><trkpt lat="46.09351" lon="-110.45654"><ele>0</ele><time>2026-10-07T11:54:22.828Z</time></trkpt><trkpt lat="46.0934" lon="-110.45643"><ele>0</ele><time>2026-10-07T11:54:22.828Z</time></trkpt><trkpt lat="46.09312" lon="-110.45623"><ele>0</ele><time>2026-10-07T11:54:22.828Z</time></trkpt><trkpt lat="46.09303" lon="-110.45613"><ele>0</ele><time>2026-10-07T11:54:22.828Z</time></trkpt><trkpt lat="46.09293" lon="-110.45598"><ele>0</ele><time>2026-10-07T11:54:22.828Z</time></trkpt><trkpt lat="46.09276" lon="-110.45547"><ele>0</ele><time>2026-10-07T11:54:22.828Z</time></trkpt><trkpt lat="46.09261" lon="-110.45549"><ele>0</ele><time>2026-10-07T11:54:22.828Z</time></trkpt><trkpt lat="46.09243" lon="-110.45544"><ele>0</ele><time>2026-10-07T11:54:22.828Z</time></trkpt><trkpt lat="46.09172" lon="-110.45496"><ele>0</ele><time>2026-10-07T11:54:22.828Z</time></trkpt><trkpt lat="46.09142" lon="-110.45485"><ele>0</ele><time>2026-10-07T11:54:22.828Z</time></trkpt><trkpt lat="46.09132" lon="-110.45476"><ele>0</ele><time>2026-10-07T11:54:22.828Z</time></trkpt><trkpt lat="46.09078" lon="-110.45461"><ele>0</ele><time>2026-10-07T11:54:22.828Z</time></trkpt><trkpt lat="46.09068" lon="-110.45456"><ele>0</ele><time>2026-10-07T11:54:22.828Z</time></trkpt><trkpt lat="46.09053" lon="-110.45443"><ele>0</ele><time>2026-10-07T11:54:22.828Z</time></trkpt><trkpt lat="46.09045" lon="-110.45441"><ele>0</ele><time>2026-10-07T11:54:22.828Z</time></trkpt><trkpt lat="46.09024" lon="-110.45446"><ele>0</ele><time>2026-10-07T11:54:22.828Z</time></trkpt><trkpt lat="46.09003" lon="-110.45444"><ele>0</ele><time>2026-10-07T11:54:22.828Z</time></trkpt><trkpt lat="46.08978" lon="-110.4546"><ele>0</ele><time>2026-10-07T11:54:22.828Z</time></trkpt><trkpt lat="46.08969" lon="-110.45462"><ele>0</ele><time>2026-10-07T11:54:22.828Z</time></trkpt><trkpt lat="46.08959" lon="-110.45459"><ele>0</ele><time>2026-10-07T11:54:22.828Z</time></trkpt><trkpt lat="46.08951" lon="-110.45452"><ele>0</ele><time>2026-10-07T11:54:22.828Z</time></trkpt><trkpt lat="46.08942" lon="-110.45452"><ele>0</ele><time>2026-10-07T11:54:22.828Z</time></trkpt><trkpt lat="46.08926" lon="-110.4546"><ele>0</ele><time>2026-10-07T11:54:22.828Z</time></trkpt><trkpt lat="46.08922" lon="-110.45471"><ele>0</ele><time>2026-10-07T11:54:22.828Z</time></trkpt><trkpt lat="46.08922" lon="-110.45482"><ele>0</ele><time>2026-10-07T11:54:22.828Z</time></trkpt><trkpt lat="46.08937" lon="-110.45531"><ele>0</ele><time>2026-10-07T11:54:22.828Z</time></trkpt><trkpt lat="46.0894" lon="-110.45555"><ele>0</ele><time>2026-10-07T11:54:22.828Z</time></trkpt><trkpt lat="46.0896" lon="-110.45607"><ele>0</ele><time>2026-10-07T11:54:22.828Z</time></trkpt><trkpt lat="46.08974" lon="-110.45654"><ele>0</ele><time>2026-10-07T11:54:22.828Z</time></trkpt><trkpt lat="46.0898" lon="-110.45696"><ele>0</ele><time>2026-10-07T11:54:22.828Z</time></trkpt><trkpt lat="46.08993" lon="-110.4573"><ele>0</ele><time>2026-10-07T11:54:22.828Z</time></trkpt><trkpt lat="46.09001" lon="-110.45758"><ele>0</ele><time>2026-10-07T11:54:22.828Z</time></trkpt><trkpt lat="46.09027" lon="-110.45817"><ele>0</ele><time>2026-10-07T11:54:22.828Z</time></trkpt><trkpt lat="46.09033" lon="-110.45835"><ele>0</ele><time>2026-10-07T11:54:22.828Z</time></trkpt><trkpt lat="46.09035" lon="-110.45853"><ele>0</ele><time>2026-10-07T11:54:22.828Z</time></trkpt><trkpt lat="46.09052" lon="-110.45892"><ele>0</ele><time>2026-10-07T11:54:22.828Z</time></trkpt><trkpt lat="46.09066" lon="-110.45939"><ele>0</ele><time>2026-10-07T11:54:22.828Z</time></trkpt><trkpt lat="46.09084" lon="-110.4597"><ele>0</ele><time>2026-10-07T11:54:22.828Z</time></trkpt><trkpt lat="46.091" lon="-110.46006"><ele>0</ele><time>2026-10-07T11:54:22.828Z</time></trkpt><trkpt lat="46.09119" lon="-110.46062"><ele>0</ele><time>2026-10-07T11:54:22.828Z</time></trkpt><trkpt lat="46.09125" lon="-110.46087"><ele>0</ele><time>2026-10-07T11:54:22.828Z</time></trkpt><trkpt lat="46.09134" lon="-110.46105"><ele>0</ele><time>2026-10-07T11:54:22.828Z</time></trkpt><trkpt lat="46.09186" lon="-110.46188"><ele>0</ele><time>2026-10-07T11:54:22.828Z</time></trkpt><trkpt lat="46.09194" lon="-110.4622"><ele>0</ele><time>2026-10-07T11:54:22.828Z</time></trkpt><trkpt lat="46.09189" lon="-110.46242"><ele>0</ele><time>2026-10-07T11:54:22.828Z</time></trkpt><trkpt lat="46.09183" lon="-110.46248"><ele>0</ele><time>2026-10-07T11:54:22.828Z</time></trkpt><trkpt lat="46.09175" lon="-110.46242"><ele>0</ele><time>2026-10-07T11:54:22.828Z</time></trkpt><trkpt lat="46.09174" lon="-110.4622"><ele>0</ele><time>2026-10-07T11:54:22.828Z</time></trkpt><trkpt lat="46.09171" lon="-110.4621"><ele>0</ele><time>2026-10-07T11:54:22.828Z</time></trkpt><trkpt lat="46.09168" lon="-110.46207"><ele>0</ele><time>2026-10-07T11:54:22.828Z</time></trkpt><trkpt lat="46.09148" lon="-110.46205"><ele>0</ele><time>2026-10-07T11:54:22.828Z</time></trkpt><trkpt lat="46.09143" lon="-110.46201"><ele>0</ele><time>2026-10-07T11:54:22.828Z</time></trkpt><trkpt lat="46.09139" lon="-110.46183"><ele>0</ele><time>2026-10-07T11:54:22.828Z</time></trkpt><trkpt lat="46.0913" lon="-110.46175"><ele>0</ele><time>2026-10-07T11:54:22.828Z</time></trkpt><trkpt lat="46.09128" lon="-110.4617"><ele>0</ele><time>2026-10-07T11:54:22.828Z</time></trkpt><trkpt lat="46.09119" lon="-110.46166"><ele>0</ele><time>2026-10-07T11:54:22.828Z</time></trkpt><trkpt lat="46.09115" lon="-110.46157"><ele>0</ele><time>2026-10-07T11:54:22.828Z</time></trkpt><trkpt lat="46.09108" lon="-110.46153"><ele>0</ele><time>2026-10-07T11:54:22.828Z</time></trkpt><trkpt lat="46.09104" lon="-110.46144"><ele>0</ele><time>2026-10-07T11:54:22.828Z</time></trkpt><trkpt lat="46.09099" lon="-110.46141"><ele>0</ele><time>2026-10-07T11:54:22.828Z</time></trkpt><trkpt lat="46.09096" lon="-110.46132"><ele>0</ele><time>2026-10-07T11:54:22.828Z</time></trkpt><trkpt lat="46.09088" lon="-110.46131"><ele>0</ele><time>2026-10-07T11:54:22.828Z</time></trkpt><trkpt lat="46.0908" lon="-110.4611"><ele>0</ele><time>2026-10-07T11:54:22.828Z</time></trkpt><trkpt lat="46.0907" lon="-110.46102"><ele>0</ele><time>2026-10-07T11:54:22.828Z</time></trkpt><trkpt lat="46.09068" lon="-110.46089"><ele>0</ele><time>2026-10-07T11:54:22.828Z</time></trkpt><trkpt lat="46.09059" lon="-110.46084"><ele>0</ele><time>2026-10-07T11:54:22.828Z</time></trkpt><trkpt lat="46.09054" lon="-110.46076"><ele>0</ele><time>2026-10-07T11:54:22.828Z</time></trkpt><trkpt lat="46.09047" lon="-110.46072"><ele>0</ele><time>2026-10-07T11:54:22.828Z</time></trkpt><trkpt lat="46.09036" lon="-110.46043"><ele>0</ele><time>2026-10-07T11:54:22.828Z</time></trkpt><trkpt lat="46.09027" lon="-110.46039"><ele>0</ele><time>2026-10-07T11:54:22.828Z</time></trkpt><trkpt lat="46.09019" lon="-110.46019"><ele>0</ele><time>2026-10-07T11:54:22.828Z</time></trkpt><trkpt lat="46.09014" lon="-110.46014"><ele>0</ele><time>2026-10-07T11:54:22.828Z</time></trkpt><trkpt lat="46.09007" lon="-110.46013"><ele>0</ele><time>2026-10-07T11:54:22.828Z</time></trkpt><trkpt lat="46.09002" lon="-110.46003"><ele>0</ele><time>2026-10-07T11:54:22.828Z</time></trkpt><trkpt lat="46.08991" lon="-110.45999"><ele>0</ele><time>2026-10-07T11:54:22.828Z</time></trkpt><trkpt lat="46.08985" lon="-110.45993"><ele>0</ele><time>2026-10-07T11:54:22.828Z</time></trkpt><trkpt lat="46.08982" lon="-110.45985"><ele>0</ele><time>2026-10-07T11:54:22.828Z</time></trkpt><trkpt lat="46.08976" lon="-110.45984"><ele>0</ele><time>2026-10-07T11:54:22.828Z</time></trkpt><trkpt lat="46.08969" lon="-110.45974"><ele>0</ele><time>2026-10-07T11:54:22.828Z</time></trkpt><trkpt lat="46.08953" lon="-110.45961"><ele>0</ele><time>2026-10-07T11:54:22.828Z</time></trkpt><trkpt lat="46.08913" lon="-110.45942"><ele>0</ele><time>2026-10-07T11:54:22.828Z</time></trkpt><trkpt lat="46.08906" lon="-110.45941"><ele>0</ele><time>2026-10-07T11:54:22.828Z</time></trkpt><trkpt lat="46.08895" lon="-110.45944"><ele>0</ele><time>2026-10-07T11:54:22.828Z</time></trkpt><trkpt lat="46.08876" lon="-110.45959"><ele>0</ele><time>2026-10-07T11:54:22.828Z</time></trkpt><trkpt lat="46.08864" lon="-110.45959"><ele>0</ele><time>2026-10-07T11:54:22.828Z</time></trkpt><trkpt lat="46.08847" lon="-110.45929"><ele>0</ele><time>2026-10-07T11:54:22.828Z</time></trkpt><trkpt lat="46.08828" lon="-110.45903"><ele>0</ele><time>2026-10-07T11:54:22.828Z</time></trkpt><trkpt lat="46.08822" lon="-110.4589"><ele>0</ele><time>2026-10-07T11:54:22.828Z</time></trkpt><trkpt lat="46.08801" lon="-110.45859"><ele>0</ele><time>2026-10-07T11:54:22.828Z</time></trkpt><trkpt lat="46.08772" lon="-110.45827"><ele>0</ele><time>2026-10-07T11:54:22.828Z</time></trkpt><trkpt lat="46.08756" lon="-110.45818"><ele>0</ele><time>2026-10-07T11:54:22.828Z</time></trkpt><trkpt lat="46.08723" lon="-110.45811"><ele>0</ele><time>2026-10-07T11:54:22.828Z</time></trkpt><trkpt lat="46.08706" lon="-110.45814"><ele>0</ele><time>2026-10-07T11:54:22.828Z</time></trkpt><trkpt lat="46.08656" lon="-110.4584"><ele>0</ele><time>2026-10-07T11:54:22.828Z</time></trkpt><trkpt lat="46.08634" lon="-110.45863"><ele>0</ele><time>2026-10-07T11:54:22.828Z</time></trkpt><trkpt lat="46.08611" lon="-110.45873"><ele>0</ele><time>2026-10-07T11:54:22.828Z</time></trkpt><trkpt lat="46.08596" lon="-110.45888"><ele>0</ele><time>2026-10-07T11:54:22.828Z</time></trkpt><trkpt lat="46.08587" lon="-110.45904"><ele>0</ele><time>2026-10-07T11:54:22.828Z</time></trkpt><trkpt lat="46.08579" lon="-110.45912"><ele>0</ele><time>2026-10-07T11:54:22.828Z</time></trkpt><trkpt lat="46.08549" lon="-110.4599"><ele>0</ele><time>2026-10-07T11:54:22.828Z</time></trkpt><trkpt lat="46.0854" lon="-110.46004"><ele>0</ele><time>2026-10-07T11:54:22.828Z</time></trkpt><trkpt lat="46.08531" lon="-110.46013"><ele>0</ele><time>2026-10-07T11:54:22.828Z</time></trkpt><trkpt lat="46.08499" lon="-110.46021"><ele>0</ele><time>2026-10-07T11:54:22.828Z</time></trkpt><trkpt lat="46.08471" lon="-110.46043"><ele>0</ele><time>2026-10-07T11:54:22.828Z</time></trkpt><trkpt lat="46.08459" lon="-110.46045"><ele>0</ele><time>2026-10-07T11:54:22.828Z</time></trkpt><trkpt lat="46.08445" lon="-110.4604"><ele>0</ele><time>2026-10-07T11:54:22.828Z</time></trkpt><trkpt lat="46.08421" lon="-110.46024"><ele>0</ele><time>2026-10-07T11:54:22.828Z</time></trkpt><trkpt lat="46.08418" lon="-110.46019"><ele>0</ele><time>2026-10-07T11:54:22.828Z</time></trkpt><trkpt lat="46.08408" lon="-110.46012"><ele>0</ele><time>2026-10-07T11:54:22.828Z</time></trkpt><trkpt lat="46.0839" lon="-110.46006"><ele>0</ele><time>2026-10-07T11:54:22.828Z</time></trkpt><trkpt lat="46.08372" lon="-110.46009"><ele>0</ele><time>2026-10-07T11:54:22.828Z</time></trkpt><trkpt lat="46.08306" lon="-110.46002"><ele>0</ele><time>2026-10-07T11:54:22.828Z</time></trkpt><trkpt lat="46.08286" lon="-110.45986"><ele>0</ele><time>2026-10-07T11:54:22.828Z</time></trkpt><trkpt lat="46.08276" lon="-110.45975"><ele>0</ele><time>2026-10-07T11:54:22.828Z</time></trkpt><trkpt lat="46.08269" lon="-110.45973"><ele>0</ele><time>2026-10-07T11:54:22.828Z</time></trkpt><trkpt lat="46.08256" lon="-110.45991"><ele>0</ele><time>2026-10-07T11:54:22.828Z</time></trkpt><trkpt lat="46.08249" lon="-110.45996"><ele>0</ele><time>2026-10-07T11:54:22.828Z</time></trkpt><trkpt lat="46.08229" lon="-110.46041"><ele>0</ele><time>2026-10-07T11:54:22.828Z</time></trkpt><trkpt lat="46.08222" lon="-110.46082"><ele>0</ele><time>2026-10-07T11:54:22.828Z</time></trkpt><trkpt lat="46.08216" lon="-110.461"><ele>0</ele><time>2026-10-07T11:54:22.828Z</time></trkpt><trkpt lat="46.08212" lon="-110.46105"><ele>0</ele><time>2026-10-07T11:54:22.828Z</time></trkpt><trkpt lat="46.08204" lon="-110.46109"><ele>0</ele><time>2026-10-07T11:54:22.828Z</time></trkpt><trkpt lat="46.08195" lon="-110.46109"><ele>0</ele><time>2026-10-07T11:54:22.828Z</time></trkpt><trkpt lat="46.08128" lon="-110.46083"><ele>0</ele><time>2026-10-07T11:54:22.828Z</time></trkpt><trkpt lat="46.08114" lon="-110.46082"><ele>0</ele><time>2026-10-07T11:54:22.828Z</time></trkpt><trkpt lat="46.08104" lon="-110.46075"><ele>0</ele><time>2026-10-07T11:54:22.828Z</time></trkpt><trkpt lat="46.08092" lon="-110.46089"><ele>0</ele><time>2026-10-07T11:54:22.828Z</time></trkpt><trkpt lat="46.08039" lon="-110.46086"><ele>0</ele><time>2026-10-07T11:54:22.828Z</time></trkpt><trkpt lat="46.08032" lon="-110.46079"><ele>0</ele><time>2026-10-07T11:54:22.828Z</time></trkpt><trkpt lat="46.08016" lon="-110.46018"><ele>0</ele><time>2026-10-07T11:54:22.828Z</time></trkpt><trkpt lat="46.08013" lon="-110.45999"><ele>0</ele><time>2026-10-07T11:54:22.828Z</time></trkpt><trkpt lat="46.08001" lon="-110.4597"><ele>0</ele><time>2026-10-07T11:54:22.828Z</time></trkpt><trkpt lat="46.08001" lon="-110.45948"><ele>0</ele><time>2026-10-07T11:54:22.828Z</time></trkpt><trkpt lat="46.07995" lon="-110.45936"><ele>0</ele><time>2026-10-07T11:54:22.828Z</time></trkpt><trkpt lat="46.07993" lon="-110.45913"><ele>0</ele><time>2026-10-07T11:54:22.828Z</time></trkpt><trkpt lat="46.07981" lon="-110.4588"><ele>0</ele><time>2026-10-07T11:54:22.828Z</time></trkpt><trkpt lat="46.07979" lon="-110.45862"><ele>0</ele><time>2026-10-07T11:54:22.828Z</time></trkpt><trkpt lat="46.0797" lon="-110.45853"><ele>0</ele><time>2026-10-07T11:54:22.828Z</time></trkpt><trkpt lat="46.07963" lon="-110.45838"><ele>0</ele><time>2026-10-07T11:54:22.828Z</time></trkpt><trkpt lat="46.07953" lon="-110.45825"><ele>0</ele><time>2026-10-07T11:54:22.828Z</time></trkpt><trkpt lat="46.07949" lon="-110.45808"><ele>0</ele><time>2026-10-07T11:54:22.828Z</time></trkpt><trkpt lat="46.07947" lon="-110.45794"><ele>0</ele><time>2026-10-07T11:54:22.828Z</time></trkpt><trkpt lat="46.07948" lon="-110.45716"><ele>0</ele><time>2026-10-07T11:54:22.828Z</time></trkpt><trkpt lat="46.07954" lon="-110.45698"><ele>0</ele><time>2026-10-07T11:54:22.828Z</time></trkpt><trkpt lat="46.07954" lon="-110.45682"><ele>0</ele><time>2026-10-07T11:54:22.828Z</time></trkpt><trkpt lat="46.07946" lon="-110.45627"><ele>0</ele><time>2026-10-07T11:54:22.828Z</time></trkpt><trkpt lat="46.07951" lon="-110.45562"><ele>0</ele><time>2026-10-07T11:54:22.828Z</time></trkpt><trkpt lat="46.07941" lon="-110.45497"><ele>0</ele><time>2026-10-07T11:54:22.828Z</time></trkpt><trkpt lat="46.0794" lon="-110.4547"><ele>0</ele><time>2026-10-07T11:54:22.828Z</time></trkpt><trkpt lat="46.07923" lon="-110.45431"><ele>0</ele><time>2026-10-07T11:54:22.828Z</time></trkpt><trkpt lat="46.07921" lon="-110.45419"><ele>0</ele><time>2026-10-07T11:54:22.828Z</time></trkpt><trkpt lat="46.07904" lon="-110.45359"><ele>0</ele><time>2026-10-07T11:54:22.828Z</time></trkpt><trkpt lat="46.07894" lon="-110.45339"><ele>0</ele><time>2026-10-07T11:54:22.828Z</time></trkpt><trkpt lat="46.07882" lon="-110.45297"><ele>0</ele><time>2026-10-07T11:54:22.828Z</time></trkpt><trkpt lat="46.07871" lon="-110.45279"><ele>0</ele><time>2026-10-07T11:54:22.828Z</time></trkpt><trkpt lat="46.07864" lon="-110.45242"><ele>0</ele><time>2026-10-07T11:54:22.828Z</time></trkpt><trkpt lat="46.07845" lon="-110.45203"><ele>0</ele><time>2026-10-07T11:54:22.828Z</time></trkpt><trkpt lat="46.07823" lon="-110.45165"><ele>0</ele><time>2026-10-07T11:54:22.828Z</time></trkpt><trkpt lat="46.07815" lon="-110.45155"><ele>0</ele><time>2026-10-07T11:54:22.828Z</time></trkpt><trkpt lat="46.07794" lon="-110.45141"><ele>0</ele><time>2026-10-07T11:54:22.828Z</time></trkpt><trkpt lat="46.07777" lon="-110.45122"><ele>0</ele><time>2026-10-07T11:54:22.828Z</time></trkpt><trkpt lat="46.07734" lon="-110.45086"><ele>0</ele><time>2026-10-07T11:54:22.828Z</time></trkpt><trkpt lat="46.07704" lon="-110.45076"><ele>0</ele><time>2026-10-07T11:54:22.828Z</time></trkpt><trkpt lat="46.07602" lon="-110.45056"><ele>0</ele><time>2026-10-07T11:54:22.828Z</time></trkpt><trkpt lat="46.07558" lon="-110.45021"><ele>0</ele><time>2026-10-07T11:54:22.828Z</time></trkpt><trkpt lat="46.07516" lon="-110.45003"><ele>0</ele><time>2026-10-07T11:54:22.828Z</time></trkpt><trkpt lat="46.07489" lon="-110.44999"><ele>0</ele><time>2026-10-07T11:54:22.828Z</time></trkpt><trkpt lat="46.07481" lon="-110.45002"><ele>0</ele><time>2026-10-07T11:54:22.828Z</time></trkpt><trkpt lat="46.07481" lon="-110.45008"><ele>0</ele><time>2026-10-07T11:54:22.828Z</time></trkpt><trkpt lat="46.07489" lon="-110.4502"><ele>0</ele><time>2026-10-07T11:54:22.828Z</time></trkpt><trkpt lat="46.07487" lon="-110.45034"><ele>0</ele><time>2026-10-07T11:54:22.828Z</time></trkpt><trkpt lat="46.07478" lon="-110.45039"><ele>0</ele><time>2026-10-07T11:54:22.828Z</time></trkpt><trkpt lat="46.07469" lon="-110.45024"><ele>0</ele><time>2026-10-07T11:54:22.828Z</time></trkpt><trkpt lat="46.07463" lon="-110.45028"><ele>0</ele><time>2026-10-07T11:54:22.828Z</time></trkpt><trkpt lat="46.07462" lon="-110.45038"><ele>0</ele><time>2026-10-07T11:54:22.828Z</time></trkpt><trkpt lat="46.07464" lon="-110.45069"><ele>0</ele><time>2026-10-07T11:54:22.828Z</time></trkpt><trkpt lat="46.07468" lon="-110.45095"><ele>0</ele><time>2026-10-07T11:54:22.828Z</time></trkpt><trkpt lat="46.07466" lon="-110.45105"><ele>0</ele><time>2026-10-07T11:54:22.828Z</time></trkpt><trkpt lat="46.07455" lon="-110.45129"><ele>0</ele><time>2026-10-07T11:54:22.828Z</time></trkpt><trkpt lat="46.07451" lon="-110.4515"><ele>0</ele><time>2026-10-07T11:54:22.828Z</time></trkpt><trkpt lat="46.07439" lon="-110.45167"><ele>0</ele><time>2026-10-07T11:54:22.828Z</time></trkpt><trkpt lat="46.07426" lon="-110.45169"><ele>0</ele><time>2026-10-07T11:54:22.828Z</time></trkpt><trkpt lat="46.07421" lon="-110.45173"><ele>0</ele><time>2026-10-07T11:54:22.828Z</time></trkpt><trkpt lat="46.07417" lon="-110.45184"><ele>0</ele><time>2026-10-07T11:54:22.828Z</time></trkpt><trkpt lat="46.07417" lon="-110.45195"><ele>0</ele><time>2026-10-07T11:54:22.828Z</time></trkpt><trkpt lat="46.07418" lon="-110.45209"><ele>0</ele><time>2026-10-07T11:54:22.828Z</time></trkpt><trkpt lat="46.07471" lon="-110.45282"><ele>0</ele><time>2026-10-07T11:54:22.828Z</time></trkpt><trkpt lat="46.07495" lon="-110.4531"><ele>0</ele><time>2026-10-07T11:54:22.828Z</time></trkpt><trkpt lat="46.07506" lon="-110.45347"><ele>0</ele><time>2026-10-07T11:54:22.828Z</time></trkpt><trkpt lat="46.0751" lon="-110.45371"><ele>0</ele><time>2026-10-07T11:54:22.828Z</time></trkpt><trkpt lat="46.07501" lon="-110.45391"><ele>0</ele><time>2026-10-07T11:54:22.828Z</time></trkpt><trkpt lat="46.07497" lon="-110.45395"><ele>0</ele><time>2026-10-07T11:54:22.828Z</time></trkpt><trkpt lat="46.0749" lon="-110.45429"><ele>0</ele><time>2026-10-07T11:54:22.828Z</time></trkpt><trkpt lat="46.07488" lon="-110.45432"><ele>0</ele><time>2026-10-07T11:54:22.828Z</time></trkpt><trkpt lat="46.07483" lon="-110.45431"><ele>0</ele><time>2026-10-07T11:54:22.828Z</time></trkpt><trkpt lat="46.0748" lon="-110.45426"><ele>0</ele><time>2026-10-07T11:54:22.828Z</time></trkpt><trkpt lat="46.07477" lon="-110.45401"><ele>0</ele><time>2026-10-07T11:54:22.828Z</time></trkpt><trkpt lat="46.07453" lon="-110.45334"><ele>0</ele><time>2026-10-07T11:54:22.828Z</time></trkpt><trkpt lat="46.07428" lon="-110.45302"><ele>0</ele><time>2026-10-07T11:54:22.828Z</time></trkpt><trkpt lat="46.07422" lon="-110.45297"><ele>0</ele><time>2026-10-07T11:54:22.828Z</time></trkpt><trkpt lat="46.07418" lon="-110.45298"><ele>0</ele><time>2026-10-07T11:54:22.828Z</time></trkpt><trkpt lat="46.07426" lon="-110.45326"><ele>0</ele><time>2026-10-07T11:54:22.828Z</time></trkpt><trkpt lat="46.07426" lon="-110.45348"><ele>0</ele><time>2026-10-07T11:54:22.828Z</time></trkpt><trkpt lat="46.07433" lon="-110.45357"><ele>0</ele><time>2026-10-07T11:54:22.828Z</time></trkpt><trkpt lat="46.07434" lon="-110.45364"><ele>0</ele><time>2026-10-07T11:54:22.828Z</time></trkpt><trkpt lat="46.07434" lon="-110.45377"><ele>0</ele><time>2026-10-07T11:54:22.828Z</time></trkpt><trkpt lat="46.07437" lon="-110.45389"><ele>0</ele><time>2026-10-07T11:54:22.828Z</time></trkpt><trkpt lat="46.07437" lon="-110.45452"><ele>0</ele><time>2026-10-07T11:54:22.828Z</time></trkpt><trkpt lat="46.07404" lon="-110.45487"><ele>0</ele><time>2026-10-07T11:54:22.828Z</time></trkpt><trkpt lat="46.07363" lon="-110.45513"><ele>0</ele><time>2026-10-07T11:54:22.828Z</time></trkpt><trkpt lat="46.0735" lon="-110.45532"><ele>0</ele><time>2026-10-07T11:54:22.828Z</time></trkpt><trkpt lat="46.07323" lon="-110.4559"><ele>0</ele><time>2026-10-07T11:54:22.828Z</time></trkpt><trkpt lat="46.07305" lon="-110.45615"><ele>0</ele><time>2026-10-07T11:54:22.828Z</time></trkpt><trkpt lat="46.07288" lon="-110.45654"><ele>0</ele><time>2026-10-07T11:54:22.828Z</time></trkpt><trkpt lat="46.07263" lon="-110.45694"><ele>0</ele><time>2026-10-07T11:54:22.828Z</time></trkpt><trkpt lat="46.07254" lon="-110.45701"><ele>0</ele><time>2026-10-07T11:54:22.828Z</time></trkpt><trkpt lat="46.07244" lon="-110.45704"><ele>0</ele><time>2026-10-07T11:54:22.828Z</time></trkpt><trkpt lat="46.07233" lon="-110.45733"><ele>0</ele><time>2026-10-07T11:54:22.828Z</time></trkpt><trkpt lat="46.07212" lon="-110.4577"><ele>0</ele><time>2026-10-07T11:54:22.828Z</time></trkpt><trkpt lat="46.07206" lon="-110.45794"><ele>0</ele><time>2026-10-07T11:54:22.828Z</time></trkpt><trkpt lat="46.07181" lon="-110.4584"><ele>0</ele><time>2026-10-07T11:54:22.828Z</time></trkpt><trkpt lat="46.0713" lon="-110.4586"><ele>0</ele><time>2026-10-07T11:54:22.828Z</time></trkpt><trkpt lat="46.07104" lon="-110.45899"><ele>0</ele><time>2026-10-07T11:54:22.828Z</time></trkpt><trkpt lat="46.07093" lon="-110.45911"><ele>0</ele><time>2026-10-07T11:54:22.828Z</time></trkpt><trkpt lat="46.07087" lon="-110.45925"><ele>0</ele><time>2026-10-07T11:54:22.828Z</time></trkpt><trkpt lat="46.07074" lon="-110.45938"><ele>0</ele><time>2026-10-07T11:54:22.828Z</time></trkpt><trkpt lat="46.07037" lon="-110.45947"><ele>0</ele><time>2026-10-07T11:54:22.828Z</time></trkpt><trkpt lat="46.07027" lon="-110.45961"><ele>0</ele><time>2026-10-07T11:54:22.828Z</time></trkpt><trkpt lat="46.07023" lon="-110.45959"><ele>0</ele><time>2026-10-07T11:54:22.828Z</time></trkpt><trkpt lat="46.07006" lon="-110.45932"><ele>0</ele><time>2026-10-07T11:54:22.828Z</time></trkpt><trkpt lat="46.06995" lon="-110.45906"><ele>0</ele><time>2026-10-07T11:54:22.828Z</time></trkpt><trkpt lat="46.06988" lon="-110.45872"><ele>0</ele><time>2026-10-07T11:54:22.828Z</time></trkpt><trkpt lat="46.06986" lon="-110.45847"><ele>0</ele><time>2026-10-07T11:54:22.828Z</time></trkpt><trkpt lat="46.06971" lon="-110.45786"><ele>0</ele><time>2026-10-07T11:54:22.828Z</time></trkpt><trkpt lat="46.06964" lon="-110.45766"><ele>0</ele><time>2026-10-07T11:54:22.828Z</time></trkpt><trkpt lat="46.06949" lon="-110.45756"><ele>0</ele><time>2026-10-07T11:54:22.828Z</time></trkpt><trkpt lat="46.0694" lon="-110.4574"><ele>0</ele><time>2026-10-07T11:54:22.828Z</time></trkpt><trkpt lat="46.06925" lon="-110.45719"><ele>0</ele><time>2026-10-07T11:54:22.828Z</time></trkpt><trkpt lat="46.06886" lon="-110.45674"><ele>0</ele><time>2026-10-07T11:54:22.828Z</time></trkpt><trkpt lat="46.06868" lon="-110.4566"><ele>0</ele><time>2026-10-07T11:54:22.828Z</time></trkpt><trkpt lat="46.06852" lon="-110.45661"><ele>0</ele><time>2026-10-07T11:54:22.828Z</time></trkpt><trkpt lat="46.06817" lon="-110.45648"><ele>0</ele><time>2026-10-07T11:54:22.828Z</time></trkpt><trkpt lat="46.06804" lon="-110.45638"><ele>0</ele><time>2026-10-07T11:54:22.828Z</time></trkpt><trkpt lat="46.06787" lon="-110.45605"><ele>0</ele><time>2026-10-07T11:54:22.828Z</time></trkpt><trkpt lat="46.06779" lon="-110.45596"><ele>0</ele><time>2026-10-07T11:54:22.828Z</time></trkpt><trkpt lat="46.06759" lon="-110.45608"><ele>0</ele><time>2026-10-07T11:54:22.828Z</time></trkpt><trkpt lat="46.06687" lon="-110.45603"><ele>0</ele><time>2026-10-07T11:54:22.828Z</time></trkpt><trkpt lat="46.06649" lon="-110.45612"><ele>0</ele><time>2026-10-07T11:54:22.828Z</time></trkpt><trkpt lat="46.0662" lon="-110.45616"><ele>0</ele><time>2026-10-07T11:54:22.828Z</time></trkpt><trkpt lat="46.06579" lon="-110.45636"><ele>0</ele><time>2026-10-07T11:54:22.828Z</time></trkpt><trkpt lat="46.06541" lon="-110.4561"><ele>0</ele><time>2026-10-07T11:54:22.828Z</time></trkpt><trkpt lat="46.06522" lon="-110.45594"><ele>0</ele><time>2026-10-07T11:54:22.828Z</time></trkpt><trkpt lat="46.06511" lon="-110.45581"><ele>0</ele><time>2026-10-07T11:54:22.828Z</time></trkpt><trkpt lat="46.06488" lon="-110.45562"><ele>0</ele><time>2026-10-07T11:54:22.828Z</time></trkpt><trkpt lat="46.06463" lon="-110.45528"><ele>0</ele><time>2026-10-07T11:54:22.828Z</time></trkpt><trkpt lat="46.06456" lon="-110.45514"><ele>0</ele><time>2026-10-07T11:54:22.828Z</time></trkpt><trkpt lat="46.06454" lon="-110.45502"><ele>0</ele><time>2026-10-07T11:54:22.828Z</time></trkpt><trkpt lat="46.06457" lon="-110.45466"><ele>0</ele><time>2026-10-07T11:54:22.828Z</time></trkpt><trkpt lat="46.06458" lon="-110.45411"><ele>0</ele><time>2026-10-07T11:54:22.828Z</time></trkpt><trkpt lat="46.06462" lon="-110.45385"><ele>0</ele><time>2026-10-07T11:54:22.828Z</time></trkpt><trkpt lat="46.065" lon="-110.45341"><ele>0</ele><time>2026-10-07T11:54:22.828Z</time></trkpt><trkpt lat="46.06503" lon="-110.4533"><ele>0</ele><time>2026-10-07T11:54:22.828Z</time></trkpt><trkpt lat="46.06505" lon="-110.45303"><ele>0</ele><time>2026-10-07T11:54:22.828Z</time></trkpt><trkpt lat="46.065" lon="-110.45276"><ele>0</ele><time>2026-10-07T11:54:22.828Z</time></trkpt><trkpt lat="46.06504" lon="-110.45214"><ele>0</ele><time>2026-10-07T11:54:22.828Z</time></trkpt><trkpt lat="46.06518" lon="-110.45176"><ele>0</ele><time>2026-10-07T11:54:22.828Z</time></trkpt><trkpt lat="46.06528" lon="-110.4513"><ele>0</ele><time>2026-10-07T11:54:22.828Z</time></trkpt><trkpt lat="46.06537" lon="-110.45117"><ele>0</ele><time>2026-10-07T11:54:22.828Z</time></trkpt><trkpt lat="46.06537" lon="-110.45114"><ele>0</ele><time>2026-10-07T11:54:22.828Z</time></trkpt><trkpt lat="46.06531" lon="-110.45112"><ele>0</ele><time>2026-10-07T11:54:22.828Z</time></trkpt><trkpt lat="46.06515" lon="-110.45151"><ele>0</ele><time>2026-10-07T11:54:22.828Z</time></trkpt><trkpt lat="46.06511" lon="-110.4517"><ele>0</ele><time>2026-10-07T11:54:22.828Z</time></trkpt><trkpt lat="46.06495" lon="-110.45184"><ele>0</ele><time>2026-10-07T11:54:22.828Z</time></trkpt><trkpt lat="46.06475" lon="-110.45247"><ele>0</ele><time>2026-10-07T11:54:22.828Z</time></trkpt><trkpt lat="46.06465" lon="-110.45285"><ele>0</ele><time>2026-10-07T11:54:22.828Z</time></trkpt><trkpt lat="46.06459" lon="-110.45292"><ele>0</ele><time>2026-10-07T11:54:22.828Z</time></trkpt><trkpt lat="46.06448" lon="-110.45311"><ele>0</ele><time>2026-10-07T11:54:22.828Z</time></trkpt><trkpt lat="46.06446" lon="-110.45305"><ele>0</ele><time>2026-10-07T11:54:22.828Z</time></trkpt><trkpt lat="46.06453" lon="-110.45293"><ele>0</ele><time>2026-10-07T11:54:22.828Z</time></trkpt><trkpt lat="46.06455" lon="-110.4528"><ele>0</ele><time>2026-10-07T11:54:22.828Z</time></trkpt><trkpt lat="46.06455" lon="-110.45253"><ele>0</ele><time>2026-10-07T11:54:22.828Z</time></trkpt><trkpt lat="46.0646" lon="-110.45235"><ele>0</ele><time>2026-10-07T11:54:22.828Z</time></trkpt><trkpt lat="46.06463" lon="-110.45203"><ele>0</ele><time>2026-10-07T11:54:22.828Z</time></trkpt><trkpt lat="46.0647" lon="-110.45163"><ele>0</ele><time>2026-10-07T11:54:22.828Z</time></trkpt><trkpt lat="46.06468" lon="-110.45159"><ele>0</ele><time>2026-10-07T11:54:22.828Z</time></trkpt><trkpt lat="46.06454" lon="-110.45178"><ele>0</ele><time>2026-10-07T11:54:22.828Z</time></trkpt><trkpt lat="46.06439" lon="-110.45217"><ele>0</ele><time>2026-10-07T11:54:22.828Z</time></trkpt><trkpt lat="46.06434" lon="-110.45225"><ele>0</ele><time>2026-10-07T11:54:22.828Z</time></trkpt><trkpt lat="46.06428" lon="-110.45247"><ele>0</ele><time>2026-10-07T11:54:22.828Z</time></trkpt><trkpt lat="46.06425" lon="-110.45275"><ele>0</ele><time>2026-10-07T11:54:22.828Z</time></trkpt><trkpt lat="46.06422" lon="-110.45277"><ele>0</ele><time>2026-10-07T11:54:22.828Z</time></trkpt><trkpt lat="46.06419" lon="-110.45273"><ele>0</ele><time>2026-10-07T11:54:22.828Z</time></trkpt><trkpt lat="46.06425" lon="-110.45185"><ele>0</ele><time>2026-10-07T11:54:22.828Z</time></trkpt><trkpt lat="46.06423" lon="-110.45174"><ele>0</ele><time>2026-10-07T11:54:22.828Z</time></trkpt><trkpt lat="46.06428" lon="-110.45142"><ele>0</ele><time>2026-10-07T11:54:22.828Z</time></trkpt><trkpt lat="46.06432" lon="-110.45129"><ele>0</ele><time>2026-10-07T11:54:22.828Z</time></trkpt><trkpt lat="46.06429" lon="-110.45126"><ele>0</ele><time>2026-10-07T11:54:22.828Z</time></trkpt><trkpt lat="46.06423" lon="-110.45127"><ele>0</ele><time>2026-10-07T11:54:22.828Z</time></trkpt><trkpt lat="46.06418" lon="-110.45146"><ele>0</ele><time>2026-10-07T11:54:22.828Z</time></trkpt><trkpt lat="46.06414" lon="-110.45151"><ele>0</ele><time>2026-10-07T11:54:22.828Z</time></trkpt><trkpt lat="46.06414" lon="-110.45158"><ele>0</ele><time>2026-10-07T11:54:22.828Z</time></trkpt><trkpt lat="46.06398" lon="-110.45219"><ele>0</ele><time>2026-10-07T11:54:22.828Z</time></trkpt><trkpt lat="46.06384" lon="-110.4526"><ele>0</ele><time>2026-10-07T11:54:22.828Z</time></trkpt><trkpt lat="46.06368" lon="-110.45293"><ele>0</ele><time>2026-10-07T11:54:22.828Z</time></trkpt><trkpt lat="46.06356" lon="-110.45308"><ele>0</ele><time>2026-10-07T11:54:22.828Z</time></trkpt><trkpt lat="46.06352" lon="-110.45348"><ele>0</ele><time>2026-10-07T11:54:22.828Z</time></trkpt><trkpt lat="46.06357" lon="-110.45406"><ele>0</ele><time>2026-10-07T11:54:22.828Z</time></trkpt><trkpt lat="46.06355" lon="-110.45405"><ele>0</ele><time>2026-10-07T11:54:22.828Z</time></trkpt><trkpt lat="46.06351" lon="-110.45388"><ele>0</ele><time>2026-10-07T11:54:22.828Z</time></trkpt><trkpt lat="46.06338" lon="-110.45358"><ele>0</ele><time>2026-10-07T11:54:22.828Z</time></trkpt><trkpt lat="46.06335" lon="-110.45346"><ele>0</ele><time>2026-10-07T11:54:22.828Z</time></trkpt><trkpt lat="46.06336" lon="-110.45314"><ele>0</ele><time>2026-10-07T11:54:22.828Z</time></trkpt><trkpt lat="46.06341" lon="-110.45285"><ele>0</ele><time>2026-10-07T11:54:22.828Z</time></trkpt><trkpt lat="46.06351" lon="-110.45254"><ele>0</ele><time>2026-10-07T11:54:22.828Z</time></trkpt><trkpt lat="46.06351" lon="-110.45246"><ele>0</ele><time>2026-10-07T11:54:22.828Z</time></trkpt><trkpt lat="46.06344" lon="-110.45218"><ele>0</ele><time>2026-10-07T11:54:22.828Z</time></trkpt><trkpt lat="46.06342" lon="-110.45203"><ele>0</ele><time>2026-10-07T11:54:22.828Z</time></trkpt><trkpt lat="46.06345" lon="-110.45183"><ele>0</ele><time>2026-10-07T11:54:22.828Z</time></trkpt><trkpt lat="46.06339" lon="-110.4513"><ele>0</ele><time>2026-10-07T11:54:22.828Z</time></trkpt><trkpt lat="46.0634" lon="-110.45113"><ele>0</ele><time>2026-10-07T11:54:22.828Z</time></trkpt><trkpt lat="46.06343" lon="-110.45103"><ele>0</ele><time>2026-10-07T11:54:22.828Z</time></trkpt><trkpt lat="46.0635" lon="-110.45094"><ele>0</ele><time>2026-10-07T11:54:22.828Z</time></trkpt><trkpt lat="46.06395" lon="-110.45052"><ele>0</ele><time>2026-10-07T11:54:22.828Z</time></trkpt><trkpt lat="46.06412" lon="-110.44999"><ele>0</ele><time>2026-10-07T11:54:22.828Z</time></trkpt><trkpt lat="46.06425" lon="-110.44968"><ele>0</ele><time>2026-10-07T11:54:22.828Z</time></trkpt><trkpt lat="46.06438" lon="-110.44957"><ele>0</ele><time>2026-10-07T11:54:22.828Z</time></trkpt><trkpt lat="46.0644" lon="-110.44922"><ele>0</ele><time>2026-10-07T11:54:22.828Z</time></trkpt><trkpt lat="46.06447" lon="-110.44894"><ele>0</ele><time>2026-10-07T11:54:22.828Z</time></trkpt><trkpt lat="46.06444" lon="-110.44858"><ele>0</ele><time>2026-10-07T11:54:22.828Z</time></trkpt><trkpt lat="46.06445" lon="-110.44828"><ele>0</ele><time>2026-10-07T11:54:22.828Z</time></trkpt><trkpt lat="46.06448" lon="-110.44824"><ele>0</ele><time>2026-10-07T11:54:22.828Z</time></trkpt><trkpt lat="46.06452" lon="-110.44824"><ele>0</ele><time>2026-10-07T11:54:22.828Z</time></trkpt><trkpt lat="46.06457" lon="-110.44833"><ele>0</ele><time>2026-10-07T11:54:22.828Z</time></trkpt><trkpt lat="46.06466" lon="-110.44835"><ele>0</ele><time>2026-10-07T11:54:22.828Z</time></trkpt><trkpt lat="46.06469" lon="-110.44832"><ele>0</ele><time>2026-10-07T11:54:22.828Z</time></trkpt><trkpt lat="46.06471" lon="-110.44808"><ele>0</ele><time>2026-10-07T11:54:22.828Z</time></trkpt><trkpt lat="46.06473" lon="-110.44807"><ele>0</ele><time>2026-10-07T11:54:22.828Z</time></trkpt><trkpt lat="46.06479" lon="-110.44816"><ele>0</ele><time>2026-10-07T11:54:22.828Z</time></trkpt><trkpt lat="46.06491" lon="-110.44827"><ele>0</ele><time>2026-10-07T11:54:22.828Z</time></trkpt><trkpt lat="46.06494" lon="-110.4485"><ele>0</ele><time>2026-10-07T11:54:22.828Z</time></trkpt><trkpt lat="46.06497" lon="-110.44857"><ele>0</ele><time>2026-10-07T11:54:22.828Z</time></trkpt><trkpt lat="46.06501" lon="-110.44859"><ele>0</ele><time>2026-10-07T11:54:22.828Z</time></trkpt><trkpt lat="46.06507" lon="-110.44845"><ele>0</ele><time>2026-10-07T11:54:22.828Z</time></trkpt><trkpt lat="46.06512" lon="-110.44821"><ele>0</ele><time>2026-10-07T11:54:22.828Z</time></trkpt><trkpt lat="46.06519" lon="-110.44802"><ele>0</ele><time>2026-10-07T11:54:22.828Z</time></trkpt><trkpt lat="46.06532" lon="-110.44776"><ele>0</ele><time>2026-10-07T11:54:22.828Z</time></trkpt><trkpt lat="46.06568" lon="-110.44724"><ele>0</ele><time>2026-10-07T11:54:22.828Z</time></trkpt><trkpt lat="46.0657" lon="-110.44699"><ele>0</ele><time>2026-10-07T11:54:22.828Z</time></trkpt><trkpt lat="46.06575" lon="-110.44686"><ele>0</ele><time>2026-10-07T11:54:22.828Z</time></trkpt><trkpt lat="46.06579" lon="-110.44684"><ele>0</ele><time>2026-10-07T11:54:22.828Z</time></trkpt><trkpt lat="46.06587" lon="-110.4469"><ele>0</ele><time>2026-10-07T11:54:22.828Z</time></trkpt><trkpt lat="46.0659" lon="-110.44679"><ele>0</ele><time>2026-10-07T11:54:22.828Z</time></trkpt><trkpt lat="46.06591" lon="-110.44656"><ele>0</ele><time>2026-10-07T11:54:22.828Z</time></trkpt><trkpt lat="46.06589" lon="-110.4464"><ele>0</ele><time>2026-10-07T11:54:22.828Z</time></trkpt><trkpt lat="46.06591" lon="-110.44625"><ele>0</ele><time>2026-10-07T11:54:22.828Z</time></trkpt><trkpt lat="46.06603" lon="-110.44574"><ele>0</ele><time>2026-10-07T11:54:22.828Z</time></trkpt><trkpt lat="46.06598" lon="-110.44571"><ele>0</ele><time>2026-10-07T11:54:22.828Z</time></trkpt><trkpt lat="46.06572" lon="-110.44579"><ele>0</ele><time>2026-10-07T11:54:22.828Z</time></trkpt><trkpt lat="46.06509" lon="-110.44615"><ele>0</ele><time>2026-10-07T11:54:22.828Z</time></trkpt><trkpt lat="46.06494" lon="-110.44619"><ele>0</ele><time>2026-10-07T11:54:22.828Z</time></trkpt><trkpt lat="46.06458" lon="-110.44623"><ele>0</ele><time>2026-10-07T11:54:22.828Z</time></trkpt><trkpt lat="46.06374" lon="-110.44659"><ele>0</ele><time>2026-10-07T11:54:22.828Z</time></trkpt><trkpt lat="46.06336" lon="-110.4466"><ele>0</ele><time>2026-10-07T11:54:22.828Z</time></trkpt><trkpt lat="46.06317" lon="-110.44655"><ele>0</ele><time>2026-10-07T11:54:22.828Z</time></trkpt><trkpt lat="46.06282" lon="-110.44612"><ele>0</ele><time>2026-10-07T11:54:22.828Z</time></trkpt><trkpt lat="46.06272" lon="-110.44589"><ele>0</ele><time>2026-10-07T11:54:22.828Z</time></trkpt><trkpt lat="46.06272" lon="-110.44569"><ele>0</ele><time>2026-10-07T11:54:22.828Z</time></trkpt><trkpt lat="46.06248" lon="-110.44549"><ele>0</ele><time>2026-10-07T11:54:22.828Z</time></trkpt><trkpt lat="46.06223" lon="-110.44522"><ele>0</ele><time>2026-10-07T11:54:22.828Z</time></trkpt><trkpt lat="46.06186" lon="-110.445"><ele>0</ele><time>2026-10-07T11:54:22.828Z</time></trkpt><trkpt lat="46.0616" lon="-110.44466"><ele>0</ele><time>2026-10-07T11:54:22.828Z</time></trkpt><trkpt lat="46.06155" lon="-110.44438"><ele>0</ele><time>2026-10-07T11:54:22.828Z</time></trkpt><trkpt lat="46.06159" lon="-110.44427"><ele>0</ele><time>2026-10-07T11:54:22.828Z</time></trkpt><trkpt lat="46.0616" lon="-110.44408"><ele>0</ele><time>2026-10-07T11:54:22.828Z</time></trkpt><trkpt lat="46.06158" lon="-110.44373"><ele>0</ele><time>2026-10-07T11:54:22.828Z</time></trkpt><trkpt lat="46.06154" lon="-110.44361"><ele>0</ele><time>2026-10-07T11:54:22.828Z</time></trkpt><trkpt lat="46.06126" lon="-110.44318"><ele>0</ele><time>2026-10-07T11:54:22.828Z</time></trkpt><trkpt lat="46.06104" lon="-110.44294"><ele>0</ele><time>2026-10-07T11:54:22.828Z</time></trkpt><trkpt lat="46.06093" lon="-110.44274"><ele>0</ele><time>2026-10-07T11:54:22.828Z</time></trkpt><trkpt lat="46.06086" lon="-110.44255"><ele>0</ele><time>2026-10-07T11:54:22.828Z</time></trkpt><trkpt lat="46.06085" lon="-110.44247"><ele>0</ele><time>2026-10-07T11:54:22.828Z</time></trkpt><trkpt lat="46.06094" lon="-110.44227"><ele>0</ele><time>2026-10-07T11:54:22.828Z</time></trkpt><trkpt lat="46.06094" lon="-110.44218"><ele>0</ele><time>2026-10-07T11:54:22.828Z</time></trkpt><trkpt lat="46.06088" lon="-110.44195"><ele>0</ele><time>2026-10-07T11:54:22.828Z</time></trkpt><trkpt lat="46.06089" lon="-110.44182"><ele>0</ele><time>2026-10-07T11:54:22.828Z</time></trkpt><trkpt lat="46.06094" lon="-110.44167"><ele>0</ele><time>2026-10-07T11:54:22.828Z</time></trkpt><trkpt lat="46.06096" lon="-110.44102"><ele>0</ele><time>2026-10-07T11:54:22.828Z</time></trkpt><trkpt lat="46.06095" lon="-110.44095"><ele>0</ele><time>2026-10-07T11:54:22.828Z</time></trkpt><trkpt lat="46.06051" lon="-110.44063"><ele>0</ele><time>2026-10-07T11:54:22.828Z</time></trkpt><trkpt lat="46.06037" lon="-110.44064"><ele>0</ele><time>2026-10-07T11:54:22.828Z</time></trkpt><trkpt lat="46.06032" lon="-110.44055"><ele>0</ele><time>2026-10-07T11:54:22.828Z</time></trkpt><trkpt lat="46.0603" lon="-110.44043"><ele>0</ele><time>2026-10-07T11:54:22.828Z</time></trkpt><trkpt lat="46.0604" lon="-110.43975"><ele>0</ele><time>2026-10-07T11:54:22.828Z</time></trkpt><trkpt lat="46.06037" lon="-110.4397"><ele>0</ele><time>2026-10-07T11:54:22.828Z</time></trkpt><trkpt lat="46.06028" lon="-110.43967"><ele>0</ele><time>2026-10-07T11:54:22.828Z</time></trkpt><trkpt lat="46.0601" lon="-110.43969"><ele>0</ele><time>2026-10-07T11:54:22.828Z</time></trkpt><trkpt lat="46.05992" lon="-110.43963"><ele>0</ele><time>2026-10-07T11:54:22.828Z</time></trkpt><trkpt lat="46.05973" lon="-110.43948"><ele>0</ele><time>2026-10-07T11:54:22.828Z</time></trkpt><trkpt lat="46.05953" lon="-110.4392"><ele>0</ele><time>2026-10-07T11:54:22.828Z</time></trkpt><trkpt lat="46.0595" lon="-110.43905"><ele>0</ele><time>2026-10-07T11:54:22.828Z</time></trkpt><trkpt lat="46.0594" lon="-110.43889"><ele>0</ele><time>2026-10-07T11:54:22.828Z</time></trkpt><trkpt lat="46.05929" lon="-110.43852"><ele>0</ele><time>2026-10-07T11:54:22.828Z</time></trkpt><trkpt lat="46.05908" lon="-110.43832"><ele>0</ele><time>2026-10-07T11:54:22.828Z</time></trkpt><trkpt lat="46.0589" lon="-110.43842"><ele>0</ele><time>2026-10-07T11:54:22.828Z</time></trkpt><trkpt lat="46.05881" lon="-110.43852"><ele>0</ele><time>2026-10-07T11:54:22.828Z</time></trkpt><trkpt lat="46.05873" lon="-110.43853"><ele>0</ele><time>2026-10-07T11:54:22.828Z</time></trkpt><trkpt lat="46.05869" lon="-110.43849"><ele>0</ele><time>2026-10-07T11:54:22.828Z</time></trkpt><trkpt lat="46.05859" lon="-110.43852"><ele>0</ele><time>2026-10-07T11:54:22.828Z</time></trkpt><trkpt lat="46.0585" lon="-110.43881"><ele>0</ele><time>2026-10-07T11:54:22.828Z</time></trkpt><trkpt lat="46.05844" lon="-110.43892"><ele>0</ele><time>2026-10-07T11:54:22.828Z</time></trkpt><trkpt lat="46.0582" lon="-110.43909"><ele>0</ele><time>2026-10-07T11:54:22.828Z</time></trkpt><trkpt lat="46.05819" lon="-110.43914"><ele>0</ele><time>2026-10-07T11:54:22.828Z</time></trkpt><trkpt lat="46.05821" lon="-110.4393"><ele>0</ele><time>2026-10-07T11:54:22.828Z</time></trkpt><trkpt lat="46.05818" lon="-110.4395"><ele>0</ele><time>2026-10-07T11:54:22.828Z</time></trkpt><trkpt lat="46.05763" lon="-110.44025"><ele>0</ele><time>2026-10-07T11:54:22.828Z</time></trkpt><trkpt lat="46.05745" lon="-110.44066"><ele>0</ele><time>2026-10-07T11:54:22.828Z</time></trkpt><trkpt lat="46.05727" lon="-110.44117"><ele>0</ele><time>2026-10-07T11:54:22.828Z</time></trkpt><trkpt lat="46.05709" lon="-110.44141"><ele>0</ele><time>2026-10-07T11:54:22.828Z</time></trkpt><trkpt lat="46.05694" lon="-110.44152"><ele>0</ele><time>2026-10-07T11:54:22.828Z</time></trkpt><trkpt lat="46.05676" lon="-110.44161"><ele>0</ele><time>2026-10-07T11:54:22.828Z</time></trkpt><trkpt lat="46.05612" lon="-110.44175"><ele>0</ele><time>2026-10-07T11:54:22.828Z</time></trkpt><trkpt lat="46.05603" lon="-110.44173"><ele>0</ele><time>2026-10-07T11:54:22.828Z</time></trkpt><trkpt lat="46.05596" lon="-110.44163"><ele>0</ele><time>2026-10-07T11:54:22.828Z</time></trkpt><trkpt lat="46.0559" lon="-110.44149"><ele>0</ele><time>2026-10-07T11:54:22.828Z</time></trkpt><trkpt lat="46.05585" lon="-110.44127"><ele>0</ele><time>2026-10-07T11:54:22.828Z</time></trkpt><trkpt lat="46.05584" lon="-110.44113"><ele>0</ele><time>2026-10-07T11:54:22.828Z</time></trkpt><trkpt lat="46.05577" lon="-110.44097"><ele>0</ele><time>2026-10-07T11:54:22.828Z</time></trkpt><trkpt lat="46.05565" lon="-110.44085"><ele>0</ele><time>2026-10-07T11:54:22.828Z</time></trkpt><trkpt lat="46.05535" lon="-110.44066"><ele>0</ele><time>2026-10-07T11:54:22.828Z</time></trkpt><trkpt lat="46.05524" lon="-110.44081"><ele>0</ele><time>2026-10-07T11:54:22.828Z</time></trkpt><trkpt lat="46.05515" lon="-110.44086"><ele>0</ele><time>2026-10-07T11:54:22.828Z</time></trkpt><trkpt lat="46.05497" lon="-110.44085"><ele>0</ele><time>2026-10-07T11:54:22.828Z</time></trkpt><trkpt lat="46.05448" lon="-110.4409"><ele>0</ele><time>2026-10-07T11:54:22.828Z</time></trkpt><trkpt lat="46.05387" lon="-110.44107"><ele>0</ele><time>2026-10-07T11:54:22.828Z</time></trkpt><trkpt lat="46.05356" lon="-110.44105"><ele>0</ele><time>2026-10-07T11:54:22.828Z</time></trkpt><trkpt lat="46.05341" lon="-110.44092"><ele>0</ele><time>2026-10-07T11:54:22.828Z</time></trkpt><trkpt lat="46.05337" lon="-110.44083"><ele>0</ele><time>2026-10-07T11:54:22.828Z</time></trkpt><trkpt lat="46.05337" lon="-110.44074"><ele>0</ele><time>2026-10-07T11:54:22.828Z</time></trkpt><trkpt lat="46.05348" lon="-110.44027"><ele>0</ele><time>2026-10-07T11:54:22.828Z</time></trkpt><trkpt lat="46.0535" lon="-110.4401"><ele>0</ele><time>2026-10-07T11:54:22.828Z</time></trkpt><trkpt lat="46.05358" lon="-110.43983"><ele>0</ele><time>2026-10-07T11:54:22.828Z</time></trkpt><trkpt lat="46.05358" lon="-110.43972"><ele>0</ele><time>2026-10-07T11:54:22.828Z</time></trkpt><trkpt lat="46.05343" lon="-110.43925"><ele>0</ele><time>2026-10-07T11:54:22.828Z</time></trkpt><trkpt lat="46.05343" lon="-110.43918"><ele>0</ele><time>2026-10-07T11:54:22.828Z</time></trkpt><trkpt lat="46.05361" lon="-110.43892"><ele>0</ele><time>2026-10-07T11:54:22.828Z</time></trkpt><trkpt lat="46.05365" lon="-110.43877"><ele>0</ele><time>2026-10-07T11:54:22.828Z</time></trkpt><trkpt lat="46.05348" lon="-110.43849"><ele>0</ele><time>2026-10-07T11:54:22.828Z</time></trkpt><trkpt lat="46.05305" lon="-110.43785"><ele>0</ele><time>2026-10-07T11:54:22.828Z</time></trkpt><trkpt lat="46.05274" lon="-110.43766"><ele>0</ele><time>2026-10-07T11:54:22.828Z</time></trkpt><trkpt lat="46.05266" lon="-110.43757"><ele>0</ele><time>2026-10-07T11:54:22.828Z</time></trkpt><trkpt lat="46.05263" lon="-110.43749"><ele>0</ele><time>2026-10-07T11:54:22.828Z</time></trkpt><trkpt lat="46.05262" lon="-110.43727"><ele>0</ele><time>2026-10-07T11:54:22.828Z</time></trkpt><trkpt lat="46.0527" lon="-110.43678"><ele>0</ele><time>2026-10-07T11:54:22.828Z</time></trkpt><trkpt lat="46.05275" lon="-110.43666"><ele>0</ele><time>2026-10-07T11:54:22.828Z</time></trkpt><trkpt lat="46.05289" lon="-110.43645"><ele>0</ele><time>2026-10-07T11:54:22.828Z</time></trkpt><trkpt lat="46.05293" lon="-110.43622"><ele>0</ele><time>2026-10-07T11:54:22.828Z</time></trkpt><trkpt lat="46.05305" lon="-110.43604"><ele>0</ele><time>2026-10-07T11:54:22.828Z</time></trkpt><trkpt lat="46.05305" lon="-110.43601"><ele>0</ele><time>2026-10-07T11:54:22.828Z</time></trkpt><trkpt lat="46.05292" lon="-110.43593"><ele>0</ele><time>2026-10-07T11:54:22.828Z</time></trkpt><trkpt lat="46.05287" lon="-110.43569"><ele>0</ele><time>2026-10-07T11:54:22.828Z</time></trkpt><trkpt lat="46.05278" lon="-110.43567"><ele>0</ele><time>2026-10-07T11:54:22.828Z</time></trkpt><trkpt lat="46.05273" lon="-110.43571"><ele>0</ele><time>2026-10-07T11:54:22.828Z</time></trkpt><trkpt lat="46.05258" lon="-110.43575"><ele>0</ele><time>2026-10-07T11:54:22.828Z</time></trkpt><trkpt lat="46.05245" lon="-110.43573"><ele>0</ele><time>2026-10-07T11:54:22.828Z</time></trkpt><trkpt lat="46.0522" lon="-110.43557"><ele>0</ele><time>2026-10-07T11:54:22.828Z</time></trkpt><trkpt lat="46.05178" lon="-110.4355"><ele>0</ele><time>2026-10-07T11:54:22.828Z</time></trkpt><trkpt lat="46.05151" lon="-110.43536"><ele>0</ele><time>2026-10-07T11:54:22.828Z</time></trkpt><trkpt lat="46.05131" lon="-110.43533"><ele>0</ele><time>2026-10-07T11:54:22.828Z</time></trkpt><trkpt lat="46.05117" lon="-110.43535"><ele>0</ele><time>2026-10-07T11:54:22.828Z</time></trkpt><trkpt lat="46.05094" lon="-110.43544"><ele>0</ele><time>2026-10-07T11:54:22.828Z</time></trkpt><trkpt lat="46.05014" lon="-110.43541"><ele>0</ele><time>2026-10-07T11:54:22.828Z</time></trkpt><trkpt lat="46.04979" lon="-110.43546"><ele>0</ele><time>2026-10-07T11:54:22.828Z</time></trkpt><trkpt lat="46.04896" lon="-110.43573"><ele>0</ele><time>2026-10-07T11:54:22.828Z</time></trkpt><trkpt lat="46.04872" lon="-110.43587"><ele>0</ele><time>2026-10-07T11:54:22.828Z</time></trkpt><trkpt lat="46.04866" lon="-110.43595"><ele>0</ele><time>2026-10-07T11:54:22.828Z</time></trkpt><trkpt lat="46.04863" lon="-110.43608"><ele>0</ele><time>2026-10-07T11:54:22.828Z</time></trkpt><trkpt lat="46.0487" lon="-110.4367"><ele>0</ele><time>2026-10-07T11:54:22.828Z</time></trkpt><trkpt lat="46.04873" lon="-110.43752"><ele>0</ele><time>2026-10-07T11:54:22.828Z</time></trkpt><trkpt lat="46.04871" lon="-110.43761"><ele>0</ele><time>2026-10-07T11:54:22.828Z</time></trkpt><trkpt lat="46.04868" lon="-110.43764"><ele>0</ele><time>2026-10-07T11:54:22.828Z</time></trkpt><trkpt lat="46.04852" lon="-110.43766"><ele>0</ele><time>2026-10-07T11:54:22.828Z</time></trkpt><trkpt lat="46.04831" lon="-110.43785"><ele>0</ele><time>2026-10-07T11:54:22.828Z</time></trkpt><trkpt lat="46.04827" lon="-110.43786"><ele>0</ele><time>2026-10-07T11:54:22.828Z</time></trkpt><trkpt lat="46.0477" lon="-110.43754"><ele>0</ele><time>2026-10-07T11:54:22.828Z</time></trkpt><trkpt lat="46.04725" lon="-110.437"><ele>0</ele><time>2026-10-07T11:54:22.828Z</time></trkpt><trkpt lat="46.04715" lon="-110.43694"><ele>0</ele><time>2026-10-07T11:54:22.828Z</time></trkpt><trkpt lat="46.04707" lon="-110.43672"><ele>0</ele><time>2026-10-07T11:54:22.828Z</time></trkpt><trkpt lat="46.04703" lon="-110.43649"><ele>0</ele><time>2026-10-07T11:54:22.828Z</time></trkpt><trkpt lat="46.04699" lon="-110.43646"><ele>0</ele><time>2026-10-07T11:54:22.828Z</time></trkpt><trkpt lat="46.04693" lon="-110.43646"><ele>0</ele><time>2026-10-07T11:54:22.828Z</time></trkpt><trkpt lat="46.04678" lon="-110.43658"><ele>0</ele><time>2026-10-07T11:54:22.828Z</time></trkpt><trkpt lat="46.04671" lon="-110.43659"><ele>0</ele><time>2026-10-07T11:54:22.828Z</time></trkpt><trkpt lat="46.04649" lon="-110.43643"><ele>0</ele><time>2026-10-07T11:54:22.828Z</time></trkpt><trkpt lat="46.04644" lon="-110.43634"><ele>0</ele><time>2026-10-07T11:54:22.828Z</time></trkpt><trkpt lat="46.04636" lon="-110.43631"><ele>0</ele><time>2026-10-07T11:54:22.828Z</time></trkpt><trkpt lat="46.04631" lon="-110.4364"><ele>0</ele><time>2026-10-07T11:54:22.828Z</time></trkpt><trkpt lat="46.04631" lon="-110.43665"><ele>0</ele><time>2026-10-07T11:54:22.828Z</time></trkpt><trkpt lat="46.04627" lon="-110.43689"><ele>0</ele><time>2026-10-07T11:54:22.828Z</time></trkpt><trkpt lat="46.04627" lon="-110.43713"><ele>0</ele><time>2026-10-07T11:54:22.828Z</time></trkpt><trkpt lat="46.04616" lon="-110.43754"><ele>0</ele><time>2026-10-07T11:54:22.828Z</time></trkpt><trkpt lat="46.04605" lon="-110.43826"><ele>0</ele><time>2026-10-07T11:54:22.828Z</time></trkpt><trkpt lat="46.04588" lon="-110.43874"><ele>0</ele><time>2026-10-07T11:54:22.828Z</time></trkpt><trkpt lat="46.04592" lon="-110.43896"><ele>0</ele><time>2026-10-07T11:54:22.828Z</time></trkpt><trkpt lat="46.04601" lon="-110.43918"><ele>0</ele><time>2026-10-07T11:54:22.828Z</time></trkpt><trkpt lat="46.04601" lon="-110.43949"><ele>0</ele><time>2026-10-07T11:54:22.828Z</time></trkpt><trkpt lat="46.0462" lon="-110.43997"><ele>0</ele><time>2026-10-07T11:54:22.828Z</time></trkpt><trkpt lat="46.04636" lon="-110.44022"><ele>0</ele><time>2026-10-07T11:54:22.828Z</time></trkpt><trkpt lat="46.04641" lon="-110.4404"><ele>0</ele><time>2026-10-07T11:54:22.828Z</time></trkpt><trkpt lat="46.04641" lon="-110.44055"><ele>0</ele><time>2026-10-07T11:54:22.828Z</time></trkpt><trkpt lat="46.04635" lon="-110.44097"><ele>0</ele><time>2026-10-07T11:54:22.828Z</time></trkpt><trkpt lat="46.04633" lon="-110.44134"><ele>0</ele><time>2026-10-07T11:54:22.828Z</time></trkpt><trkpt lat="46.0463" lon="-110.44155"><ele>0</ele><time>2026-10-07T11:54:22.828Z</time></trkpt><trkpt lat="46.04622" lon="-110.44185"><ele>0</ele><time>2026-10-07T11:54:22.828Z</time></trkpt><trkpt lat="46.04599" lon="-110.44232"><ele>0</ele><time>2026-10-07T11:54:22.828Z</time></trkpt><trkpt lat="46.04588" lon="-110.4424"><ele>0</ele><time>2026-10-07T11:54:22.828Z</time></trkpt><trkpt lat="46.0458" lon="-110.44241"><ele>0</ele><time>2026-10-07T11:54:22.828Z</time></trkpt><trkpt lat="46.04566" lon="-110.4422"><ele>0</ele><time>2026-10-07T11:54:22.828Z</time></trkpt><trkpt lat="46.04557" lon="-110.44216"><ele>0</ele><time>2026-10-07T11:54:22.828Z</time></trkpt><trkpt lat="46.04541" lon="-110.44222"><ele>0</ele><time>2026-10-07T11:54:22.828Z</time></trkpt><trkpt lat="46.04534" lon="-110.44228"><ele>0</ele><time>2026-10-07T11:54:22.828Z</time></trkpt><trkpt lat="46.04534" lon="-110.44231"><ele>0</ele><time>2026-10-07T11:54:22.828Z</time></trkpt><trkpt lat="46.04554" lon="-110.4423"><ele>0</ele><time>2026-10-07T11:54:22.828Z</time></trkpt><trkpt lat="46.04561" lon="-110.44239"><ele>0</ele><time>2026-10-07T11:54:22.828Z</time></trkpt><trkpt lat="46.04567" lon="-110.44252"><ele>0</ele><time>2026-10-07T11:54:22.828Z</time></trkpt><trkpt lat="46.04572" lon="-110.44274"><ele>0</ele><time>2026-10-07T11:54:22.828Z</time></trkpt><trkpt lat="46.04578" lon="-110.44284"><ele>0</ele><time>2026-10-07T11:54:22.828Z</time></trkpt><trkpt lat="46.04589" lon="-110.44287"><ele>0</ele><time>2026-10-07T11:54:22.828Z</time></trkpt><trkpt lat="46.04603" lon="-110.44282"><ele>0</ele><time>2026-10-07T11:54:22.828Z</time></trkpt><trkpt lat="46.04615" lon="-110.44274"><ele>0</ele><time>2026-10-07T11:54:22.828Z</time></trkpt><trkpt lat="46.04637" lon="-110.44243"><ele>0</ele><time>2026-10-07T11:54:22.828Z</time></trkpt><trkpt lat="46.04663" lon="-110.44224"><ele>0</ele><time>2026-10-07T11:54:22.828Z</time></trkpt><trkpt lat="46.04682" lon="-110.44205"><ele>0</ele><time>2026-10-07T11:54:22.828Z</time></trkpt><trkpt lat="46.04691" lon="-110.44189"><ele>0</ele><time>2026-10-07T11:54:22.828Z</time></trkpt><trkpt lat="46.04693" lon="-110.44172"><ele>0</ele><time>2026-10-07T11:54:22.828Z</time></trkpt><trkpt lat="46.04693" lon="-110.4413"><ele>0</ele><time>2026-10-07T11:54:22.828Z</time></trkpt><trkpt lat="46.04695" lon="-110.44116"><ele>0</ele><time>2026-10-07T11:54:22.828Z</time></trkpt><trkpt lat="46.04702" lon="-110.44101"><ele>0</ele><time>2026-10-07T11:54:22.828Z</time></trkpt><trkpt lat="46.04706" lon="-110.44077"><ele>0</ele><time>2026-10-07T11:54:22.828Z</time></trkpt><trkpt lat="46.04707" lon="-110.44056"><ele>0</ele><time>2026-10-07T11:54:22.828Z</time></trkpt><trkpt lat="46.047" lon="-110.43994"><ele>0</ele><time>2026-10-07T11:54:22.828Z</time></trkpt><trkpt lat="46.047" lon="-110.43985"><ele>0</ele><time>2026-10-07T11:54:22.828Z</time></trkpt><trkpt lat="46.04704" lon="-110.4398"><ele>0</ele><time>2026-10-07T11:54:22.828Z</time></trkpt><trkpt lat="46.04707" lon="-110.43985"><ele>0</ele><time>2026-10-07T11:54:22.828Z</time></trkpt><trkpt lat="46.04712" lon="-110.44025"><ele>0</ele><time>2026-10-07T11:54:22.828Z</time></trkpt><trkpt lat="46.04727" lon="-110.44088"><ele>0</ele><time>2026-10-07T11:54:22.828Z</time></trkpt><trkpt lat="46.04728" lon="-110.44103"><ele>0</ele><time>2026-10-07T11:54:22.828Z</time></trkpt><trkpt lat="46.04722" lon="-110.44129"><ele>0</ele><time>2026-10-07T11:54:22.828Z</time></trkpt><trkpt lat="46.04723" lon="-110.44144"><ele>0</ele><time>2026-10-07T11:54:22.828Z</time></trkpt><trkpt lat="46.04726" lon="-110.44158"><ele>0</ele><time>2026-10-07T11:54:22.828Z</time></trkpt><trkpt lat="46.0474" lon="-110.44177"><ele>0</ele><time>2026-10-07T11:54:22.828Z</time></trkpt><trkpt lat="46.04749" lon="-110.442"><ele>0</ele><time>2026-10-07T11:54:22.828Z</time></trkpt><trkpt lat="46.04749" lon="-110.44208"><ele>0</ele><time>2026-10-07T11:54:22.828Z</time></trkpt><trkpt lat="46.04729" lon="-110.44224"><ele>0</ele><time>2026-10-07T11:54:22.828Z</time></trkpt><trkpt lat="46.04717" lon="-110.4424"><ele>0</ele><time>2026-10-07T11:54:22.828Z</time></trkpt><trkpt lat="46.04713" lon="-110.44254"><ele>0</ele><time>2026-10-07T11:54:22.828Z</time></trkpt><trkpt lat="46.0469" lon="-110.44288"><ele>0</ele><time>2026-10-07T11:54:22.828Z</time></trkpt><trkpt lat="46.04669" lon="-110.44305"><ele>0</ele><time>2026-10-07T11:54:22.828Z</time></trkpt><trkpt lat="46.04636" lon="-110.44362"><ele>0</ele><time>2026-10-07T11:54:22.828Z</time></trkpt><trkpt lat="46.04626" lon="-110.44372"><ele>0</ele><time>2026-10-07T11:54:22.828Z</time></trkpt><trkpt lat="46.04616" lon="-110.44377"><ele>0</ele><time>2026-10-07T11:54:22.828Z</time></trkpt><trkpt lat="46.04591" lon="-110.44403"><ele>0</ele><time>2026-10-07T11:54:22.828Z</time></trkpt><trkpt lat="46.04574" lon="-110.44412"><ele>0</ele><time>2026-10-07T11:54:22.828Z</time></trkpt><trkpt lat="46.04541" lon="-110.44425"><ele>0</ele><time>2026-10-07T11:54:22.828Z</time></trkpt><trkpt lat="46.04535" lon="-110.44422"><ele>0</ele><time>2026-10-07T11:54:22.828Z</time></trkpt><trkpt lat="46.04529" lon="-110.44403"><ele>0</ele><time>2026-10-07T11:54:22.828Z</time></trkpt><trkpt lat="46.04524" lon="-110.44398"><ele>0</ele><time>2026-10-07T11:54:22.828Z</time></trkpt><trkpt lat="46.04525" lon="-110.44434"><ele>0</ele><time>2026-10-07T11:54:22.828Z</time></trkpt><trkpt lat="46.04531" lon="-110.44442"><ele>0</ele><time>2026-10-07T11:54:22.828Z</time></trkpt><trkpt lat="46.04546" lon="-110.4444"><ele>0</ele><time>2026-10-07T11:54:22.828Z</time></trkpt><trkpt lat="46.04557" lon="-110.44447"><ele>0</ele><time>2026-10-07T11:54:22.828Z</time></trkpt><trkpt lat="46.04571" lon="-110.44442"><ele>0</ele><time>2026-10-07T11:54:22.828Z</time></trkpt><trkpt lat="46.04589" lon="-110.44439"><ele>0</ele><time>2026-10-07T11:54:22.828Z</time></trkpt><trkpt lat="46.0459" lon="-110.44442"><ele>0</ele><time>2026-10-07T11:54:22.828Z</time></trkpt><trkpt lat="46.04554" lon="-110.44476"><ele>0</ele><time>2026-10-07T11:54:22.828Z</time></trkpt><trkpt lat="46.04549" lon="-110.44478"><ele>0</ele><time>2026-10-07T11:54:22.828Z</time></trkpt><trkpt lat="46.04543" lon="-110.44475"><ele>0</ele><time>2026-10-07T11:54:22.828Z</time></trkpt><trkpt lat="46.04501" lon="-110.44477"><ele>0</ele><time>2026-10-07T11:54:22.828Z</time></trkpt><trkpt lat="46.04492" lon="-110.44467"><ele>0</ele><time>2026-10-07T11:54:22.828Z</time></trkpt><trkpt lat="46.0449" lon="-110.44451"><ele>0</ele><time>2026-10-07T11:54:22.828Z</time></trkpt><trkpt lat="46.04485" lon="-110.44443"><ele>0</ele><time>2026-10-07T11:54:22.828Z</time></trkpt><trkpt lat="46.04478" lon="-110.44442"><ele>0</ele><time>2026-10-07T11:54:22.828Z</time></trkpt><trkpt lat="46.04455" lon="-110.44454"><ele>0</ele><time>2026-10-07T11:54:22.828Z</time></trkpt><trkpt lat="46.0445" lon="-110.44461"><ele>0</ele><time>2026-10-07T11:54:22.828Z</time></trkpt><trkpt lat="46.04433" lon="-110.44468"><ele>0</ele><time>2026-10-07T11:54:22.828Z</time></trkpt><trkpt lat="46.04425" lon="-110.44484"><ele>0</ele><time>2026-10-07T11:54:22.828Z</time></trkpt><trkpt lat="46.04421" lon="-110.44509"><ele>0</ele><time>2026-10-07T11:54:22.828Z</time></trkpt><trkpt lat="46.04399" lon="-110.44565"><ele>0</ele><time>2026-10-07T11:54:22.828Z</time></trkpt><trkpt lat="46.04391" lon="-110.44566"><ele>0</ele><time>2026-10-07T11:54:22.828Z</time></trkpt><trkpt lat="46.04388" lon="-110.44555"><ele>0</ele><time>2026-10-07T11:54:22.828Z</time></trkpt><trkpt lat="46.04382" lon="-110.44547"><ele>0</ele><time>2026-10-07T11:54:22.828Z</time></trkpt><trkpt lat="46.04364" lon="-110.44537"><ele>0</ele><time>2026-10-07T11:54:22.828Z</time></trkpt><trkpt lat="46.04361" lon="-110.44528"><ele>0</ele><time>2026-10-07T11:54:22.828Z</time></trkpt><trkpt lat="46.04359" lon="-110.44513"><ele>0</ele><time>2026-10-07T11:54:22.828Z</time></trkpt><trkpt lat="46.04357" lon="-110.4451"><ele>0</ele><time>2026-10-07T11:54:22.828Z</time></trkpt><trkpt lat="46.0435" lon="-110.44512"><ele>0</ele><time>2026-10-07T11:54:22.828Z</time></trkpt><trkpt lat="46.04345" lon="-110.44501"><ele>0</ele><time>2026-10-07T11:54:22.828Z</time></trkpt><trkpt lat="46.04332" lon="-110.44491"><ele>0</ele><time>2026-10-07T11:54:22.828Z</time></trkpt><trkpt lat="46.04326" lon="-110.44482"><ele>0</ele><time>2026-10-07T11:54:22.828Z</time></trkpt><trkpt lat="46.04315" lon="-110.44423"><ele>0</ele><time>2026-10-07T11:54:22.828Z</time></trkpt><trkpt lat="46.04312" lon="-110.44416"><ele>0</ele><time>2026-10-07T11:54:22.828Z</time></trkpt><trkpt lat="46.04307" lon="-110.44415"><ele>0</ele><time>2026-10-07T11:54:22.828Z</time></trkpt><trkpt lat="46.043" lon="-110.44428"><ele>0</ele><time>2026-10-07T11:54:22.828Z</time></trkpt><trkpt lat="46.04291" lon="-110.44436"><ele>0</ele><time>2026-10-07T11:54:22.828Z</time></trkpt><trkpt lat="46.04277" lon="-110.44442"><ele>0</ele><time>2026-10-07T11:54:22.828Z</time></trkpt><trkpt lat="46.04261" lon="-110.4444"><ele>0</ele><time>2026-10-07T11:54:22.828Z</time></trkpt><trkpt lat="46.04255" lon="-110.44448"><ele>0</ele><time>2026-10-07T11:54:22.828Z</time></trkpt><trkpt lat="46.04254" lon="-110.44455"><ele>0</ele><time>2026-10-07T11:54:22.828Z</time></trkpt><trkpt lat="46.04248" lon="-110.44459"><ele>0</ele><time>2026-10-07T11:54:22.828Z</time></trkpt><trkpt lat="46.0424" lon="-110.44457"><ele>0</ele><time>2026-10-07T11:54:22.828Z</time></trkpt><trkpt lat="46.04235" lon="-110.44459"><ele>0</ele><time>2026-10-07T11:54:22.828Z</time></trkpt><trkpt lat="46.04228" lon="-110.44473"><ele>0</ele><time>2026-10-07T11:54:22.828Z</time></trkpt><trkpt lat="46.04212" lon="-110.44474"><ele>0</ele><time>2026-10-07T11:54:22.828Z</time></trkpt><trkpt lat="46.04192" lon="-110.44489"><ele>0</ele><time>2026-10-07T11:54:22.828Z</time></trkpt><trkpt lat="46.04176" lon="-110.4449"><ele>0</ele><time>2026-10-07T11:54:22.828Z</time></trkpt><trkpt lat="46.04171" lon="-110.44482"><ele>0</ele><time>2026-10-07T11:54:22.828Z</time></trkpt><trkpt lat="46.04166" lon="-110.4448"><ele>0</ele><time>2026-10-07T11:54:22.828Z</time></trkpt><trkpt lat="46.04144" lon="-110.44498"><ele>0</ele><time>2026-10-07T11:54:22.828Z</time></trkpt><trkpt lat="46.04123" lon="-110.445"><ele>0</ele><time>2026-10-07T11:54:22.828Z</time></trkpt><trkpt lat="46.04109" lon="-110.44496"><ele>0</ele><time>2026-10-07T11:54:22.828Z</time></trkpt><trkpt lat="46.04099" lon="-110.44483"><ele>0</ele><time>2026-10-07T11:54:22.828Z</time></trkpt><trkpt lat="46.04095" lon="-110.44482"><ele>0</ele><time>2026-10-07T11:54:22.828Z</time></trkpt><trkpt lat="46.04056" lon="-110.44524"><ele>0</ele><time>2026-10-07T11:54:22.828Z</time></trkpt><trkpt lat="46.04044" lon="-110.4453"><ele>0</ele><time>2026-10-07T11:54:22.828Z</time></trkpt><trkpt lat="46.04024" lon="-110.44532"><ele>0</ele><time>2026-10-07T11:54:22.828Z</time></trkpt><trkpt lat="46.03994" lon="-110.44523"><ele>0</ele><time>2026-10-07T11:54:22.828Z</time></trkpt><trkpt lat="46.03985" lon="-110.44517"><ele>0</ele><time>2026-10-07T11:54:22.828Z</time></trkpt><trkpt lat="46.03964" lon="-110.44544"><ele>0</ele><time>2026-10-07T11:54:22.828Z</time></trkpt><trkpt lat="46.03956" lon="-110.44595"><ele>0</ele><time>2026-10-07T11:54:22.828Z</time></trkpt><trkpt lat="46.03957" lon="-110.4461"><ele>0</ele><time>2026-10-07T11:54:22.828Z</time></trkpt><trkpt lat="46.03955" lon="-110.44615"><ele>0</ele><time>2026-10-07T11:54:22.828Z</time></trkpt><trkpt lat="46.03954" lon="-110.44639"><ele>0</ele><time>2026-10-07T11:54:22.828Z</time></trkpt><trkpt lat="46.03946" lon="-110.44686"><ele>0</ele><time>2026-10-07T11:54:22.828Z</time></trkpt><trkpt lat="46.03946" lon="-110.44728"><ele>0</ele><time>2026-10-07T11:54:22.828Z</time></trkpt><trkpt lat="46.03948" lon="-110.44761"><ele>0</ele><time>2026-10-07T11:54:22.828Z</time></trkpt><trkpt lat="46.03971" lon="-110.44856"><ele>0</ele><time>2026-10-07T11:54:22.828Z</time></trkpt><trkpt lat="46.03968" lon="-110.44864"><ele>0</ele><time>2026-10-07T11:54:22.828Z</time></trkpt><trkpt lat="46.03967" lon="-110.44883"><ele>0</ele><time>2026-10-07T11:54:22.828Z</time></trkpt><trkpt lat="46.03951" lon="-110.44973"><ele>0</ele><time>2026-10-07T11:54:22.828Z</time></trkpt><trkpt lat="46.03933" lon="-110.45021"><ele>0</ele><time>2026-10-07T11:54:22.828Z</time></trkpt><trkpt lat="46.03929" lon="-110.45041"><ele>0</ele><time>2026-10-07T11:54:22.828Z</time></trkpt><trkpt lat="46.03898" lon="-110.45111"><ele>0</ele><time>2026-10-07T11:54:22.828Z</time></trkpt><trkpt lat="46.03889" lon="-110.45115"><ele>0</ele><time>2026-10-07T11:54:22.828Z</time></trkpt><trkpt lat="46.03883" lon="-110.45112"><ele>0</ele><time>2026-10-07T11:54:22.828Z</time></trkpt><trkpt lat="46.03859" lon="-110.4507"><ele>0</ele><time>2026-10-07T11:54:22.828Z</time></trkpt><trkpt lat="46.03847" lon="-110.45057"><ele>0</ele><time>2026-10-07T11:54:22.828Z</time></trkpt><trkpt lat="46.0384" lon="-110.45054"><ele>0</ele><time>2026-10-07T11:54:22.828Z</time></trkpt><trkpt lat="46.03836" lon="-110.45047"><ele>0</ele><time>2026-10-07T11:54:22.828Z</time></trkpt><trkpt lat="46.0383" lon="-110.45011"><ele>0</ele><time>2026-10-07T11:54:22.828Z</time></trkpt><trkpt lat="46.03832" lon="-110.44985"><ele>0</ele><time>2026-10-07T11:54:22.828Z</time></trkpt><trkpt lat="46.03828" lon="-110.44964"><ele>0</ele><time>2026-10-07T11:54:22.828Z</time></trkpt><trkpt lat="46.03825" lon="-110.44959"><ele>0</ele><time>2026-10-07T11:54:22.828Z</time></trkpt><trkpt lat="46.03821" lon="-110.44957"><ele>0</ele><time>2026-10-07T11:54:22.828Z</time></trkpt><trkpt lat="46.03809" lon="-110.4496"><ele>0</ele><time>2026-10-07T11:54:22.828Z</time></trkpt><trkpt lat="46.03796" lon="-110.44957"><ele>0</ele><time>2026-10-07T11:54:22.828Z</time></trkpt><trkpt lat="46.03783" lon="-110.44965"><ele>0</ele><time>2026-10-07T11:54:22.828Z</time></trkpt><trkpt lat="46.03778" lon="-110.44966"><ele>0</ele><time>2026-10-07T11:54:22.828Z</time></trkpt><trkpt lat="46.03753" lon="-110.44957"><ele>0</ele><time>2026-10-07T11:54:22.828Z</time></trkpt><trkpt lat="46.03748" lon="-110.44946"><ele>0</ele><time>2026-10-07T11:54:22.828Z</time></trkpt><trkpt lat="46.03737" lon="-110.44936"><ele>0</ele><time>2026-10-07T11:54:22.828Z</time></trkpt><trkpt lat="46.03736" lon="-110.44926"><ele>0</ele><time>2026-10-07T11:54:22.828Z</time></trkpt><trkpt lat="46.03731" lon="-110.44915"><ele>0</ele><time>2026-10-07T11:54:22.828Z</time></trkpt><trkpt lat="46.03732" lon="-110.44902"><ele>0</ele><time>2026-10-07T11:54:22.828Z</time></trkpt><trkpt lat="46.03739" lon="-110.44892"><ele>0</ele><time>2026-10-07T11:54:22.828Z</time></trkpt><trkpt lat="46.03741" lon="-110.44872"><ele>0</ele><time>2026-10-07T11:54:22.828Z</time></trkpt><trkpt lat="46.0374" lon="-110.44864"><ele>0</ele><time>2026-10-07T11:54:22.828Z</time></trkpt><trkpt lat="46.0375" lon="-110.44825"><ele>0</ele><time>2026-10-07T11:54:22.828Z</time></trkpt><trkpt lat="46.03764" lon="-110.44789"><ele>0</ele><time>2026-10-07T11:54:22.828Z</time></trkpt><trkpt lat="46.03758" lon="-110.44774"><ele>0</ele><time>2026-10-07T11:54:22.828Z</time></trkpt><trkpt lat="46.03758" lon="-110.44765"><ele>0</ele><time>2026-10-07T11:54:22.828Z</time></trkpt><trkpt lat="46.03753" lon="-110.44758"><ele>0</ele><time>2026-10-07T11:54:22.828Z</time></trkpt><trkpt lat="46.0375" lon="-110.44746"><ele>0</ele><time>2026-10-07T11:54:22.828Z</time></trkpt><trkpt lat="46.03747" lon="-110.44746"><ele>0</ele><time>2026-10-07T11:54:22.828Z</time></trkpt><trkpt lat="46.03736" lon="-110.44768"><ele>0</ele><time>2026-10-07T11:54:22.828Z</time></trkpt><trkpt lat="46.03736" lon="-110.44777"><ele>0</ele><time>2026-10-07T11:54:22.828Z</time></trkpt><trkpt lat="46.03733" lon="-110.44792"><ele>0</ele><time>2026-10-07T11:54:22.828Z</time></trkpt><trkpt lat="46.03728" lon="-110.44797"><ele>0</ele><time>2026-10-07T11:54:22.828Z</time></trkpt><trkpt lat="46.03718" lon="-110.44798"><ele>0</ele><time>2026-10-07T11:54:22.828Z</time></trkpt><trkpt lat="46.03711" lon="-110.44811"><ele>0</ele><time>2026-10-07T11:54:22.828Z</time></trkpt><trkpt lat="46.03701" lon="-110.44819"><ele>0</ele><time>2026-10-07T11:54:22.828Z</time></trkpt><trkpt lat="46.03662" lon="-110.44837"><ele>0</ele><time>2026-10-07T11:54:22.828Z</time></trkpt><trkpt lat="46.03651" lon="-110.44839"><ele>0</ele><time>2026-10-07T11:54:22.828Z</time></trkpt><trkpt lat="46.03619" lon="-110.4486"><ele>0</ele><time>2026-10-07T11:54:22.828Z</time></trkpt><trkpt lat="46.03596" lon="-110.44869"><ele>0</ele><time>2026-10-07T11:54:22.828Z</time></trkpt><trkpt lat="46.03585" lon="-110.44877"><ele>0</ele><time>2026-10-07T11:54:22.828Z</time></trkpt><trkpt lat="46.0357" lon="-110.44894"><ele>0</ele><time>2026-10-07T11:54:22.828Z</time></trkpt><trkpt lat="46.03565" lon="-110.44893"><ele>0</ele><time>2026-10-07T11:54:22.828Z</time></trkpt><trkpt lat="46.03558" lon="-110.44909"><ele>0</ele><time>2026-10-07T11:54:22.828Z</time></trkpt><trkpt lat="46.03553" lon="-110.44932"><ele>0</ele><time>2026-10-07T11:54:22.828Z</time></trkpt><trkpt lat="46.03543" lon="-110.44942"><ele>0</ele><time>2026-10-07T11:54:22.828Z</time></trkpt><trkpt lat="46.03528" lon="-110.4498"><ele>0</ele><time>2026-10-07T11:54:22.828Z</time></trkpt><trkpt lat="46.03524" lon="-110.45007"><ele>0</ele><time>2026-10-07T11:54:22.828Z</time></trkpt><trkpt lat="46.03517" lon="-110.45027"><ele>0</ele><time>2026-10-07T11:54:22.828Z</time></trkpt><trkpt lat="46.03499" lon="-110.45044"><ele>0</ele><time>2026-10-07T11:54:22.828Z</time></trkpt><trkpt lat="46.03496" lon="-110.45054"><ele>0</ele><time>2026-10-07T11:54:22.828Z</time></trkpt><trkpt lat="46.0349" lon="-110.45063"><ele>0</ele><time>2026-10-07T11:54:22.828Z</time></trkpt><trkpt lat="46.03461" lon="-110.45085"><ele>0</ele><time>2026-10-07T11:54:22.828Z</time></trkpt><trkpt lat="46.03452" lon="-110.45077"><ele>0</ele><time>2026-10-07T11:54:22.828Z</time></trkpt><trkpt lat="46.03447" lon="-110.45078"><ele>0</ele><time>2026-10-07T11:54:22.828Z</time></trkpt><trkpt lat="46.03442" lon="-110.45075"><ele>0</ele><time>2026-10-07T11:54:22.828Z</time></trkpt><trkpt lat="46.0343" lon="-110.45059"><ele>0</ele><time>2026-10-07T11:54:22.828Z</time></trkpt><trkpt lat="46.03421" lon="-110.45033"><ele>0</ele><time>2026-10-07T11:54:22.828Z</time></trkpt><trkpt lat="46.03413" lon="-110.4502"><ele>0</ele><time>2026-10-07T11:54:22.828Z</time></trkpt><trkpt lat="46.03401" lon="-110.45009"><ele>0</ele><time>2026-10-07T11:54:22.828Z</time></trkpt><trkpt lat="46.03401" lon="-110.44999"><ele>0</ele><time>2026-10-07T11:54:22.828Z</time></trkpt><trkpt lat="46.03407" lon="-110.44999"><ele>0</ele><time>2026-10-07T11:54:22.828Z</time></trkpt><trkpt lat="46.03416" lon="-110.45006"><ele>0</ele><time>2026-10-07T11:54:22.828Z</time></trkpt><trkpt lat="46.0342" lon="-110.45003"><ele>0</ele><time>2026-10-07T11:54:22.828Z</time></trkpt><trkpt lat="46.03421" lon="-110.45"><ele>0</ele><time>2026-10-07T11:54:22.828Z</time></trkpt><trkpt lat="46.03419" lon="-110.44995"><ele>0</ele><time>2026-10-07T11:54:22.828Z</time></trkpt><trkpt lat="46.03396" lon="-110.44964"><ele>0</ele><time>2026-10-07T11:54:22.828Z</time></trkpt><trkpt lat="46.03384" lon="-110.44953"><ele>0</ele><time>2026-10-07T11:54:22.828Z</time></trkpt><trkpt lat="46.03339" lon="-110.44953"><ele>0</ele><time>2026-10-07T11:54:22.828Z</time></trkpt><trkpt lat="46.03331" lon="-110.44957"><ele>0</ele><time>2026-10-07T11:54:22.828Z</time></trkpt><trkpt lat="46.03317" lon="-110.44957"><ele>0</ele><time>2026-10-07T11:54:22.828Z</time></trkpt><trkpt lat="46.033" lon="-110.44946"><ele>0</ele><time>2026-10-07T11:54:22.828Z</time></trkpt><trkpt lat="46.03284" lon="-110.44945"><ele>0</ele><time>2026-10-07T11:54:22.828Z</time></trkpt><trkpt lat="46.03274" lon="-110.44948"><ele>0</ele><time>2026-10-07T11:54:22.828Z</time></trkpt><trkpt lat="46.03266" lon="-110.44958"><ele>0</ele><time>2026-10-07T11:54:22.828Z</time></trkpt><trkpt lat="46.03258" lon="-110.44961"><ele>0</ele><time>2026-10-07T11:54:22.828Z</time></trkpt><trkpt lat="46.03243" lon="-110.44974"><ele>0</ele><time>2026-10-07T11:54:22.828Z</time></trkpt><trkpt lat="46.03233" lon="-110.44971"><ele>0</ele><time>2026-10-07T11:54:22.828Z</time></trkpt><trkpt lat="46.03228" lon="-110.44974"><ele>0</ele><time>2026-10-07T11:54:22.828Z</time></trkpt><trkpt lat="46.03226" lon="-110.44981"><ele>0</ele><time>2026-10-07T11:54:22.828Z</time></trkpt><trkpt lat="46.0323" lon="-110.45024"><ele>0</ele><time>2026-10-07T11:54:22.828Z</time></trkpt><trkpt lat="46.0323" lon="-110.45041"><ele>0</ele><time>2026-10-07T11:54:22.828Z</time></trkpt><trkpt lat="46.03229" lon="-110.45057"><ele>0</ele><time>2026-10-07T11:54:22.828Z</time></trkpt><trkpt lat="46.03225" lon="-110.45072"><ele>0</ele><time>2026-10-07T11:54:22.828Z</time></trkpt><trkpt lat="46.03213" lon="-110.45082"><ele>0</ele><time>2026-10-07T11:54:22.828Z</time></trkpt><trkpt lat="46.03187" lon="-110.45095"><ele>0</ele><time>2026-10-07T11:54:22.828Z</time></trkpt><trkpt lat="46.03181" lon="-110.45103"><ele>0</ele><time>2026-10-07T11:54:22.828Z</time></trkpt><trkpt lat="46.03172" lon="-110.4513"><ele>0</ele><time>2026-10-07T11:54:22.828Z</time></trkpt><trkpt lat="46.03157" lon="-110.45152"><ele>0</ele><time>2026-10-07T11:54:22.828Z</time></trkpt><trkpt lat="46.03153" lon="-110.45172"><ele>0</ele><time>2026-10-07T11:54:22.828Z</time></trkpt><trkpt lat="46.03139" lon="-110.45183"><ele>0</ele><time>2026-10-07T11:54:22.828Z</time></trkpt><trkpt lat="46.03138" lon="-110.4519"><ele>0</ele><time>2026-10-07T11:54:22.828Z</time></trkpt><trkpt lat="46.03141" lon="-110.45208"><ele>0</ele><time>2026-10-07T11:54:22.828Z</time></trkpt><trkpt lat="46.0314" lon="-110.45213"><ele>0</ele><time>2026-10-07T11:54:22.828Z</time></trkpt><trkpt lat="46.03137" lon="-110.45218"><ele>0</ele><time>2026-10-07T11:54:22.828Z</time></trkpt><trkpt lat="46.03131" lon="-110.4522"><ele>0</ele><time>2026-10-07T11:54:22.828Z</time></trkpt><trkpt lat="46.03124" lon="-110.45234"><ele>0</ele><time>2026-10-07T11:54:22.828Z</time></trkpt><trkpt lat="46.03116" lon="-110.45243"><ele>0</ele><time>2026-10-07T11:54:22.828Z</time></trkpt><trkpt lat="46.03113" lon="-110.45253"><ele>0</ele><time>2026-10-07T11:54:22.828Z</time></trkpt><trkpt lat="46.03104" lon="-110.45258"><ele>0</ele><time>2026-10-07T11:54:22.828Z</time></trkpt><trkpt lat="46.031" lon="-110.45265"><ele>0</ele><time>2026-10-07T11:54:22.828Z</time></trkpt><trkpt lat="46.03091" lon="-110.45269"><ele>0</ele><time>2026-10-07T11:54:22.828Z</time></trkpt><trkpt lat="46.03078" lon="-110.4526"><ele>0</ele><time>2026-10-07T11:54:22.828Z</time></trkpt><trkpt lat="46.03069" lon="-110.45263"><ele>0</ele><time>2026-10-07T11:54:22.828Z</time></trkpt><trkpt lat="46.03069" lon="-110.45279"><ele>0</ele><time>2026-10-07T11:54:22.828Z</time></trkpt><trkpt lat="46.03066" lon="-110.45288"><ele>0</ele><time>2026-10-07T11:54:22.828Z</time></trkpt><trkpt lat="46.03074" lon="-110.45314"><ele>0</ele><time>2026-10-07T11:54:22.828Z</time></trkpt><trkpt lat="46.03096" lon="-110.45327"><ele>0</ele><time>2026-10-07T11:54:22.828Z</time></trkpt><trkpt lat="46.03111" lon="-110.4534"><ele>0</ele><time>2026-10-07T11:54:22.828Z</time></trkpt><trkpt lat="46.03111" lon="-110.45343"><ele>0</ele><time>2026-10-07T11:54:22.828Z</time></trkpt><trkpt lat="46.03106" lon="-110.45347"><ele>0</ele><time>2026-10-07T11:54:22.828Z</time></trkpt><trkpt lat="46.03104" lon="-110.45361"><ele>0</ele><time>2026-10-07T11:54:22.828Z</time></trkpt><trkpt lat="46.03094" lon="-110.45367"><ele>0</ele><time>2026-10-07T11:54:22.828Z</time></trkpt><trkpt lat="46.03091" lon="-110.45381"><ele>0</ele><time>2026-10-07T11:54:22.828Z</time></trkpt><trkpt lat="46.03078" lon="-110.4539"><ele>0</ele><time>2026-10-07T11:54:22.828Z</time></trkpt><trkpt lat="46.03056" lon="-110.45387"><ele>0</ele><time>2026-10-07T11:54:22.828Z</time></trkpt><trkpt lat="46.03033" lon="-110.45375"><ele>0</ele><time>2026-10-07T11:54:22.828Z</time></trkpt><trkpt lat="46.03027" lon="-110.45363"><ele>0</ele><time>2026-10-07T11:54:22.828Z</time></trkpt><trkpt lat="46.03002" lon="-110.45286"><ele>0</ele><time>2026-10-07T11:54:22.828Z</time></trkpt><trkpt lat="46.02993" lon="-110.4523"><ele>0</ele><time>2026-10-07T11:54:22.828Z</time></trkpt><trkpt lat="46.02994" lon="-110.45205"><ele>0</ele><time>2026-10-07T11:54:22.828Z</time></trkpt><trkpt lat="46.03003" lon="-110.45155"><ele>0</ele><time>2026-10-07T11:54:22.828Z</time></trkpt><trkpt lat="46.03003" lon="-110.45142"><ele>0</ele><time>2026-10-07T11:54:22.828Z</time></trkpt><trkpt lat="46.03001" lon="-110.45136"><ele>0</ele><time>2026-10-07T11:54:22.828Z</time></trkpt><trkpt lat="46.02989" lon="-110.45131"><ele>0</ele><time>2026-10-07T11:54:22.828Z</time></trkpt><trkpt lat="46.02982" lon="-110.45135"><ele>0</ele><time>2026-10-07T11:54:22.828Z</time></trkpt><trkpt lat="46.02965" lon="-110.4516"><ele>0</ele><time>2026-10-07T11:54:22.828Z</time></trkpt><trkpt lat="46.02936" lon="-110.45178"><ele>0</ele><time>2026-10-07T11:54:22.828Z</time></trkpt><trkpt lat="46.02932" lon="-110.45178"><ele>0</ele><time>2026-10-07T11:54:22.828Z</time></trkpt><trkpt lat="46.02929" lon="-110.45174"><ele>0</ele><time>2026-10-07T11:54:22.828Z</time></trkpt><trkpt lat="46.02932" lon="-110.4515"><ele>0</ele><time>2026-10-07T11:54:22.828Z</time></trkpt><trkpt lat="46.02942" lon="-110.45128"><ele>0</ele><time>2026-10-07T11:54:22.828Z</time></trkpt><trkpt lat="46.02945" lon="-110.45104"><ele>0</ele><time>2026-10-07T11:54:22.828Z</time></trkpt><trkpt lat="46.02945" lon="-110.45077"><ele>0</ele><time>2026-10-07T11:54:22.828Z</time></trkpt><trkpt lat="46.02938" lon="-110.4503"><ele>0</ele><time>2026-10-07T11:54:22.828Z</time></trkpt><trkpt lat="46.02933" lon="-110.45018"><ele>0</ele><time>2026-10-07T11:54:22.828Z</time></trkpt><trkpt lat="46.02931" lon="-110.44996"><ele>0</ele><time>2026-10-07T11:54:22.828Z</time></trkpt><trkpt lat="46.02932" lon="-110.44983"><ele>0</ele><time>2026-10-07T11:54:22.828Z</time></trkpt><trkpt lat="46.02928" lon="-110.44972"><ele>0</ele><time>2026-10-07T11:54:22.828Z</time></trkpt><trkpt lat="46.02927" lon="-110.4495"><ele>0</ele><time>2026-10-07T11:54:22.828Z</time></trkpt><trkpt lat="46.02929" lon="-110.44937"><ele>0</ele><time>2026-10-07T11:54:22.828Z</time></trkpt><trkpt lat="46.02923" lon="-110.44887"><ele>0</ele><time>2026-10-07T11:54:22.828Z</time></trkpt><trkpt lat="46.02917" lon="-110.4486"><ele>0</ele><time>2026-10-07T11:54:22.828Z</time></trkpt><trkpt lat="46.02913" lon="-110.44853"><ele>0</ele><time>2026-10-07T11:54:22.828Z</time></trkpt><trkpt lat="46.02913" lon="-110.4484"><ele>0</ele><time>2026-10-07T11:54:22.828Z</time></trkpt><trkpt lat="46.0291" lon="-110.44821"><ele>0</ele><time>2026-10-07T11:54:22.828Z</time></trkpt><trkpt lat="46.02902" lon="-110.44807"><ele>0</ele><time>2026-10-07T11:54:22.828Z</time></trkpt><trkpt lat="46.029" lon="-110.44793"><ele>0</ele><time>2026-10-07T11:54:22.828Z</time></trkpt><trkpt lat="46.02886" lon="-110.44782"><ele>0</ele><time>2026-10-07T11:54:22.828Z</time></trkpt><trkpt lat="46.02879" lon="-110.44764"><ele>0</ele><time>2026-10-07T11:54:22.828Z</time></trkpt><trkpt lat="46.02856" lon="-110.44728"><ele>0</ele><time>2026-10-07T11:54:22.828Z</time></trkpt><trkpt lat="46.02849" lon="-110.4472"><ele>0</ele><time>2026-10-07T11:54:22.828Z</time></trkpt><trkpt lat="46.02843" lon="-110.44705"><ele>0</ele><time>2026-10-07T11:54:22.828Z</time></trkpt><trkpt lat="46.02831" lon="-110.44704"><ele>0</ele><time>2026-10-07T11:54:22.828Z</time></trkpt><trkpt lat="46.02826" lon="-110.44701"><ele>0</ele><time>2026-10-07T11:54:22.828Z</time></trkpt><trkpt lat="46.02821" lon="-110.44688"><ele>0</ele><time>2026-10-07T11:54:22.828Z</time></trkpt><trkpt lat="46.02806" lon="-110.44686"><ele>0</ele><time>2026-10-07T11:54:22.828Z</time></trkpt><trkpt lat="46.02799" lon="-110.44668"><ele>0</ele><time>2026-10-07T11:54:22.828Z</time></trkpt><trkpt lat="46.02796" lon="-110.44664"><ele>0</ele><time>2026-10-07T11:54:22.828Z</time></trkpt><trkpt lat="46.02786" lon="-110.44667"><ele>0</ele><time>2026-10-07T11:54:22.828Z</time></trkpt><trkpt lat="46.02782" lon="-110.44665"><ele>0</ele><time>2026-10-07T11:54:22.828Z</time></trkpt><trkpt lat="46.02775" lon="-110.44656"><ele>0</ele><time>2026-10-07T11:54:22.828Z</time></trkpt><trkpt lat="46.02769" lon="-110.44653"><ele>0</ele><time>2026-10-07T11:54:22.828Z</time></trkpt><trkpt lat="46.02763" lon="-110.44642"><ele>0</ele><time>2026-10-07T11:54:22.828Z</time></trkpt><trkpt lat="46.02758" lon="-110.44638"><ele>0</ele><time>2026-10-07T11:54:22.828Z</time></trkpt><trkpt lat="46.02748" lon="-110.44637"><ele>0</ele><time>2026-10-07T11:54:22.828Z</time></trkpt><trkpt lat="46.02741" lon="-110.4464"><ele>0</ele><time>2026-10-07T11:54:22.828Z</time></trkpt><trkpt lat="46.02727" lon="-110.44635"><ele>0</ele><time>2026-10-07T11:54:22.828Z</time></trkpt><trkpt lat="46.02704" lon="-110.44636"><ele>0</ele><time>2026-10-07T11:54:22.828Z</time></trkpt><trkpt lat="46.02699" lon="-110.44629"><ele>0</ele><time>2026-10-07T11:54:22.828Z</time></trkpt><trkpt lat="46.02684" lon="-110.44625"><ele>0</ele><time>2026-10-07T11:54:22.828Z</time></trkpt><trkpt lat="46.02681" lon="-110.44629"><ele>0</ele><time>2026-10-07T11:54:22.828Z</time></trkpt><trkpt lat="46.02668" lon="-110.44662"><ele>0</ele><time>2026-10-07T11:54:22.828Z</time></trkpt><trkpt lat="46.02662" lon="-110.44669"><ele>0</ele><time>2026-10-07T11:54:22.828Z</time></trkpt><trkpt lat="46.02662" lon="-110.44681"><ele>0</ele><time>2026-10-07T11:54:22.828Z</time></trkpt><trkpt lat="46.02656" lon="-110.4469"><ele>0</ele><time>2026-10-07T11:54:22.828Z</time></trkpt><trkpt lat="46.0265" lon="-110.44694"><ele>0</ele><time>2026-10-07T11:54:22.828Z</time></trkpt><trkpt lat="46.02631" lon="-110.44716"><ele>0</ele><time>2026-10-07T11:54:22.828Z</time></trkpt><trkpt lat="46.02627" lon="-110.44729"><ele>0</ele><time>2026-10-07T11:54:22.828Z</time></trkpt><trkpt lat="46.02616" lon="-110.44732"><ele>0</ele><time>2026-10-07T11:54:22.828Z</time></trkpt><trkpt lat="46.02611" lon="-110.44743"><ele>0</ele><time>2026-10-07T11:54:22.828Z</time></trkpt><trkpt lat="46.02604" lon="-110.44745"><ele>0</ele><time>2026-10-07T11:54:22.828Z</time></trkpt><trkpt lat="46.02596" lon="-110.44755"><ele>0</ele><time>2026-10-07T11:54:22.828Z</time></trkpt><trkpt lat="46.0259" lon="-110.44757"><ele>0</ele><time>2026-10-07T11:54:22.828Z</time></trkpt><trkpt lat="46.02576" lon="-110.44758"><ele>0</ele><time>2026-10-07T11:54:22.828Z</time></trkpt><trkpt lat="46.02563" lon="-110.44753"><ele>0</ele><time>2026-10-07T11:54:22.829Z</time></trkpt><trkpt lat="46.02556" lon="-110.44742"><ele>0</ele><time>2026-10-07T11:54:22.829Z</time></trkpt><trkpt lat="46.02553" lon="-110.44734"><ele>0</ele><time>2026-10-07T11:54:22.829Z</time></trkpt><trkpt lat="46.02541" lon="-110.44723"><ele>0</ele><time>2026-10-07T11:54:22.829Z</time></trkpt><trkpt lat="46.0253" lon="-110.44683"><ele>0</ele><time>2026-10-07T11:54:22.829Z</time></trkpt><trkpt lat="46.02526" lon="-110.44676"><ele>0</ele><time>2026-10-07T11:54:22.829Z</time></trkpt><trkpt lat="46.02518" lon="-110.44672"><ele>0</ele><time>2026-10-07T11:54:22.829Z</time></trkpt><trkpt lat="46.02508" lon="-110.44672"><ele>0</ele><time>2026-10-07T11:54:22.829Z</time></trkpt><trkpt lat="46.02489" lon="-110.44684"><ele>0</ele><time>2026-10-07T11:54:22.829Z</time></trkpt><trkpt lat="46.0248" lon="-110.4468"><ele>0</ele><time>2026-10-07T11:54:22.829Z</time></trkpt><trkpt lat="46.02462" lon="-110.44692"><ele>0</ele><time>2026-10-07T11:54:22.829Z</time></trkpt><trkpt lat="46.02436" lon="-110.44697"><ele>0</ele><time>2026-10-07T11:54:22.829Z</time></trkpt><trkpt lat="46.02427" lon="-110.44696"><ele>0</ele><time>2026-10-07T11:54:22.829Z</time></trkpt><trkpt lat="46.02416" lon="-110.44689"><ele>0</ele><time>2026-10-07T11:54:22.829Z</time></trkpt><trkpt lat="46.02394" lon="-110.44698"><ele>0</ele><time>2026-10-07T11:54:22.829Z</time></trkpt><trkpt lat="46.02391" lon="-110.44703"><ele>0</ele><time>2026-10-07T11:54:22.829Z</time></trkpt><trkpt lat="46.02392" lon="-110.44715"><ele>0</ele><time>2026-10-07T11:54:22.829Z</time></trkpt><trkpt lat="46.02384" lon="-110.44741"><ele>0</ele><time>2026-10-07T11:54:22.829Z</time></trkpt><trkpt lat="46.02373" lon="-110.44751"><ele>0</ele><time>2026-10-07T11:54:22.829Z</time></trkpt><trkpt lat="46.02356" lon="-110.4476"><ele>0</ele><time>2026-10-07T11:54:22.829Z</time></trkpt><trkpt lat="46.02344" lon="-110.44763"><ele>0</ele><time>2026-10-07T11:54:22.829Z</time></trkpt><trkpt lat="46.02333" lon="-110.44751"><ele>0</ele><time>2026-10-07T11:54:22.829Z</time></trkpt><trkpt lat="46.02317" lon="-110.44744"><ele>0</ele><time>2026-10-07T11:54:22.829Z</time></trkpt><trkpt lat="46.02307" lon="-110.44747"><ele>0</ele><time>2026-10-07T11:54:22.829Z</time></trkpt><trkpt lat="46.02298" lon="-110.44743"><ele>0</ele><time>2026-10-07T11:54:22.829Z</time></trkpt><trkpt lat="46.0228" lon="-110.4474"><ele>0</ele><time>2026-10-07T11:54:22.829Z</time></trkpt><trkpt lat="46.02273" lon="-110.44746"><ele>0</ele><time>2026-10-07T11:54:22.829Z</time></trkpt><trkpt lat="46.02263" lon="-110.4474"><ele>0</ele><time>2026-10-07T11:54:22.829Z</time></trkpt><trkpt lat="46.02253" lon="-110.44742"><ele>0</ele><time>2026-10-07T11:54:22.829Z</time></trkpt><trkpt lat="46.02238" lon="-110.44758"><ele>0</ele><time>2026-10-07T11:54:22.829Z</time></trkpt><trkpt lat="46.02235" lon="-110.44758"><ele>0</ele><time>2026-10-07T11:54:22.829Z</time></trkpt><trkpt lat="46.02232" lon="-110.44754"><ele>0</ele><time>2026-10-07T11:54:22.829Z</time></trkpt><trkpt lat="46.02233" lon="-110.44745"><ele>0</ele><time>2026-10-07T11:54:22.829Z</time></trkpt><trkpt lat="46.02228" lon="-110.44737"><ele>0</ele><time>2026-10-07T11:54:22.829Z</time></trkpt><trkpt lat="46.0222" lon="-110.44736"><ele>0</ele><time>2026-10-07T11:54:22.829Z</time></trkpt><trkpt lat="46.02202" lon="-110.44748"><ele>0</ele><time>2026-10-07T11:54:22.829Z</time></trkpt><trkpt lat="46.02191" lon="-110.44732"><ele>0</ele><time>2026-10-07T11:54:22.829Z</time></trkpt><trkpt lat="46.02182" lon="-110.44732"><ele>0</ele><time>2026-10-07T11:54:22.829Z</time></trkpt><trkpt lat="46.02175" lon="-110.44735"><ele>0</ele><time>2026-10-07T11:54:22.829Z</time></trkpt><trkpt lat="46.02173" lon="-110.44746"><ele>0</ele><time>2026-10-07T11:54:22.829Z</time></trkpt><trkpt lat="46.02174" lon="-110.44757"><ele>0</ele><time>2026-10-07T11:54:22.829Z</time></trkpt><trkpt lat="46.02179" lon="-110.44762"><ele>0</ele><time>2026-10-07T11:54:22.829Z</time></trkpt><trkpt lat="46.02181" lon="-110.44775"><ele>0</ele><time>2026-10-07T11:54:22.829Z</time></trkpt><trkpt lat="46.02188" lon="-110.44787"><ele>0</ele><time>2026-10-07T11:54:22.829Z</time></trkpt><trkpt lat="46.0219" lon="-110.44796"><ele>0</ele><time>2026-10-07T11:54:22.829Z</time></trkpt><trkpt lat="46.02188" lon="-110.44804"><ele>0</ele><time>2026-10-07T11:54:22.829Z</time></trkpt><trkpt lat="46.02165" lon="-110.4484"><ele>0</ele><time>2026-10-07T11:54:22.829Z</time></trkpt><trkpt lat="46.02163" lon="-110.44865"><ele>0</ele><time>2026-10-07T11:54:22.829Z</time></trkpt><trkpt lat="46.02168" lon="-110.44885"><ele>0</ele><time>2026-10-07T11:54:22.829Z</time></trkpt><trkpt lat="46.02163" lon="-110.44907"><ele>0</ele><time>2026-10-07T11:54:22.829Z</time></trkpt><trkpt lat="46.02163" lon="-110.44931"><ele>0</ele><time>2026-10-07T11:54:22.829Z</time></trkpt><trkpt lat="46.02157" lon="-110.44951"><ele>0</ele><time>2026-10-07T11:54:22.829Z</time></trkpt><trkpt lat="46.02155" lon="-110.44971"><ele>0</ele><time>2026-10-07T11:54:22.829Z</time></trkpt><trkpt lat="46.02148" lon="-110.4498"><ele>0</ele><time>2026-10-07T11:54:22.829Z</time></trkpt><trkpt lat="46.02138" lon="-110.44986"><ele>0</ele><time>2026-10-07T11:54:22.829Z</time></trkpt><trkpt lat="46.02118" lon="-110.45026"><ele>0</ele><time>2026-10-07T11:54:22.829Z</time></trkpt><trkpt lat="46.02102" lon="-110.45027"><ele>0</ele><time>2026-10-07T11:54:22.829Z</time></trkpt><trkpt lat="46.02099" lon="-110.45034"><ele>0</ele><time>2026-10-07T11:54:22.829Z</time></trkpt><trkpt lat="46.02092" lon="-110.45039"><ele>0</ele><time>2026-10-07T11:54:22.829Z</time></trkpt><trkpt lat="46.02087" lon="-110.45047"><ele>0</ele><time>2026-10-07T11:54:22.829Z</time></trkpt><trkpt lat="46.02068" lon="-110.45057"><ele>0</ele><time>2026-10-07T11:54:22.829Z</time></trkpt><trkpt lat="46.0206" lon="-110.45056"><ele>0</ele><time>2026-10-07T11:54:22.829Z</time></trkpt><trkpt lat="46.02048" lon="-110.45081"><ele>0</ele><time>2026-10-07T11:54:22.829Z</time></trkpt><trkpt lat="46.02025" lon="-110.45092"><ele>0</ele><time>2026-10-07T11:54:22.829Z</time></trkpt><trkpt lat="46.02013" lon="-110.45116"><ele>0</ele><time>2026-10-07T11:54:22.829Z</time></trkpt><trkpt lat="46.02004" lon="-110.45128"><ele>0</ele><time>2026-10-07T11:54:22.829Z</time></trkpt><trkpt lat="46.01983" lon="-110.45187"><ele>0</ele><time>2026-10-07T11:54:22.829Z</time></trkpt><trkpt lat="46.01978" lon="-110.45187"><ele>0</ele><time>2026-10-07T11:54:22.829Z</time></trkpt><trkpt lat="46.01974" lon="-110.45182"><ele>0</ele><time>2026-10-07T11:54:22.829Z</time></trkpt><trkpt lat="46.01978" lon="-110.45166"><ele>0</ele><time>2026-10-07T11:54:22.829Z</time></trkpt><trkpt lat="46.01978" lon="-110.45147"><ele>0</ele><time>2026-10-07T11:54:22.829Z</time></trkpt><trkpt lat="46.01976" lon="-110.45136"><ele>0</ele><time>2026-10-07T11:54:22.829Z</time></trkpt><trkpt lat="46.01978" lon="-110.45125"><ele>0</ele><time>2026-10-07T11:54:22.829Z</time></trkpt><trkpt lat="46.01974" lon="-110.45113"><ele>0</ele><time>2026-10-07T11:54:22.829Z</time></trkpt><trkpt lat="46.01973" lon="-110.4509"><ele>0</ele><time>2026-10-07T11:54:22.829Z</time></trkpt><trkpt lat="46.01966" lon="-110.45067"><ele>0</ele><time>2026-10-07T11:54:22.829Z</time></trkpt><trkpt lat="46.01955" lon="-110.45058"><ele>0</ele><time>2026-10-07T11:54:22.829Z</time></trkpt><trkpt lat="46.01944" lon="-110.45054"><ele>0</ele><time>2026-10-07T11:54:22.829Z</time></trkpt><trkpt lat="46.01932" lon="-110.45062"><ele>0</ele><time>2026-10-07T11:54:22.829Z</time></trkpt><trkpt lat="46.01925" lon="-110.45062"><ele>0</ele><time>2026-10-07T11:54:22.829Z</time></trkpt><trkpt lat="46.01919" lon="-110.45066"><ele>0</ele><time>2026-10-07T11:54:22.829Z</time></trkpt><trkpt lat="46.01916" lon="-110.45077"><ele>0</ele><time>2026-10-07T11:54:22.829Z</time></trkpt><trkpt lat="46.0191" lon="-110.4508"><ele>0</ele><time>2026-10-07T11:54:22.829Z</time></trkpt><trkpt lat="46.01911" lon="-110.45096"><ele>0</ele><time>2026-10-07T11:54:22.829Z</time></trkpt><trkpt lat="46.01903" lon="-110.45107"><ele>0</ele><time>2026-10-07T11:54:22.829Z</time></trkpt><trkpt lat="46.01901" lon="-110.45116"><ele>0</ele><time>2026-10-07T11:54:22.829Z</time></trkpt><trkpt lat="46.01904" lon="-110.45133"><ele>0</ele><time>2026-10-07T11:54:22.829Z</time></trkpt><trkpt lat="46.01904" lon="-110.4515"><ele>0</ele><time>2026-10-07T11:54:22.829Z</time></trkpt><trkpt lat="46.01901" lon="-110.45155"><ele>0</ele><time>2026-10-07T11:54:22.829Z</time></trkpt><trkpt lat="46.01879" lon="-110.45137"><ele>0</ele><time>2026-10-07T11:54:22.829Z</time></trkpt><trkpt lat="46.0187" lon="-110.45137"><ele>0</ele><time>2026-10-07T11:54:22.829Z</time></trkpt><trkpt lat="46.01847" lon="-110.45116"><ele>0</ele><time>2026-10-07T11:54:22.829Z</time></trkpt><trkpt lat="46.01834" lon="-110.45098"><ele>0</ele><time>2026-10-07T11:54:22.829Z</time></trkpt><trkpt lat="46.0183" lon="-110.45097"><ele>0</ele><time>2026-10-07T11:54:22.829Z</time></trkpt><trkpt lat="46.0182" lon="-110.45102"><ele>0</ele><time>2026-10-07T11:54:22.829Z</time></trkpt><trkpt lat="46.01812" lon="-110.45094"><ele>0</ele><time>2026-10-07T11:54:22.829Z</time></trkpt><trkpt lat="46.01811" lon="-110.45089"><ele>0</ele><time>2026-10-07T11:54:22.829Z</time></trkpt><trkpt lat="46.01814" lon="-110.45071"><ele>0</ele><time>2026-10-07T11:54:22.829Z</time></trkpt><trkpt lat="46.01809" lon="-110.45052"><ele>0</ele><time>2026-10-07T11:54:22.829Z</time></trkpt><trkpt lat="46.0181" lon="-110.45042"><ele>0</ele><time>2026-10-07T11:54:22.829Z</time></trkpt><trkpt lat="46.01824" lon="-110.44986"><ele>0</ele><time>2026-10-07T11:54:22.829Z</time></trkpt><trkpt lat="46.01822" lon="-110.44978"><ele>0</ele><time>2026-10-07T11:54:22.829Z</time></trkpt><trkpt lat="46.01818" lon="-110.44977"><ele>0</ele><time>2026-10-07T11:54:22.829Z</time></trkpt><trkpt lat="46.01797" lon="-110.44993"><ele>0</ele><time>2026-10-07T11:54:22.829Z</time></trkpt><trkpt lat="46.01786" lon="-110.44996"><ele>0</ele><time>2026-10-07T11:54:22.829Z</time></trkpt><trkpt lat="46.01776" lon="-110.44992"><ele>0</ele><time>2026-10-07T11:54:22.829Z</time></trkpt><trkpt lat="46.01767" lon="-110.44982"><ele>0</ele><time>2026-10-07T11:54:22.829Z</time></trkpt><trkpt lat="46.01759" lon="-110.44958"><ele>0</ele><time>2026-10-07T11:54:22.829Z</time></trkpt><trkpt lat="46.01744" lon="-110.44934"><ele>0</ele><time>2026-10-07T11:54:22.829Z</time></trkpt><trkpt lat="46.01735" lon="-110.44909"><ele>0</ele><time>2026-10-07T11:54:22.829Z</time></trkpt><trkpt lat="46.01709" lon="-110.44869"><ele>0</ele><time>2026-10-07T11:54:22.829Z</time></trkpt><trkpt lat="46.01708" lon="-110.44859"><ele>0</ele><time>2026-10-07T11:54:22.829Z</time></trkpt><trkpt lat="46.01711" lon="-110.44842"><ele>0</ele><time>2026-10-07T11:54:22.829Z</time></trkpt><trkpt lat="46.01725" lon="-110.44827"><ele>0</ele><time>2026-10-07T11:54:22.829Z</time></trkpt><trkpt lat="46.0173" lon="-110.44816"><ele>0</ele><time>2026-10-07T11:54:22.829Z</time></trkpt><trkpt lat="46.01729" lon="-110.44798"><ele>0</ele><time>2026-10-07T11:54:22.829Z</time></trkpt><trkpt lat="46.01723" lon="-110.44789"><ele>0</ele><time>2026-10-07T11:54:22.829Z</time></trkpt><trkpt lat="46.01705" lon="-110.44779"><ele>0</ele><time>2026-10-07T11:54:22.829Z</time></trkpt><trkpt lat="46.01685" lon="-110.44754"><ele>0</ele><time>2026-10-07T11:54:22.829Z</time></trkpt><trkpt lat="46.0168" lon="-110.44742"><ele>0</ele><time>2026-10-07T11:54:22.829Z</time></trkpt><trkpt lat="46.01672" lon="-110.44732"><ele>0</ele><time>2026-10-07T11:54:22.829Z</time></trkpt><trkpt lat="46.01643" lon="-110.44706"><ele>0</ele><time>2026-10-07T11:54:22.829Z</time></trkpt><trkpt lat="46.01638" lon="-110.44704"><ele>0</ele><time>2026-10-07T11:54:22.829Z</time></trkpt><trkpt lat="46.01629" lon="-110.44706"><ele>0</ele><time>2026-10-07T11:54:22.829Z</time></trkpt><trkpt lat="46.01617" lon="-110.44724"><ele>0</ele><time>2026-10-07T11:54:22.829Z</time></trkpt><trkpt lat="46.01613" lon="-110.44724"><ele>0</ele><time>2026-10-07T11:54:22.829Z</time></trkpt><trkpt lat="46.01608" lon="-110.44721"><ele>0</ele><time>2026-10-07T11:54:22.829Z</time></trkpt><trkpt lat="46.01593" lon="-110.44699"><ele>0</ele><time>2026-10-07T11:54:22.829Z</time></trkpt><trkpt lat="46.01583" lon="-110.44689"><ele>0</ele><time>2026-10-07T11:54:22.829Z</time></trkpt><trkpt lat="46.01564" lon="-110.44687"><ele>0</ele><time>2026-10-07T11:54:22.829Z</time></trkpt><trkpt lat="46.01552" lon="-110.44691"><ele>0</ele><time>2026-10-07T11:54:22.829Z</time></trkpt><trkpt lat="46.01552" lon="-110.44703"><ele>0</ele><time>2026-10-07T11:54:22.829Z</time></trkpt><trkpt lat="46.0155" lon="-110.44709"><ele>0</ele><time>2026-10-07T11:54:22.829Z</time></trkpt><trkpt lat="46.01541" lon="-110.44717"><ele>0</ele><time>2026-10-07T11:54:22.829Z</time></trkpt><trkpt lat="46.01535" lon="-110.44717"><ele>0</ele><time>2026-10-07T11:54:22.829Z</time></trkpt><trkpt lat="46.0153" lon="-110.44727"><ele>0</ele><time>2026-10-07T11:54:22.829Z</time></trkpt><trkpt lat="46.01531" lon="-110.44733"><ele>0</ele><time>2026-10-07T11:54:22.829Z</time></trkpt><trkpt lat="46.01542" lon="-110.44742"><ele>0</ele><time>2026-10-07T11:54:22.829Z</time></trkpt><trkpt lat="46.01543" lon="-110.44751"><ele>0</ele><time>2026-10-07T11:54:22.829Z</time></trkpt><trkpt lat="46.01518" lon="-110.44777"><ele>0</ele><time>2026-10-07T11:54:22.829Z</time></trkpt><trkpt lat="46.01501" lon="-110.448"><ele>0</ele><time>2026-10-07T11:54:22.829Z</time></trkpt><trkpt lat="46.01496" lon="-110.4482"><ele>0</ele><time>2026-10-07T11:54:22.829Z</time></trkpt><trkpt lat="46.01496" lon="-110.44845"><ele>0</ele><time>2026-10-07T11:54:22.829Z</time></trkpt><trkpt lat="46.01494" lon="-110.44857"><ele>0</ele><time>2026-10-07T11:54:22.829Z</time></trkpt><trkpt lat="46.01491" lon="-110.44866"><ele>0</ele><time>2026-10-07T11:54:22.829Z</time></trkpt><trkpt lat="46.01486" lon="-110.4487"><ele>0</ele><time>2026-10-07T11:54:22.829Z</time></trkpt><trkpt lat="46.01478" lon="-110.44869"><ele>0</ele><time>2026-10-07T11:54:22.829Z</time></trkpt><trkpt lat="46.01469" lon="-110.44862"><ele>0</ele><time>2026-10-07T11:54:22.829Z</time></trkpt><trkpt lat="46.01461" lon="-110.44849"><ele>0</ele><time>2026-10-07T11:54:22.829Z</time></trkpt><trkpt lat="46.01461" lon="-110.44841"><ele>0</ele><time>2026-10-07T11:54:22.829Z</time></trkpt><trkpt lat="46.01476" lon="-110.44807"><ele>0</ele><time>2026-10-07T11:54:22.829Z</time></trkpt><trkpt lat="46.01476" lon="-110.44779"><ele>0</ele><time>2026-10-07T11:54:22.829Z</time></trkpt><trkpt lat="46.01475" lon="-110.4477"><ele>0</ele><time>2026-10-07T11:54:22.829Z</time></trkpt><trkpt lat="46.01458" lon="-110.44757"><ele>0</ele><time>2026-10-07T11:54:22.829Z</time></trkpt><trkpt lat="46.01411" lon="-110.44753"><ele>0</ele><time>2026-10-07T11:54:22.829Z</time></trkpt><trkpt lat="46.01401" lon="-110.44761"><ele>0</ele><time>2026-10-07T11:54:22.829Z</time></trkpt><trkpt lat="46.01387" lon="-110.44782"><ele>0</ele><time>2026-10-07T11:54:22.829Z</time></trkpt><trkpt lat="46.01364" lon="-110.44783"><ele>0</ele><time>2026-10-07T11:54:22.829Z</time></trkpt><trkpt lat="46.01355" lon="-110.44787"><ele>0</ele><time>2026-10-07T11:54:22.829Z</time></trkpt><trkpt lat="46.01336" lon="-110.44788"><ele>0</ele><time>2026-10-07T11:54:22.829Z</time></trkpt><trkpt lat="46.01304" lon="-110.44795"><ele>0</ele><time>2026-10-07T11:54:22.829Z</time></trkpt><trkpt lat="46.01297" lon="-110.44794"><ele>0</ele><time>2026-10-07T11:54:22.829Z</time></trkpt><trkpt lat="46.01254" lon="-110.44772"><ele>0</ele><time>2026-10-07T11:54:22.829Z</time></trkpt><trkpt lat="46.01243" lon="-110.44761"><ele>0</ele><time>2026-10-07T11:54:22.829Z</time></trkpt><trkpt lat="46.01235" lon="-110.44756"><ele>0</ele><time>2026-10-07T11:54:22.829Z</time></trkpt><trkpt lat="46.01222" lon="-110.44731"><ele>0</ele><time>2026-10-07T11:54:22.829Z</time></trkpt><trkpt lat="46.01209" lon="-110.44722"><ele>0</ele><time>2026-10-07T11:54:22.829Z</time></trkpt><trkpt lat="46.01195" lon="-110.44721"><ele>0</ele><time>2026-10-07T11:54:22.829Z</time></trkpt><trkpt lat="46.01179" lon="-110.4473"><ele>0</ele><time>2026-10-07T11:54:22.829Z</time></trkpt><trkpt lat="46.0116" lon="-110.44733"><ele>0</ele><time>2026-10-07T11:54:22.829Z</time></trkpt><trkpt lat="46.01134" lon="-110.44742"><ele>0</ele><time>2026-10-07T11:54:22.829Z</time></trkpt><trkpt lat="46.01125" lon="-110.44742"><ele>0</ele><time>2026-10-07T11:54:22.829Z</time></trkpt><trkpt lat="46.01113" lon="-110.44736"><ele>0</ele><time>2026-10-07T11:54:22.829Z</time></trkpt><trkpt lat="46.01101" lon="-110.44725"><ele>0</ele><time>2026-10-07T11:54:22.829Z</time></trkpt><trkpt lat="46.01085" lon="-110.44694"><ele>0</ele><time>2026-10-07T11:54:22.829Z</time></trkpt><trkpt lat="46.01073" lon="-110.44675"><ele>0</ele><time>2026-10-07T11:54:22.829Z</time></trkpt><trkpt lat="46.01055" lon="-110.44628"><ele>0</ele><time>2026-10-07T11:54:22.829Z</time></trkpt><trkpt lat="46.01048" lon="-110.44587"><ele>0</ele><time>2026-10-07T11:54:22.829Z</time></trkpt><trkpt lat="46.01039" lon="-110.44562"><ele>0</ele><time>2026-10-07T11:54:22.829Z</time></trkpt><trkpt lat="46.01037" lon="-110.44525"><ele>0</ele><time>2026-10-07T11:54:22.829Z</time></trkpt><trkpt lat="46.01018" lon="-110.44467"><ele>0</ele><time>2026-10-07T11:54:22.829Z</time></trkpt><trkpt lat="46.01017" lon="-110.44398"><ele>0</ele><time>2026-10-07T11:54:22.829Z</time></trkpt><trkpt lat="46.01" lon="-110.4431"><ele>0</ele><time>2026-10-07T11:54:22.829Z</time></trkpt><trkpt lat="46.00992" lon="-110.44282"><ele>0</ele><time>2026-10-07T11:54:22.829Z</time></trkpt><trkpt lat="46.00987" lon="-110.44274"><ele>0</ele><time>2026-10-07T11:54:22.829Z</time></trkpt><trkpt lat="46.00988" lon="-110.4426"><ele>0</ele><time>2026-10-07T11:54:22.829Z</time></trkpt><trkpt lat="46.00984" lon="-110.44257"><ele>0</ele><time>2026-10-07T11:54:22.829Z</time></trkpt><trkpt lat="46.00974" lon="-110.44261"><ele>0</ele><time>2026-10-07T11:54:22.829Z</time></trkpt><trkpt lat="46.00965" lon="-110.4428"><ele>0</ele><time>2026-10-07T11:54:22.829Z</time></trkpt><trkpt lat="46.00959" lon="-110.44308"><ele>0</ele><time>2026-10-07T11:54:22.829Z</time></trkpt><trkpt lat="46.00947" lon="-110.44329"><ele>0</ele><time>2026-10-07T11:54:22.829Z</time></trkpt><trkpt lat="46.00936" lon="-110.44337"><ele>0</ele><time>2026-10-07T11:54:22.829Z</time></trkpt><trkpt lat="46.00928" lon="-110.44352"><ele>0</ele><time>2026-10-07T11:54:22.829Z</time></trkpt><trkpt lat="46.00916" lon="-110.44383"><ele>0</ele><time>2026-10-07T11:54:22.829Z</time></trkpt><trkpt lat="46.00905" lon="-110.44391"><ele>0</ele><time>2026-10-07T11:54:22.829Z</time></trkpt><trkpt lat="46.00891" lon="-110.44395"><ele>0</ele><time>2026-10-07T11:54:22.829Z</time></trkpt><trkpt lat="46.00874" lon="-110.44389"><ele>0</ele><time>2026-10-07T11:54:22.829Z</time></trkpt><trkpt lat="46.00868" lon="-110.44383"><ele>0</ele><time>2026-10-07T11:54:22.829Z</time></trkpt><trkpt lat="46.00852" lon="-110.44353"><ele>0</ele><time>2026-10-07T11:54:22.829Z</time></trkpt><trkpt lat="46.00833" lon="-110.44329"><ele>0</ele><time>2026-10-07T11:54:22.829Z</time></trkpt><trkpt lat="46.00833" lon="-110.44325"><ele>0</ele><time>2026-10-07T11:54:22.829Z</time></trkpt><trkpt lat="46.00836" lon="-110.44323"><ele>0</ele><time>2026-10-07T11:54:22.829Z</time></trkpt><trkpt lat="46.00842" lon="-110.44326"><ele>0</ele><time>2026-10-07T11:54:22.829Z</time></trkpt><trkpt lat="46.00864" lon="-110.44349"><ele>0</ele><time>2026-10-07T11:54:22.829Z</time></trkpt><trkpt lat="46.00875" lon="-110.44347"><ele>0</ele><time>2026-10-07T11:54:22.829Z</time></trkpt><trkpt lat="46.00881" lon="-110.44352"><ele>0</ele><time>2026-10-07T11:54:22.829Z</time></trkpt><trkpt lat="46.00886" lon="-110.44346"><ele>0</ele><time>2026-10-07T11:54:22.829Z</time></trkpt><trkpt lat="46.00886" lon="-110.44336"><ele>0</ele><time>2026-10-07T11:54:22.829Z</time></trkpt><trkpt lat="46.00863" lon="-110.4432"><ele>0</ele><time>2026-10-07T11:54:22.829Z</time></trkpt><trkpt lat="46.00846" lon="-110.44298"><ele>0</ele><time>2026-10-07T11:54:22.829Z</time></trkpt><trkpt lat="46.00846" lon="-110.44294"><ele>0</ele><time>2026-10-07T11:54:22.829Z</time></trkpt><trkpt lat="46.00852" lon="-110.44287"><ele>0</ele><time>2026-10-07T11:54:22.829Z</time></trkpt><trkpt lat="46.0085" lon="-110.4428"><ele>0</ele><time>2026-10-07T11:54:22.829Z</time></trkpt><trkpt lat="46.00844" lon="-110.4428"><ele>0</ele><time>2026-10-07T11:54:22.829Z</time></trkpt><trkpt lat="46.00823" lon="-110.44268"><ele>0</ele><time>2026-10-07T11:54:22.829Z</time></trkpt><trkpt lat="46.00744" lon="-110.44244"><ele>0</ele><time>2026-10-07T11:54:22.829Z</time></trkpt><trkpt lat="46.0073" lon="-110.44235"><ele>0</ele><time>2026-10-07T11:54:22.829Z</time></trkpt><trkpt lat="46.00722" lon="-110.44235"><ele>0</ele><time>2026-10-07T11:54:22.829Z</time></trkpt><trkpt lat="46.00715" lon="-110.44229"><ele>0</ele><time>2026-10-07T11:54:22.829Z</time></trkpt><trkpt lat="46.00666" lon="-110.44216"><ele>0</ele><time>2026-10-07T11:54:22.829Z</time></trkpt><trkpt lat="46.0063" lon="-110.44203"><ele>0</ele><time>2026-10-07T11:54:22.829Z</time></trkpt><trkpt lat="46.00611" lon="-110.44203"><ele>0</ele><time>2026-10-07T11:54:22.829Z</time></trkpt><trkpt lat="46.00594" lon="-110.44212"><ele>0</ele><time>2026-10-07T11:54:22.829Z</time></trkpt><trkpt lat="46.00589" lon="-110.44222"><ele>0</ele><time>2026-10-07T11:54:22.829Z</time></trkpt><trkpt lat="46.00588" lon="-110.44257"><ele>0</ele><time>2026-10-07T11:54:22.829Z</time></trkpt><trkpt lat="46.00583" lon="-110.4427"><ele>0</ele><time>2026-10-07T11:54:22.829Z</time></trkpt><trkpt lat="46.00568" lon="-110.44292"><ele>0</ele><time>2026-10-07T11:54:22.829Z</time></trkpt><trkpt lat="46.00566" lon="-110.443"><ele>0</ele><time>2026-10-07T11:54:22.829Z</time></trkpt><trkpt lat="46.00566" lon="-110.44308"><ele>0</ele><time>2026-10-07T11:54:22.829Z</time></trkpt><trkpt lat="46.00569" lon="-110.44316"><ele>0</ele><time>2026-10-07T11:54:22.829Z</time></trkpt><trkpt lat="46.00584" lon="-110.44339"><ele>0</ele><time>2026-10-07T11:54:22.829Z</time></trkpt><trkpt lat="46.00584" lon="-110.44344"><ele>0</ele><time>2026-10-07T11:54:22.829Z</time></trkpt><trkpt lat="46.0058" lon="-110.44346"><ele>0</ele><time>2026-10-07T11:54:22.829Z</time></trkpt><trkpt lat="46.00564" lon="-110.44327"><ele>0</ele><time>2026-10-07T11:54:22.829Z</time></trkpt><trkpt lat="46.00554" lon="-110.4432"><ele>0</ele><time>2026-10-07T11:54:22.829Z</time></trkpt><trkpt lat="46.00549" lon="-110.44314"><ele>0</ele><time>2026-10-07T11:54:22.829Z</time></trkpt><trkpt lat="46.00544" lon="-110.44283"><ele>0</ele><time>2026-10-07T11:54:22.829Z</time></trkpt><trkpt lat="46.00539" lon="-110.44273"><ele>0</ele><time>2026-10-07T11:54:22.829Z</time></trkpt><trkpt lat="46.00519" lon="-110.44253"><ele>0</ele><time>2026-10-07T11:54:22.829Z</time></trkpt><trkpt lat="46.00514" lon="-110.44244"><ele>0</ele><time>2026-10-07T11:54:22.829Z</time></trkpt><trkpt lat="46.0051" lon="-110.44228"><ele>0</ele><time>2026-10-07T11:54:22.829Z</time></trkpt><trkpt lat="46.00507" lon="-110.44227"><ele>0</ele><time>2026-10-07T11:54:22.829Z</time></trkpt><trkpt lat="46.00508" lon="-110.44246"><ele>0</ele><time>2026-10-07T11:54:22.829Z</time></trkpt><trkpt lat="46.00506" lon="-110.44253"><ele>0</ele><time>2026-10-07T11:54:22.829Z</time></trkpt><trkpt lat="46.00496" lon="-110.44254"><ele>0</ele><time>2026-10-07T11:54:22.829Z</time></trkpt><trkpt lat="46.00483" lon="-110.44236"><ele>0</ele><time>2026-10-07T11:54:22.829Z</time></trkpt><trkpt lat="46.00474" lon="-110.44229"><ele>0</ele><time>2026-10-07T11:54:22.829Z</time></trkpt><trkpt lat="46.00467" lon="-110.44206"><ele>0</ele><time>2026-10-07T11:54:22.829Z</time></trkpt><trkpt lat="46.00464" lon="-110.44203"><ele>0</ele><time>2026-10-07T11:54:22.829Z</time></trkpt><trkpt lat="46.00463" lon="-110.44228"><ele>0</ele><time>2026-10-07T11:54:22.829Z</time></trkpt><trkpt lat="46.00458" lon="-110.44244"><ele>0</ele><time>2026-10-07T11:54:22.829Z</time></trkpt><trkpt lat="46.00438" lon="-110.4427"><ele>0</ele><time>2026-10-07T11:54:22.829Z</time></trkpt><trkpt lat="46.00423" lon="-110.44284"><ele>0</ele><time>2026-10-07T11:54:22.829Z</time></trkpt><trkpt lat="46.00381" lon="-110.44333"><ele>0</ele><time>2026-10-07T11:54:22.829Z</time></trkpt><trkpt lat="46.00372" lon="-110.44335"><ele>0</ele><time>2026-10-07T11:54:22.829Z</time></trkpt><trkpt lat="46.00362" lon="-110.44333"><ele>0</ele><time>2026-10-07T11:54:22.829Z</time></trkpt><trkpt lat="46.0035" lon="-110.44326"><ele>0</ele><time>2026-10-07T11:54:22.829Z</time></trkpt><trkpt lat="46.003818" lon="-110.443364"><ele>0</ele><time>2026-10-07T11:54:22.829Z</time></trkpt><trkpt lat="46.00381" lon="-110.44333"><ele>0</ele><time>2026-10-07T11:54:22.829Z</time></trkpt><trkpt lat="46.00423" lon="-110.44284"><ele>0</ele><time>2026-10-07T11:54:22.829Z</time></trkpt><trkpt lat="46.00438" lon="-110.4427"><ele>0</ele><time>2026-10-07T11:54:22.829Z</time></trkpt><trkpt lat="46.00458" lon="-110.44244"><ele>0</ele><time>2026-10-07T11:54:22.829Z</time></trkpt><trkpt lat="46.00463" lon="-110.44228"><ele>0</ele><time>2026-10-07T11:54:22.829Z</time></trkpt><trkpt lat="46.00463" lon="-110.44013"><ele>0</ele><time>2026-10-07T11:54:22.829Z</time></trkpt><trkpt lat="46.00457" lon="-110.43972"><ele>0</ele><time>2026-10-07T11:54:22.829Z</time></trkpt><trkpt lat="46.00472" lon="-110.43811"><ele>0</ele><time>2026-10-07T11:54:22.829Z</time></trkpt><trkpt lat="46.00456" lon="-110.43737"><ele>0</ele><time>2026-10-07T11:54:22.829Z</time></trkpt><trkpt lat="46.00442" lon="-110.43691"><ele>0</ele><time>2026-10-07T11:54:22.829Z</time></trkpt><trkpt lat="46.00435" lon="-110.43679"><ele>0</ele><time>2026-10-07T11:54:22.829Z</time></trkpt><trkpt lat="46.00443" lon="-110.4366"><ele>0</ele><time>2026-10-07T11:54:22.829Z</time></trkpt><trkpt lat="46.00443" lon="-110.43654"><ele>0</ele><time>2026-10-07T11:54:22.829Z</time></trkpt><trkpt lat="46.00425" lon="-110.43616"><ele>0</ele><time>2026-10-07T11:54:22.829Z</time></trkpt><trkpt lat="46.00381" lon="-110.43503"><ele>0</ele><time>2026-10-07T11:54:22.829Z</time></trkpt><trkpt lat="46.00375" lon="-110.43457"><ele>0</ele><time>2026-10-07T11:54:22.829Z</time></trkpt><trkpt lat="46.00366" lon="-110.43434"><ele>0</ele><time>2026-10-07T11:54:22.829Z</time></trkpt><trkpt lat="46.00361" lon="-110.43426"><ele>0</ele><time>2026-10-07T11:54:22.829Z</time></trkpt><trkpt lat="46.00351" lon="-110.4342"><ele>0</ele><time>2026-10-07T11:54:22.829Z</time></trkpt><trkpt lat="46.00336" lon="-110.43391"><ele>0</ele><time>2026-10-07T11:54:22.829Z</time></trkpt><trkpt lat="46.00334" lon="-110.43376"><ele>0</ele><time>2026-10-07T11:54:22.829Z</time></trkpt><trkpt lat="46.00338" lon="-110.43351"><ele>0</ele><time>2026-10-07T11:54:22.829Z</time></trkpt><trkpt lat="46.00341" lon="-110.43343"><ele>0</ele><time>2026-10-07T11:54:22.829Z</time></trkpt><trkpt lat="46.00343" lon="-110.43322"><ele>0</ele><time>2026-10-07T11:54:22.829Z</time></trkpt><trkpt lat="46.00351" lon="-110.43309"><ele>0</ele><time>2026-10-07T11:54:22.829Z</time></trkpt><trkpt lat="46.0035" lon="-110.43286"><ele>0</ele><time>2026-10-07T11:54:22.829Z</time></trkpt><trkpt lat="46.00355" lon="-110.43241"><ele>0</ele><time>2026-10-07T11:54:22.829Z</time></trkpt><trkpt lat="46.00364" lon="-110.43212"><ele>0</ele><time>2026-10-07T11:54:22.829Z</time></trkpt><trkpt lat="46.00365" lon="-110.43183"><ele>0</ele><time>2026-10-07T11:54:22.829Z</time></trkpt><trkpt lat="46.00371" lon="-110.43156"><ele>0</ele><time>2026-10-07T11:54:22.829Z</time></trkpt><trkpt lat="46.0037" lon="-110.43134"><ele>0</ele><time>2026-10-07T11:54:22.829Z</time></trkpt><trkpt lat="46.00372" lon="-110.43128"><ele>0</ele><time>2026-10-07T11:54:22.829Z</time></trkpt><trkpt lat="46.00401" lon="-110.43121"><ele>0</ele><time>2026-10-07T11:54:22.829Z</time></trkpt><trkpt lat="46.00418" lon="-110.43123"><ele>0</ele><time>2026-10-07T11:54:22.829Z</time></trkpt><trkpt lat="46.00432" lon="-110.43116"><ele>0</ele><time>2026-10-07T11:54:22.829Z</time></trkpt><trkpt lat="46.00498" lon="-110.43107"><ele>0</ele><time>2026-10-07T11:54:22.829Z</time></trkpt><trkpt lat="46.00529" lon="-110.43092"><ele>0</ele><time>2026-10-07T11:54:22.829Z</time></trkpt><trkpt lat="46.00582" lon="-110.43054"><ele>0</ele><time>2026-10-07T11:54:22.829Z</time></trkpt><trkpt lat="46.00592" lon="-110.43053"><ele>0</ele><time>2026-10-07T11:54:22.829Z</time></trkpt><trkpt lat="46.00617" lon="-110.43039"><ele>0</ele><time>2026-10-07T11:54:22.829Z</time></trkpt><trkpt lat="46.00639" lon="-110.43039"><ele>0</ele><time>2026-10-07T11:54:22.829Z</time></trkpt><trkpt lat="46.00649" lon="-110.43031"><ele>0</ele><time>2026-10-07T11:54:22.829Z</time></trkpt><trkpt lat="46.00656" lon="-110.43019"><ele>0</ele><time>2026-10-07T11:54:22.829Z</time></trkpt><trkpt lat="46.00698" lon="-110.43002"><ele>0</ele><time>2026-10-07T11:54:22.829Z</time></trkpt><trkpt lat="46.00728" lon="-110.43001"><ele>0</ele><time>2026-10-07T11:54:22.829Z</time></trkpt><trkpt lat="46.00756" lon="-110.42984"><ele>0</ele><time>2026-10-07T11:54:22.829Z</time></trkpt><trkpt lat="46.00787" lon="-110.42954"><ele>0</ele><time>2026-10-07T11:54:22.829Z</time></trkpt><trkpt lat="46.00832" lon="-110.42926"><ele>0</ele><time>2026-10-07T11:54:22.829Z</time></trkpt><trkpt lat="46.00853" lon="-110.42919"><ele>0</ele><time>2026-10-07T11:54:22.829Z</time></trkpt><trkpt lat="46.00858" lon="-110.42902"><ele>0</ele><time>2026-10-07T11:54:22.829Z</time></trkpt><trkpt lat="46.0087" lon="-110.42882"><ele>0</ele><time>2026-10-07T11:54:22.829Z</time></trkpt><trkpt lat="46.0091" lon="-110.42846"><ele>0</ele><time>2026-10-07T11:54:22.829Z</time></trkpt><trkpt lat="46.00928" lon="-110.42815"><ele>0</ele><time>2026-10-07T11:54:22.829Z</time></trkpt><trkpt lat="46.00944" lon="-110.42793"><ele>0</ele><time>2026-10-07T11:54:22.829Z</time></trkpt><trkpt lat="46.00954" lon="-110.42756"><ele>0</ele><time>2026-10-07T11:54:22.829Z</time></trkpt><trkpt lat="46.00974" lon="-110.42714"><ele>0</ele><time>2026-10-07T11:54:22.829Z</time></trkpt><trkpt lat="46.00983" lon="-110.42702"><ele>0</ele><time>2026-10-07T11:54:22.829Z</time></trkpt><trkpt lat="46.01015" lon="-110.42671"><ele>0</ele><time>2026-10-07T11:54:22.829Z</time></trkpt><trkpt lat="46.01063" lon="-110.42652"><ele>0</ele><time>2026-10-07T11:54:22.829Z</time></trkpt><trkpt lat="46.01073" lon="-110.42646"><ele>0</ele><time>2026-10-07T11:54:22.829Z</time></trkpt><trkpt lat="46.01085" lon="-110.4263"><ele>0</ele><time>2026-10-07T11:54:22.829Z</time></trkpt><trkpt lat="46.01102" lon="-110.42619"><ele>0</ele><time>2026-10-07T11:54:22.829Z</time></trkpt><trkpt lat="46.01159" lon="-110.426"><ele>0</ele><time>2026-10-07T11:54:22.829Z</time></trkpt><trkpt lat="46.01202" lon="-110.42578"><ele>0</ele><time>2026-10-07T11:54:22.829Z</time></trkpt><trkpt lat="46.01212" lon="-110.42566"><ele>0</ele><time>2026-10-07T11:54:22.829Z</time></trkpt><trkpt lat="46.01222" lon="-110.42535"><ele>0</ele><time>2026-10-07T11:54:22.829Z</time></trkpt><trkpt lat="46.012478" lon="-110.425002"><ele>0</ele><time>2026-10-07T11:54:22.829Z</time></trkpt><trkpt lat="46.01254" lon="-110.42485"><ele>0</ele><time>2026-10-07T11:54:22.829Z</time></trkpt><trkpt lat="46.01271" lon="-110.4247"><ele>0</ele><time>2026-10-07T11:54:22.829Z</time></trkpt><trkpt lat="46.01291" lon="-110.42458"><ele>0</ele><time>2026-10-07T11:54:22.829Z</time></trkpt><trkpt lat="46.01332" lon="-110.42389"><ele>0</ele><time>2026-10-07T11:54:22.829Z</time></trkpt><trkpt lat="46.01356" lon="-110.42357"><ele>0</ele><time>2026-10-07T11:54:22.829Z</time></trkpt><trkpt lat="46.01421" lon="-110.42287"><ele>0</ele><time>2026-10-07T11:54:22.829Z</time></trkpt><trkpt lat="46.01453" lon="-110.42246"><ele>0</ele><time>2026-10-07T11:54:22.829Z</time></trkpt><trkpt lat="46.01482" lon="-110.42217"><ele>0</ele><time>2026-10-07T11:54:22.829Z</time></trkpt><trkpt lat="46.01525" lon="-110.42147"><ele>0</ele><time>2026-10-07T11:54:22.829Z</time></trkpt><trkpt lat="46.01564" lon="-110.42104"><ele>0</ele><time>2026-10-07T11:54:22.829Z</time></trkpt><trkpt lat="46.01578" lon="-110.42081"><ele>0</ele><time>2026-10-07T11:54:22.829Z</time></trkpt><trkpt lat="46.01588" lon="-110.42057"><ele>0</ele><time>2026-10-07T11:54:22.829Z</time></trkpt><trkpt lat="46.01598" lon="-110.42049"><ele>0</ele><time>2026-10-07T11:54:22.829Z</time></trkpt><trkpt lat="46.01614" lon="-110.42045"><ele>0</ele><time>2026-10-07T11:54:22.829Z</time></trkpt><trkpt lat="46.01628" lon="-110.42045"><ele>0</ele><time>2026-10-07T11:54:22.829Z</time></trkpt><trkpt lat="46.01638" lon="-110.42034"><ele>0</ele><time>2026-10-07T11:54:22.829Z</time></trkpt><trkpt lat="46.01646" lon="-110.42019"><ele>0</ele><time>2026-10-07T11:54:22.829Z</time></trkpt><trkpt lat="46.01671" lon="-110.42007"><ele>0</ele><time>2026-10-07T11:54:22.829Z</time></trkpt><trkpt lat="46.01695" lon="-110.4198"><ele>0</ele><time>2026-10-07T11:54:22.829Z</time></trkpt><trkpt lat="46.01741" lon="-110.41945"><ele>0</ele><time>2026-10-07T11:54:22.829Z</time></trkpt><trkpt lat="46.01777" lon="-110.41907"><ele>0</ele><time>2026-10-07T11:54:22.829Z</time></trkpt><trkpt lat="46.01794" lon="-110.41829"><ele>0</ele><time>2026-10-07T11:54:22.829Z</time></trkpt><trkpt lat="46.01794" lon="-110.41803"><ele>0</ele><time>2026-10-07T11:54:22.829Z</time></trkpt><trkpt lat="46.01802" lon="-110.41775"><ele>0</ele><time>2026-10-07T11:54:22.829Z</time></trkpt><trkpt lat="46.01809" lon="-110.4176"><ele>0</ele><time>2026-10-07T11:54:22.829Z</time></trkpt><trkpt lat="46.01814" lon="-110.41757"><ele>0</ele><time>2026-10-07T11:54:22.829Z</time></trkpt><trkpt lat="46.01835" lon="-110.4172"><ele>0</ele><time>2026-10-07T11:54:22.829Z</time></trkpt><trkpt lat="46.01879" lon="-110.41662"><ele>0</ele><time>2026-10-07T11:54:22.829Z</time></trkpt><trkpt lat="46.01914" lon="-110.41628"><ele>0</ele><time>2026-10-07T11:54:22.829Z</time></trkpt><trkpt lat="46.0195" lon="-110.41585"><ele>0</ele><time>2026-10-07T11:54:22.829Z</time></trkpt><trkpt lat="46.01975" lon="-110.4157"><ele>0</ele><time>2026-10-07T11:54:22.829Z</time></trkpt><trkpt lat="46.01998" lon="-110.41548"><ele>0</ele><time>2026-10-07T11:54:22.829Z</time></trkpt><trkpt lat="46.02083" lon="-110.41479"><ele>0</ele><time>2026-10-07T11:54:22.829Z</time></trkpt><trkpt lat="46.02091" lon="-110.41467"><ele>0</ele><time>2026-10-07T11:54:22.829Z</time></trkpt><trkpt lat="46.02108" lon="-110.41417"><ele>0</ele><time>2026-10-07T11:54:22.829Z</time></trkpt><trkpt lat="46.02116" lon="-110.41386"><ele>0</ele><time>2026-10-07T11:54:22.829Z</time></trkpt><trkpt lat="46.02118" lon="-110.41362"><ele>0</ele><time>2026-10-07T11:54:22.829Z</time></trkpt><trkpt lat="46.02118" lon="-110.41335"><ele>0</ele><time>2026-10-07T11:54:22.829Z</time></trkpt><trkpt lat="46.02112" lon="-110.41302"><ele>0</ele><time>2026-10-07T11:54:22.829Z</time></trkpt><trkpt lat="46.02099" lon="-110.4126"><ele>0</ele><time>2026-10-07T11:54:22.829Z</time></trkpt><trkpt lat="46.02097" lon="-110.41226"><ele>0</ele><time>2026-10-07T11:54:22.829Z</time></trkpt><trkpt lat="46.02107" lon="-110.41182"><ele>0</ele><time>2026-10-07T11:54:22.829Z</time></trkpt><trkpt lat="46.02113" lon="-110.41173"><ele>0</ele><time>2026-10-07T11:54:22.829Z</time></trkpt><trkpt lat="46.02133" lon="-110.41172"><ele>0</ele><time>2026-10-07T11:54:22.829Z</time></trkpt><trkpt lat="46.0214" lon="-110.41166"><ele>0</ele><time>2026-10-07T11:54:22.829Z</time></trkpt><trkpt lat="46.02145" lon="-110.41144"><ele>0</ele><time>2026-10-07T11:54:22.829Z</time></trkpt><trkpt lat="46.02166" lon="-110.40969"><ele>0</ele><time>2026-10-07T11:54:22.829Z</time></trkpt><trkpt lat="46.02193" lon="-110.40944"><ele>0</ele><time>2026-10-07T11:54:22.829Z</time></trkpt><trkpt lat="46.02209" lon="-110.40942"><ele>0</ele><time>2026-10-07T11:54:22.829Z</time></trkpt><trkpt lat="46.02208" lon="-110.40962"><ele>0</ele><time>2026-10-07T11:54:22.829Z</time></trkpt><trkpt lat="46.02221" lon="-110.40997"><ele>0</ele><time>2026-10-07T11:54:22.829Z</time></trkpt><trkpt lat="46.0223" lon="-110.41005"><ele>0</ele><time>2026-10-07T11:54:22.829Z</time></trkpt><trkpt lat="46.0224" lon="-110.41018"><ele>0</ele><time>2026-10-07T11:54:22.829Z</time></trkpt><trkpt lat="46.02255" lon="-110.41051"><ele>0</ele><time>2026-10-07T11:54:22.829Z</time></trkpt><trkpt lat="46.02262" lon="-110.41053"><ele>0</ele><time>2026-10-07T11:54:22.829Z</time></trkpt><trkpt lat="46.02291" lon="-110.41025"><ele>0</ele><time>2026-10-07T11:54:22.829Z</time></trkpt><trkpt lat="46.02341" lon="-110.40997"><ele>0</ele><time>2026-10-07T11:54:22.829Z</time></trkpt><trkpt lat="46.02372" lon="-110.40974"><ele>0</ele><time>2026-10-07T11:54:22.829Z</time></trkpt><trkpt lat="46.02389" lon="-110.40964"><ele>0</ele><time>2026-10-07T11:54:22.829Z</time></trkpt><trkpt lat="46.02425" lon="-110.40921"><ele>0</ele><time>2026-10-07T11:54:22.829Z</time></trkpt><trkpt lat="46.02459" lon="-110.40893"><ele>0</ele><time>2026-10-07T11:54:22.829Z</time></trkpt><trkpt lat="46.02474" lon="-110.40887"><ele>0</ele><time>2026-10-07T11:54:22.829Z</time></trkpt><trkpt lat="46.02482" lon="-110.40877"><ele>0</ele><time>2026-10-07T11:54:22.829Z</time></trkpt><trkpt lat="46.02499" lon="-110.40869"><ele>0</ele><time>2026-10-07T11:54:22.829Z</time></trkpt><trkpt lat="46.02505" lon="-110.40862"><ele>0</ele><time>2026-10-07T11:54:22.829Z</time></trkpt><trkpt lat="46.02511" lon="-110.40861"><ele>0</ele><time>2026-10-07T11:54:22.829Z</time></trkpt><trkpt lat="46.02526" lon="-110.40848"><ele>0</ele><time>2026-10-07T11:54:22.829Z</time></trkpt><trkpt lat="46.02539" lon="-110.40845"><ele>0</ele><time>2026-10-07T11:54:22.829Z</time></trkpt><trkpt lat="46.02549" lon="-110.40836"><ele>0</ele><time>2026-10-07T11:54:22.829Z</time></trkpt><trkpt lat="46.02569" lon="-110.40805"><ele>0</ele><time>2026-10-07T11:54:22.829Z</time></trkpt><trkpt lat="46.02576" lon="-110.4079"><ele>0</ele><time>2026-10-07T11:54:22.829Z</time></trkpt><trkpt lat="46.02588" lon="-110.40778"><ele>0</ele><time>2026-10-07T11:54:22.829Z</time></trkpt><trkpt lat="46.02594" lon="-110.40767"><ele>0</ele><time>2026-10-07T11:54:22.829Z</time></trkpt><trkpt lat="46.02599" lon="-110.40762"><ele>0</ele><time>2026-10-07T11:54:22.829Z</time></trkpt><trkpt lat="46.02613" lon="-110.40759"><ele>0</ele><time>2026-10-07T11:54:22.829Z</time></trkpt><trkpt lat="46.02631" lon="-110.40747"><ele>0</ele><time>2026-10-07T11:54:22.829Z</time></trkpt><trkpt lat="46.02659" lon="-110.40714"><ele>0</ele><time>2026-10-07T11:54:22.829Z</time></trkpt><trkpt lat="46.02669" lon="-110.40712"><ele>0</ele><time>2026-10-07T11:54:22.829Z</time></trkpt><trkpt lat="46.02687" lon="-110.40701"><ele>0</ele><time>2026-10-07T11:54:22.829Z</time></trkpt><trkpt lat="46.02719" lon="-110.40688"><ele>0</ele><time>2026-10-07T11:54:22.829Z</time></trkpt><trkpt lat="46.02756" lon="-110.40661"><ele>0</ele><time>2026-10-07T11:54:22.829Z</time></trkpt><trkpt lat="46.02793" lon="-110.40654"><ele>0</ele><time>2026-10-07T11:54:22.829Z</time></trkpt><trkpt lat="46.02822" lon="-110.40634"><ele>0</ele><time>2026-10-07T11:54:22.829Z</time></trkpt><trkpt lat="46.02856" lon="-110.4062"><ele>0</ele><time>2026-10-07T11:54:22.829Z</time></trkpt><trkpt lat="46.02872" lon="-110.40607"><ele>0</ele><time>2026-10-07T11:54:22.829Z</time></trkpt><trkpt lat="46.02911" lon="-110.40597"><ele>0</ele><time>2026-10-07T11:54:22.829Z</time></trkpt><trkpt lat="46.02947" lon="-110.40594"><ele>0</ele><time>2026-10-07T11:54:22.829Z</time></trkpt><trkpt lat="46.02955" lon="-110.40598"><ele>0</ele><time>2026-10-07T11:54:22.829Z</time></trkpt><trkpt lat="46.02989" lon="-110.40604"><ele>0</ele><time>2026-10-07T11:54:22.829Z</time></trkpt><trkpt lat="46.02995" lon="-110.40603"><ele>0</ele><time>2026-10-07T11:54:22.829Z</time></trkpt><trkpt lat="46.03023" lon="-110.40612"><ele>0</ele><time>2026-10-07T11:54:22.829Z</time></trkpt><trkpt lat="46.03038" lon="-110.40614"><ele>0</ele><time>2026-10-07T11:54:22.829Z</time></trkpt><trkpt lat="46.03052" lon="-110.40632"><ele>0</ele><time>2026-10-07T11:54:22.829Z</time></trkpt><trkpt lat="46.03107" lon="-110.40668"><ele>0</ele><time>2026-10-07T11:54:22.829Z</time></trkpt><trkpt lat="46.03139" lon="-110.40674"><ele>0</ele><time>2026-10-07T11:54:22.829Z</time></trkpt><trkpt lat="46.03182" lon="-110.40676"><ele>0</ele><time>2026-10-07T11:54:22.829Z</time></trkpt><trkpt lat="46.03204" lon="-110.40671"><ele>0</ele><time>2026-10-07T11:54:22.829Z</time></trkpt><trkpt lat="46.03232" lon="-110.40686"><ele>0</ele><time>2026-10-07T11:54:22.829Z</time></trkpt><trkpt lat="46.03259" lon="-110.40695"><ele>0</ele><time>2026-10-07T11:54:22.829Z</time></trkpt><trkpt lat="46.03268" lon="-110.40697"><ele>0</ele><time>2026-10-07T11:54:22.829Z</time></trkpt><trkpt lat="46.03289" lon="-110.40695"><ele>0</ele><time>2026-10-07T11:54:22.829Z</time></trkpt><trkpt lat="46.03301" lon="-110.40698"><ele>0</ele><time>2026-10-07T11:54:22.829Z</time></trkpt><trkpt lat="46.03324" lon="-110.40712"><ele>0</ele><time>2026-10-07T11:54:22.829Z</time></trkpt><trkpt lat="46.03387" lon="-110.40736"><ele>0</ele><time>2026-10-07T11:54:22.829Z</time></trkpt><trkpt lat="46.03424" lon="-110.40774"><ele>0</ele><time>2026-10-07T11:54:22.829Z</time></trkpt><trkpt lat="46.03439" lon="-110.40783"><ele>0</ele><time>2026-10-07T11:54:22.829Z</time></trkpt><trkpt lat="46.0345" lon="-110.40781"><ele>0</ele><time>2026-10-07T11:54:22.829Z</time></trkpt><trkpt lat="46.03455" lon="-110.40784"><ele>0</ele><time>2026-10-07T11:54:22.829Z</time></trkpt><trkpt lat="46.03463" lon="-110.40801"><ele>0</ele><time>2026-10-07T11:54:22.829Z</time></trkpt><trkpt lat="46.03508" lon="-110.40834"><ele>0</ele><time>2026-10-07T11:54:22.829Z</time></trkpt><trkpt lat="46.03531" lon="-110.4084"><ele>0</ele><time>2026-10-07T11:54:22.829Z</time></trkpt><trkpt lat="46.03552" lon="-110.40851"><ele>0</ele><time>2026-10-07T11:54:22.829Z</time></trkpt><trkpt lat="46.0356" lon="-110.4086"><ele>0</ele><time>2026-10-07T11:54:22.829Z</time></trkpt><trkpt lat="46.03605" lon="-110.40889"><ele>0</ele><time>2026-10-07T11:54:22.829Z</time></trkpt><trkpt lat="46.03629" lon="-110.40915"><ele>0</ele><time>2026-10-07T11:54:22.829Z</time></trkpt><trkpt lat="46.03638" lon="-110.40921"><ele>0</ele><time>2026-10-07T11:54:22.829Z</time></trkpt><trkpt lat="46.03667" lon="-110.40956"><ele>0</ele><time>2026-10-07T11:54:22.829Z</time></trkpt><trkpt lat="46.03685" lon="-110.40981"><ele>0</ele><time>2026-10-07T11:54:22.829Z</time></trkpt><trkpt lat="46.03729" lon="-110.4102"><ele>0</ele><time>2026-10-07T11:54:22.829Z</time></trkpt><trkpt lat="46.03742" lon="-110.41029"><ele>0</ele><time>2026-10-07T11:54:22.829Z</time></trkpt><trkpt lat="46.0375" lon="-110.41031"><ele>0</ele><time>2026-10-07T11:54:22.829Z</time></trkpt><trkpt lat="46.03756" lon="-110.41044"><ele>0</ele><time>2026-10-07T11:54:22.829Z</time></trkpt><trkpt lat="46.03791" lon="-110.41063"><ele>0</ele><time>2026-10-07T11:54:22.829Z</time></trkpt><trkpt lat="46.03812" lon="-110.41093"><ele>0</ele><time>2026-10-07T11:54:22.829Z</time></trkpt><trkpt lat="46.03843" lon="-110.41119"><ele>0</ele><time>2026-10-07T11:54:22.829Z</time></trkpt><trkpt lat="46.03862" lon="-110.41143"><ele>0</ele><time>2026-10-07T11:54:22.829Z</time></trkpt><trkpt lat="46.03879" lon="-110.41161"><ele>0</ele><time>2026-10-07T11:54:22.829Z</time></trkpt><trkpt lat="46.03903" lon="-110.41162"><ele>0</ele><time>2026-10-07T11:54:22.829Z</time></trkpt><trkpt lat="46.03924" lon="-110.41167"><ele>0</ele><time>2026-10-07T11:54:22.829Z</time></trkpt><trkpt lat="46.03987" lon="-110.41191"><ele>0</ele><time>2026-10-07T11:54:22.829Z</time></trkpt><trkpt lat="46.03992" lon="-110.41194"><ele>0</ele><time>2026-10-07T11:54:22.829Z</time></trkpt><trkpt lat="46.04012" lon="-110.41218"><ele>0</ele><time>2026-10-07T11:54:22.829Z</time></trkpt><trkpt lat="46.0405" lon="-110.41245"><ele>0</ele><time>2026-10-07T11:54:22.829Z</time></trkpt><trkpt lat="46.04081" lon="-110.4126"><ele>0</ele><time>2026-10-07T11:54:22.829Z</time></trkpt><trkpt lat="46.04109" lon="-110.41264"><ele>0</ele><time>2026-10-07T11:54:22.829Z</time></trkpt><trkpt lat="46.04123" lon="-110.41277"><ele>0</ele><time>2026-10-07T11:54:22.829Z</time></trkpt><trkpt lat="46.04139" lon="-110.41279"><ele>0</ele><time>2026-10-07T11:54:22.829Z</time></trkpt><trkpt lat="46.04157" lon="-110.41295"><ele>0</ele><time>2026-10-07T11:54:22.829Z</time></trkpt><trkpt lat="46.04158" lon="-110.41305"><ele>0</ele><time>2026-10-07T11:54:22.829Z</time></trkpt><trkpt lat="46.04153" lon="-110.41328"><ele>0</ele><time>2026-10-07T11:54:22.829Z</time></trkpt><trkpt lat="46.04187" lon="-110.41368"><ele>0</ele><time>2026-10-07T11:54:22.829Z</time></trkpt><trkpt lat="46.04195" lon="-110.41386"><ele>0</ele><time>2026-10-07T11:54:22.829Z</time></trkpt><trkpt lat="46.04221" lon="-110.41403"><ele>0</ele><time>2026-10-07T11:54:22.829Z</time></trkpt><trkpt lat="46.04238" lon="-110.41422"><ele>0</ele><time>2026-10-07T11:54:22.829Z</time></trkpt><trkpt lat="46.04274" lon="-110.41452"><ele>0</ele><time>2026-10-07T11:54:22.829Z</time></trkpt><trkpt lat="46.0429" lon="-110.4146"><ele>0</ele><time>2026-10-07T11:54:22.829Z</time></trkpt><trkpt lat="46.04309" lon="-110.41485"><ele>0</ele><time>2026-10-07T11:54:22.829Z</time></trkpt><trkpt lat="46.04339" lon="-110.41506"><ele>0</ele><time>2026-10-07T11:54:22.829Z</time></trkpt><trkpt lat="46.04343" lon="-110.41514"><ele>0</ele><time>2026-10-07T11:54:22.829Z</time></trkpt><trkpt lat="46.04362" lon="-110.41535"><ele>0</ele><time>2026-10-07T11:54:22.829Z</time></trkpt><trkpt lat="46.04388" lon="-110.41583"><ele>0</ele><time>2026-10-07T11:54:22.829Z</time></trkpt><trkpt lat="46.04421" lon="-110.41629"><ele>0</ele><time>2026-10-07T11:54:22.829Z</time></trkpt><trkpt lat="46.04441" lon="-110.41679"><ele>0</ele><time>2026-10-07T11:54:22.829Z</time></trkpt><trkpt lat="46.04445" lon="-110.4171"><ele>0</ele><time>2026-10-07T11:54:22.829Z</time></trkpt><trkpt lat="46.04464" lon="-110.41768"><ele>0</ele><time>2026-10-07T11:54:22.829Z</time></trkpt><trkpt lat="46.04478" lon="-110.41788"><ele>0</ele><time>2026-10-07T11:54:22.829Z</time></trkpt><trkpt lat="46.04481" lon="-110.41798"><ele>0</ele><time>2026-10-07T11:54:22.829Z</time></trkpt><trkpt lat="46.04506" lon="-110.41838"><ele>0</ele><time>2026-10-07T11:54:22.829Z</time></trkpt><trkpt lat="46.04514" lon="-110.41857"><ele>0</ele><time>2026-10-07T11:54:22.829Z</time></trkpt><trkpt lat="46.04544" lon="-110.41909"><ele>0</ele><time>2026-10-07T11:54:22.829Z</time></trkpt><trkpt lat="46.04553" lon="-110.4192"><ele>0</ele><time>2026-10-07T11:54:22.829Z</time></trkpt><trkpt lat="46.0456" lon="-110.41936"><ele>0</ele><time>2026-10-07T11:54:22.829Z</time></trkpt><trkpt lat="46.04578" lon="-110.41961"><ele>0</ele><time>2026-10-07T11:54:22.829Z</time></trkpt><trkpt lat="46.04602" lon="-110.42011"><ele>0</ele><time>2026-10-07T11:54:22.829Z</time></trkpt><trkpt lat="46.04617" lon="-110.42068"><ele>0</ele><time>2026-10-07T11:54:22.829Z</time></trkpt><trkpt lat="46.04627" lon="-110.42082"><ele>0</ele><time>2026-10-07T11:54:22.829Z</time></trkpt><trkpt lat="46.04634" lon="-110.42104"><ele>0</ele><time>2026-10-07T11:54:22.829Z</time></trkpt><trkpt lat="46.04669" lon="-110.42159"><ele>0</ele><time>2026-10-07T11:54:22.829Z</time></trkpt><trkpt lat="46.04673" lon="-110.42172"><ele>0</ele><time>2026-10-07T11:54:22.829Z</time></trkpt><trkpt lat="46.04676" lon="-110.42174"><ele>0</ele><time>2026-10-07T11:54:22.829Z</time></trkpt><trkpt lat="46.04698" lon="-110.42137"><ele>0</ele><time>2026-10-07T11:54:22.829Z</time></trkpt><trkpt lat="46.04702" lon="-110.42135"><ele>0</ele><time>2026-10-07T11:54:22.829Z</time></trkpt><trkpt lat="46.04719" lon="-110.42148"><ele>0</ele><time>2026-10-07T11:54:22.829Z</time></trkpt><trkpt lat="46.0474" lon="-110.42187"><ele>0</ele><time>2026-10-07T11:54:22.829Z</time></trkpt><trkpt lat="46.04764" lon="-110.42252"><ele>0</ele><time>2026-10-07T11:54:22.829Z</time></trkpt><trkpt lat="46.04777" lon="-110.42321"><ele>0</ele><time>2026-10-07T11:54:22.829Z</time></trkpt><trkpt lat="46.04793" lon="-110.42344"><ele>0</ele><time>2026-10-07T11:54:22.829Z</time></trkpt><trkpt lat="46.04808" lon="-110.42358"><ele>0</ele><time>2026-10-07T11:54:22.829Z</time></trkpt><trkpt lat="46.04826" lon="-110.42369"><ele>0</ele><time>2026-10-07T11:54:22.829Z</time></trkpt><trkpt lat="46.0484" lon="-110.42385"><ele>0</ele><time>2026-10-07T11:54:22.829Z</time></trkpt><trkpt lat="46.04857" lon="-110.42417"><ele>0</ele><time>2026-10-07T11:54:22.829Z</time></trkpt><trkpt lat="46.04863" lon="-110.42423"><ele>0</ele><time>2026-10-07T11:54:22.829Z</time></trkpt><trkpt lat="46.04882" lon="-110.42433"><ele>0</ele><time>2026-10-07T11:54:22.829Z</time></trkpt><trkpt lat="46.04891" lon="-110.42433"><ele>0</ele><time>2026-10-07T11:54:22.829Z</time></trkpt><trkpt lat="46.04899" lon="-110.42437"><ele>0</ele><time>2026-10-07T11:54:22.829Z</time></trkpt><trkpt lat="46.04913" lon="-110.42448"><ele>0</ele><time>2026-10-07T11:54:22.829Z</time></trkpt><trkpt lat="46.04919" lon="-110.42461"><ele>0</ele><time>2026-10-07T11:54:22.829Z</time></trkpt><trkpt lat="46.04929" lon="-110.42471"><ele>0</ele><time>2026-10-07T11:54:22.829Z</time></trkpt><trkpt lat="46.04985" lon="-110.42511"><ele>0</ele><time>2026-10-07T11:54:22.829Z</time></trkpt><trkpt lat="46.04998" lon="-110.42511"><ele>0</ele><time>2026-10-07T11:54:22.829Z</time></trkpt><trkpt lat="46.0501" lon="-110.42519"><ele>0</ele><time>2026-10-07T11:54:22.829Z</time></trkpt><trkpt lat="46.05046" lon="-110.42527"><ele>0</ele><time>2026-10-07T11:54:22.829Z</time></trkpt><trkpt lat="46.0506" lon="-110.42535"><ele>0</ele><time>2026-10-07T11:54:22.829Z</time></trkpt><trkpt lat="46.05086" lon="-110.42555"><ele>0</ele><time>2026-10-07T11:54:22.829Z</time></trkpt><trkpt lat="46.05116" lon="-110.42589"><ele>0</ele><time>2026-10-07T11:54:22.829Z</time></trkpt><trkpt lat="46.05158" lon="-110.42609"><ele>0</ele><time>2026-10-07T11:54:22.829Z</time></trkpt><trkpt lat="46.05226" lon="-110.42653"><ele>0</ele><time>2026-10-07T11:54:22.829Z</time></trkpt><trkpt lat="46.05241" lon="-110.42674"><ele>0</ele><time>2026-10-07T11:54:22.829Z</time></trkpt><trkpt lat="46.05249" lon="-110.42677"><ele>0</ele><time>2026-10-07T11:54:22.829Z</time></trkpt><trkpt lat="46.05261" lon="-110.42694"><ele>0</ele><time>2026-10-07T11:54:22.829Z</time></trkpt><trkpt lat="46.05279" lon="-110.42731"><ele>0</ele><time>2026-10-07T11:54:22.829Z</time></trkpt><trkpt lat="46.05292" lon="-110.4274"><ele>0</ele><time>2026-10-07T11:54:22.829Z</time></trkpt><trkpt lat="46.05296" lon="-110.42748"><ele>0</ele><time>2026-10-07T11:54:22.829Z</time></trkpt><trkpt lat="46.0531" lon="-110.42754"><ele>0</ele><time>2026-10-07T11:54:22.829Z</time></trkpt><trkpt lat="46.05312" lon="-110.42761"><ele>0</ele><time>2026-10-07T11:54:22.829Z</time></trkpt><trkpt lat="46.05322" lon="-110.42764"><ele>0</ele><time>2026-10-07T11:54:22.829Z</time></trkpt><trkpt lat="46.05328" lon="-110.42776"><ele>0</ele><time>2026-10-07T11:54:22.829Z</time></trkpt><trkpt lat="46.05341" lon="-110.42789"><ele>0</ele><time>2026-10-07T11:54:22.829Z</time></trkpt><trkpt lat="46.0535" lon="-110.42789"><ele>0</ele><time>2026-10-07T11:54:22.829Z</time></trkpt><trkpt lat="46.05356" lon="-110.42793"><ele>0</ele><time>2026-10-07T11:54:22.829Z</time></trkpt><trkpt lat="46.05371" lon="-110.42793"><ele>0</ele><time>2026-10-07T11:54:22.829Z</time></trkpt><trkpt lat="46.05382" lon="-110.428"><ele>0</ele><time>2026-10-07T11:54:22.829Z</time></trkpt><trkpt lat="46.05396" lon="-110.42803"><ele>0</ele><time>2026-10-07T11:54:22.829Z</time></trkpt><trkpt lat="46.05409" lon="-110.4281"><ele>0</ele><time>2026-10-07T11:54:22.829Z</time></trkpt><trkpt lat="46.05458" lon="-110.42815"><ele>0</ele><time>2026-10-07T11:54:22.829Z</time></trkpt><trkpt lat="46.05519" lon="-110.42791"><ele>0</ele><time>2026-10-07T11:54:22.829Z</time></trkpt><trkpt lat="46.05542" lon="-110.42793"><ele>0</ele><time>2026-10-07T11:54:22.829Z</time></trkpt><trkpt lat="46.05558" lon="-110.42789"><ele>0</ele><time>2026-10-07T11:54:22.829Z</time></trkpt><trkpt lat="46.05637" lon="-110.4279"><ele>0</ele><time>2026-10-07T11:54:22.829Z</time></trkpt><trkpt lat="46.05649" lon="-110.42794"><ele>0</ele><time>2026-10-07T11:54:22.829Z</time></trkpt><trkpt lat="46.05708" lon="-110.4279"><ele>0</ele><time>2026-10-07T11:54:22.829Z</time></trkpt><trkpt lat="46.05723" lon="-110.42793"><ele>0</ele><time>2026-10-07T11:54:22.829Z</time></trkpt><trkpt lat="46.05759" lon="-110.42789"><ele>0</ele><time>2026-10-07T11:54:22.829Z</time></trkpt><trkpt lat="46.05774" lon="-110.42783"><ele>0</ele><time>2026-10-07T11:54:22.829Z</time></trkpt><trkpt lat="46.05799" lon="-110.42779"><ele>0</ele><time>2026-10-07T11:54:22.829Z</time></trkpt><trkpt lat="46.05823" lon="-110.42766"><ele>0</ele><time>2026-10-07T11:54:22.829Z</time></trkpt><trkpt lat="46.05842" lon="-110.4276"><ele>0</ele><time>2026-10-07T11:54:22.829Z</time></trkpt><trkpt lat="46.05885" lon="-110.42759"><ele>0</ele><time>2026-10-07T11:54:22.829Z</time></trkpt><trkpt lat="46.05911" lon="-110.42767"><ele>0</ele><time>2026-10-07T11:54:22.829Z</time></trkpt><trkpt lat="46.0592" lon="-110.42766"><ele>0</ele><time>2026-10-07T11:54:22.829Z</time></trkpt><trkpt lat="46.06" lon="-110.42737"><ele>0</ele><time>2026-10-07T11:54:22.829Z</time></trkpt><trkpt lat="46.06087" lon="-110.42732"><ele>0</ele><time>2026-10-07T11:54:22.829Z</time></trkpt><trkpt lat="46.061" lon="-110.42726"><ele>0</ele><time>2026-10-07T11:54:22.829Z</time></trkpt><trkpt lat="46.06107" lon="-110.42714"><ele>0</ele><time>2026-10-07T11:54:22.829Z</time></trkpt><trkpt lat="46.06128" lon="-110.4269"><ele>0</ele><time>2026-10-07T11:54:22.829Z</time></trkpt><trkpt lat="46.0615" lon="-110.42677"><ele>0</ele><time>2026-10-07T11:54:22.829Z</time></trkpt><trkpt lat="46.06157" lon="-110.4267"><ele>0</ele><time>2026-10-07T11:54:22.829Z</time></trkpt><trkpt lat="46.06192" lon="-110.42658"><ele>0</ele><time>2026-10-07T11:54:22.829Z</time></trkpt><trkpt lat="46.0621" lon="-110.42648"><ele>0</ele><time>2026-10-07T11:54:22.829Z</time></trkpt><trkpt lat="46.0622" lon="-110.42646"><ele>0</ele><time>2026-10-07T11:54:22.829Z</time></trkpt><trkpt lat="46.06235" lon="-110.42635"><ele>0</ele><time>2026-10-07T11:54:22.829Z</time></trkpt><trkpt lat="46.06253" lon="-110.42631"><ele>0</ele><time>2026-10-07T11:54:22.829Z</time></trkpt><trkpt lat="46.06273" lon="-110.42613"><ele>0</ele><time>2026-10-07T11:54:22.829Z</time></trkpt><trkpt lat="46.06284" lon="-110.42608"><ele>0</ele><time>2026-10-07T11:54:22.829Z</time></trkpt><trkpt lat="46.06293" lon="-110.42607"><ele>0</ele><time>2026-10-07T11:54:22.829Z</time></trkpt><trkpt lat="46.06327" lon="-110.42614"><ele>0</ele><time>2026-10-07T11:54:22.829Z</time></trkpt><trkpt lat="46.06356" lon="-110.42628"><ele>0</ele><time>2026-10-07T11:54:22.829Z</time></trkpt><trkpt lat="46.06364" lon="-110.42629"><ele>0</ele><time>2026-10-07T11:54:22.829Z</time></trkpt><trkpt lat="46.064" lon="-110.42623"><ele>0</ele><time>2026-10-07T11:54:22.829Z</time></trkpt><trkpt lat="46.06433" lon="-110.42604"><ele>0</ele><time>2026-10-07T11:54:22.829Z</time></trkpt><trkpt lat="46.06439" lon="-110.42596"><ele>0</ele><time>2026-10-07T11:54:22.829Z</time></trkpt><trkpt lat="46.06454" lon="-110.42586"><ele>0</ele><time>2026-10-07T11:54:22.829Z</time></trkpt><trkpt lat="46.06475" lon="-110.42582"><ele>0</ele><time>2026-10-07T11:54:22.829Z</time></trkpt><trkpt lat="46.06552" lon="-110.42558"><ele>0</ele><time>2026-10-07T11:54:22.829Z</time></trkpt><trkpt lat="46.06621" lon="-110.42508"><ele>0</ele><time>2026-10-07T11:54:22.829Z</time></trkpt><trkpt lat="46.06629" lon="-110.42481"><ele>0</ele><time>2026-10-07T11:54:22.829Z</time></trkpt><trkpt lat="46.06636" lon="-110.42469"><ele>0</ele><time>2026-10-07T11:54:22.829Z</time></trkpt><trkpt lat="46.06655" lon="-110.42448"><ele>0</ele><time>2026-10-07T11:54:22.829Z</time></trkpt><trkpt lat="46.06664" lon="-110.42431"><ele>0</ele><time>2026-10-07T11:54:22.829Z</time></trkpt><trkpt lat="46.06693" lon="-110.42402"><ele>0</ele><time>2026-10-07T11:54:22.829Z</time></trkpt><trkpt lat="46.06711" lon="-110.42375"><ele>0</ele><time>2026-10-07T11:54:22.829Z</time></trkpt><trkpt lat="46.0673" lon="-110.42353"><ele>0</ele><time>2026-10-07T11:54:22.829Z</time></trkpt><trkpt lat="46.06743" lon="-110.42344"><ele>0</ele><time>2026-10-07T11:54:22.829Z</time></trkpt><trkpt lat="46.06769" lon="-110.42347"><ele>0</ele><time>2026-10-07T11:54:22.829Z</time></trkpt><trkpt lat="46.06778" lon="-110.42344"><ele>0</ele><time>2026-10-07T11:54:22.829Z</time></trkpt><trkpt lat="46.06808" lon="-110.42325"><ele>0</ele><time>2026-10-07T11:54:22.829Z</time></trkpt><trkpt lat="46.06825" lon="-110.42318"><ele>0</ele><time>2026-10-07T11:54:22.829Z</time></trkpt><trkpt lat="46.06834" lon="-110.42302"><ele>0</ele><time>2026-10-07T11:54:22.829Z</time></trkpt><trkpt lat="46.06841" lon="-110.42299"><ele>0</ele><time>2026-10-07T11:54:22.829Z</time></trkpt><trkpt lat="46.06849" lon="-110.42302"><ele>0</ele><time>2026-10-07T11:54:22.829Z</time></trkpt><trkpt lat="46.06868" lon="-110.42293"><ele>0</ele><time>2026-10-07T11:54:22.829Z</time></trkpt><trkpt lat="46.06898" lon="-110.42292"><ele>0</ele><time>2026-10-07T11:54:22.829Z</time></trkpt><trkpt lat="46.06932" lon="-110.42298"><ele>0</ele><time>2026-10-07T11:54:22.829Z</time></trkpt><trkpt lat="46.06983" lon="-110.42269"><ele>0</ele><time>2026-10-07T11:54:22.829Z</time></trkpt><trkpt lat="46.07058" lon="-110.42218"><ele>0</ele><time>2026-10-07T11:54:22.829Z</time></trkpt><trkpt lat="46.07086" lon="-110.42159"><ele>0</ele><time>2026-10-07T11:54:22.829Z</time></trkpt><trkpt lat="46.07101" lon="-110.42152"><ele>0</ele><time>2026-10-07T11:54:22.829Z</time></trkpt><trkpt lat="46.07172" lon="-110.421"><ele>0</ele><time>2026-10-07T11:54:22.829Z</time></trkpt><trkpt lat="46.07175" lon="-110.42088"><ele>0</ele><time>2026-10-07T11:54:22.829Z</time></trkpt><trkpt lat="46.07185" lon="-110.4207"><ele>0</ele><time>2026-10-07T11:54:22.829Z</time></trkpt><trkpt lat="46.07188" lon="-110.4207"><ele>0</ele><time>2026-10-07T11:54:22.829Z</time></trkpt><trkpt lat="46.07196" lon="-110.42105"><ele>0</ele><time>2026-10-07T11:54:22.829Z</time></trkpt><trkpt lat="46.07196" lon="-110.4212"><ele>0</ele><time>2026-10-07T11:54:22.829Z</time></trkpt><trkpt lat="46.0719" lon="-110.42148"><ele>0</ele><time>2026-10-07T11:54:22.829Z</time></trkpt><trkpt lat="46.07186" lon="-110.42157"><ele>0</ele><time>2026-10-07T11:54:22.829Z</time></trkpt><trkpt lat="46.07185" lon="-110.42173"><ele>0</ele><time>2026-10-07T11:54:22.829Z</time></trkpt><trkpt lat="46.07205" lon="-110.42151"><ele>0</ele><time>2026-10-07T11:54:22.829Z</time></trkpt><trkpt lat="46.07223" lon="-110.42146"><ele>0</ele><time>2026-10-07T11:54:22.829Z</time></trkpt><trkpt lat="46.07233" lon="-110.42128"><ele>0</ele><time>2026-10-07T11:54:22.829Z</time></trkpt><trkpt lat="46.07257" lon="-110.42097"><ele>0</ele><time>2026-10-07T11:54:22.829Z</time></trkpt><trkpt lat="46.07256" lon="-110.42119"><ele>0</ele><time>2026-10-07T11:54:22.829Z</time></trkpt><trkpt lat="46.07237" lon="-110.42195"><ele>0</ele><time>2026-10-07T11:54:22.829Z</time></trkpt><trkpt lat="46.07235" lon="-110.42219"><ele>0</ele><time>2026-10-07T11:54:22.829Z</time></trkpt><trkpt lat="46.0727" lon="-110.42174"><ele>0</ele><time>2026-10-07T11:54:22.829Z</time></trkpt><trkpt lat="46.07277" lon="-110.4217"><ele>0</ele><time>2026-10-07T11:54:22.829Z</time></trkpt><trkpt lat="46.07288" lon="-110.42152"><ele>0</ele><time>2026-10-07T11:54:22.829Z</time></trkpt><trkpt lat="46.07299" lon="-110.42143"><ele>0</ele><time>2026-10-07T11:54:22.829Z</time></trkpt><trkpt lat="46.07309" lon="-110.4213"><ele>0</ele><time>2026-10-07T11:54:22.829Z</time></trkpt><trkpt lat="46.07318" lon="-110.42114"><ele>0</ele><time>2026-10-07T11:54:22.829Z</time></trkpt><trkpt lat="46.07323" lon="-110.42101"><ele>0</ele><time>2026-10-07T11:54:22.829Z</time></trkpt><trkpt lat="46.07327" lon="-110.42076"><ele>0</ele><time>2026-10-07T11:54:22.829Z</time></trkpt><trkpt lat="46.07332" lon="-110.42095"><ele>0</ele><time>2026-10-07T11:54:22.829Z</time></trkpt><trkpt lat="46.07332" lon="-110.42112"><ele>0</ele><time>2026-10-07T11:54:22.829Z</time></trkpt><trkpt lat="46.07333" lon="-110.42115"><ele>0</ele><time>2026-10-07T11:54:22.829Z</time></trkpt><trkpt lat="46.07335" lon="-110.42114"><ele>0</ele><time>2026-10-07T11:54:22.829Z</time></trkpt><trkpt lat="46.07351" lon="-110.42041"><ele>0</ele><time>2026-10-07T11:54:22.829Z</time></trkpt><trkpt lat="46.07356" lon="-110.42028"><ele>0</ele><time>2026-10-07T11:54:22.829Z</time></trkpt><trkpt lat="46.07364" lon="-110.42088"><ele>0</ele><time>2026-10-07T11:54:22.829Z</time></trkpt><trkpt lat="46.07367" lon="-110.42095"><ele>0</ele><time>2026-10-07T11:54:22.829Z</time></trkpt><trkpt lat="46.0737" lon="-110.42098"><ele>0</ele><time>2026-10-07T11:54:22.829Z</time></trkpt><trkpt lat="46.07372" lon="-110.42096"><ele>0</ele><time>2026-10-07T11:54:22.829Z</time></trkpt><trkpt lat="46.07384" lon="-110.42036"><ele>0</ele><time>2026-10-07T11:54:22.829Z</time></trkpt><trkpt lat="46.0739" lon="-110.42042"><ele>0</ele><time>2026-10-07T11:54:22.829Z</time></trkpt><trkpt lat="46.07393" lon="-110.42041"><ele>0</ele><time>2026-10-07T11:54:22.829Z</time></trkpt><trkpt lat="46.07397" lon="-110.42014"><ele>0</ele><time>2026-10-07T11:54:22.829Z</time></trkpt><trkpt lat="46.07396" lon="-110.42003"><ele>0</ele><time>2026-10-07T11:54:22.829Z</time></trkpt><trkpt lat="46.07402" lon="-110.41984"><ele>0</ele><time>2026-10-07T11:54:22.829Z</time></trkpt><trkpt lat="46.07403" lon="-110.41967"><ele>0</ele><time>2026-10-07T11:54:22.829Z</time></trkpt><trkpt lat="46.07395" lon="-110.41935"><ele>0</ele><time>2026-10-07T11:54:22.829Z</time></trkpt><trkpt lat="46.07395" lon="-110.41923"><ele>0</ele><time>2026-10-07T11:54:22.829Z</time></trkpt><trkpt lat="46.07406" lon="-110.41948"><ele>0</ele><time>2026-10-07T11:54:22.829Z</time></trkpt><trkpt lat="46.07411" lon="-110.41952"><ele>0</ele><time>2026-10-07T11:54:22.829Z</time></trkpt><trkpt lat="46.07411" lon="-110.41948"><ele>0</ele><time>2026-10-07T11:54:22.829Z</time></trkpt><trkpt lat="46.07402" lon="-110.41925"><ele>0</ele><time>2026-10-07T11:54:22.829Z</time></trkpt><trkpt lat="46.07395" lon="-110.41872"><ele>0</ele><time>2026-10-07T11:54:22.829Z</time></trkpt><trkpt lat="46.07396" lon="-110.41833"><ele>0</ele><time>2026-10-07T11:54:22.829Z</time></trkpt><trkpt lat="46.07394" lon="-110.41806"><ele>0</ele><time>2026-10-07T11:54:22.829Z</time></trkpt><trkpt lat="46.07386" lon="-110.41769"><ele>0</ele><time>2026-10-07T11:54:22.829Z</time></trkpt><trkpt lat="46.07377" lon="-110.41753"><ele>0</ele><time>2026-10-07T11:54:22.829Z</time></trkpt><trkpt lat="46.0735" lon="-110.41731"><ele>0</ele><time>2026-10-07T11:54:22.829Z</time></trkpt><trkpt lat="46.07349" lon="-110.41727"><ele>0</ele><time>2026-10-07T11:54:22.829Z</time></trkpt><trkpt lat="46.07355" lon="-110.41726"><ele>0</ele><time>2026-10-07T11:54:22.829Z</time></trkpt><trkpt lat="46.07356" lon="-110.41721"><ele>0</ele><time>2026-10-07T11:54:22.829Z</time></trkpt><trkpt lat="46.07342" lon="-110.41714"><ele>0</ele><time>2026-10-07T11:54:22.829Z</time></trkpt><trkpt lat="46.07349" lon="-110.41709"><ele>0</ele><time>2026-10-07T11:54:22.829Z</time></trkpt><trkpt lat="46.07349" lon="-110.41705"><ele>0</ele><time>2026-10-07T11:54:22.829Z</time></trkpt><trkpt lat="46.0734" lon="-110.41704"><ele>0</ele><time>2026-10-07T11:54:22.829Z</time></trkpt><trkpt lat="46.07323" lon="-110.41682"><ele>0</ele><time>2026-10-07T11:54:22.829Z</time></trkpt><trkpt lat="46.07301" lon="-110.4166"><ele>0</ele><time>2026-10-07T11:54:22.829Z</time></trkpt><trkpt lat="46.07287" lon="-110.41656"><ele>0</ele><time>2026-10-07T11:54:22.829Z</time></trkpt><trkpt lat="46.07262" lon="-110.41638"><ele>0</ele><time>2026-10-07T11:54:22.829Z</time></trkpt><trkpt lat="46.07262" lon="-110.41636"><ele>0</ele><time>2026-10-07T11:54:22.829Z</time></trkpt><trkpt lat="46.0727" lon="-110.41637"><ele>0</ele><time>2026-10-07T11:54:22.829Z</time></trkpt><trkpt lat="46.07289" lon="-110.4163"><ele>0</ele><time>2026-10-07T11:54:22.829Z</time></trkpt><trkpt lat="46.07289" lon="-110.41627"><ele>0</ele><time>2026-10-07T11:54:22.829Z</time></trkpt><trkpt lat="46.07283" lon="-110.41627"><ele>0</ele><time>2026-10-07T11:54:22.829Z</time></trkpt><trkpt lat="46.07268" lon="-110.41621"><ele>0</ele><time>2026-10-07T11:54:22.829Z</time></trkpt><trkpt lat="46.07282" lon="-110.41613"><ele>0</ele><time>2026-10-07T11:54:22.829Z</time></trkpt><trkpt lat="46.07285" lon="-110.41607"><ele>0</ele><time>2026-10-07T11:54:22.829Z</time></trkpt><trkpt lat="46.07277" lon="-110.41609"><ele>0</ele><time>2026-10-07T11:54:22.829Z</time></trkpt><trkpt lat="46.07263" lon="-110.41604"><ele>0</ele><time>2026-10-07T11:54:22.829Z</time></trkpt><trkpt lat="46.07192" lon="-110.4155"><ele>0</ele><time>2026-10-07T11:54:22.829Z</time></trkpt><trkpt lat="46.07163" lon="-110.41507"><ele>0</ele><time>2026-10-07T11:54:22.829Z</time></trkpt><trkpt lat="46.0715" lon="-110.41473"><ele>0</ele><time>2026-10-07T11:54:22.829Z</time></trkpt><trkpt lat="46.07128" lon="-110.41446"><ele>0</ele><time>2026-10-07T11:54:22.829Z</time></trkpt><trkpt lat="46.07112" lon="-110.41416"><ele>0</ele><time>2026-10-07T11:54:22.829Z</time></trkpt><trkpt lat="46.07107" lon="-110.4141"><ele>0</ele><time>2026-10-07T11:54:22.829Z</time></trkpt><trkpt lat="46.07077" lon="-110.41337"><ele>0</ele><time>2026-10-07T11:54:22.829Z</time></trkpt><trkpt lat="46.07083" lon="-110.41326"><ele>0</ele><time>2026-10-07T11:54:22.829Z</time></trkpt><trkpt lat="46.07091" lon="-110.41319"><ele>0</ele><time>2026-10-07T11:54:22.829Z</time></trkpt><trkpt lat="46.07099" lon="-110.41318"><ele>0</ele><time>2026-10-07T11:54:22.829Z</time></trkpt><trkpt lat="46.07128" lon="-110.41291"><ele>0</ele><time>2026-10-07T11:54:22.829Z</time></trkpt><trkpt lat="46.07136" lon="-110.41249"><ele>0</ele><time>2026-10-07T11:54:22.829Z</time></trkpt><trkpt lat="46.07164" lon="-110.41184"><ele>0</ele><time>2026-10-07T11:54:22.829Z</time></trkpt><trkpt lat="46.0718" lon="-110.41154"><ele>0</ele><time>2026-10-07T11:54:22.829Z</time></trkpt><trkpt lat="46.07195" lon="-110.41071"><ele>0</ele><time>2026-10-07T11:54:22.829Z</time></trkpt><trkpt lat="46.07196" lon="-110.41026"><ele>0</ele><time>2026-10-07T11:54:22.829Z</time></trkpt><trkpt lat="46.07204" lon="-110.40977"><ele>0</ele><time>2026-10-07T11:54:22.829Z</time></trkpt><trkpt lat="46.07215" lon="-110.40957"><ele>0</ele><time>2026-10-07T11:54:22.829Z</time></trkpt><trkpt lat="46.07224" lon="-110.4086"><ele>0</ele><time>2026-10-07T11:54:22.829Z</time></trkpt><trkpt lat="46.07226" lon="-110.40852"><ele>0</ele><time>2026-10-07T11:54:22.829Z</time></trkpt><trkpt lat="46.07227" lon="-110.40829"><ele>0</ele><time>2026-10-07T11:54:22.829Z</time></trkpt><trkpt lat="46.07232" lon="-110.40811"><ele>0</ele><time>2026-10-07T11:54:22.829Z</time></trkpt><trkpt lat="46.07236" lon="-110.40768"><ele>0</ele><time>2026-10-07T11:54:22.829Z</time></trkpt><trkpt lat="46.07247" lon="-110.40722"><ele>0</ele><time>2026-10-07T11:54:22.829Z</time></trkpt><trkpt lat="46.07252" lon="-110.40689"><ele>0</ele><time>2026-10-07T11:54:22.829Z</time></trkpt><trkpt lat="46.07275" lon="-110.40618"><ele>0</ele><time>2026-10-07T11:54:22.829Z</time></trkpt><trkpt lat="46.07297" lon="-110.40504"><ele>0</ele><time>2026-10-07T11:54:22.829Z</time></trkpt><trkpt lat="46.07298" lon="-110.40493"><ele>0</ele><time>2026-10-07T11:54:22.829Z</time></trkpt><trkpt lat="46.07307" lon="-110.40467"><ele>0</ele><time>2026-10-07T11:54:22.829Z</time></trkpt><trkpt lat="46.07306" lon="-110.40458"><ele>0</ele><time>2026-10-07T11:54:22.829Z</time></trkpt><trkpt lat="46.07311" lon="-110.40431"><ele>0</ele><time>2026-10-07T11:54:22.829Z</time></trkpt><trkpt lat="46.07315" lon="-110.40386"><ele>0</ele><time>2026-10-07T11:54:22.829Z</time></trkpt><trkpt lat="46.07313" lon="-110.40354"><ele>0</ele><time>2026-10-07T11:54:22.829Z</time></trkpt><trkpt lat="46.07315" lon="-110.40318"><ele>0</ele><time>2026-10-07T11:54:22.829Z</time></trkpt><trkpt lat="46.07306" lon="-110.40254"><ele>0</ele><time>2026-10-07T11:54:22.829Z</time></trkpt><trkpt lat="46.07304" lon="-110.40254"><ele>0</ele><time>2026-10-07T11:54:22.829Z</time></trkpt><trkpt lat="46.07291" lon="-110.40279"><ele>0</ele><time>2026-10-07T11:54:22.829Z</time></trkpt><trkpt lat="46.07282" lon="-110.40287"><ele>0</ele><time>2026-10-07T11:54:22.829Z</time></trkpt><trkpt lat="46.0728" lon="-110.40286"><ele>0</ele><time>2026-10-07T11:54:22.829Z</time></trkpt><trkpt lat="46.07283" lon="-110.40272"><ele>0</ele><time>2026-10-07T11:54:22.829Z</time></trkpt><trkpt lat="46.07284" lon="-110.40235"><ele>0</ele><time>2026-10-07T11:54:22.829Z</time></trkpt><trkpt lat="46.0728" lon="-110.40218"><ele>0</ele><time>2026-10-07T11:54:22.829Z</time></trkpt><trkpt lat="46.07284" lon="-110.40207"><ele>0</ele><time>2026-10-07T11:54:22.829Z</time></trkpt><trkpt lat="46.07278" lon="-110.40186"><ele>0</ele><time>2026-10-07T11:54:22.829Z</time></trkpt><trkpt lat="46.07273" lon="-110.40157"><ele>0</ele><time>2026-10-07T11:54:22.829Z</time></trkpt><trkpt lat="46.0728" lon="-110.40146"><ele>0</ele><time>2026-10-07T11:54:22.829Z</time></trkpt><trkpt lat="46.07282" lon="-110.40127"><ele>0</ele><time>2026-10-07T11:54:22.829Z</time></trkpt><trkpt lat="46.07281" lon="-110.40122"><ele>0</ele><time>2026-10-07T11:54:22.829Z</time></trkpt><trkpt lat="46.07266" lon="-110.40107"><ele>0</ele><time>2026-10-07T11:54:22.829Z</time></trkpt><trkpt lat="46.07261" lon="-110.40098"><ele>0</ele><time>2026-10-07T11:54:22.829Z</time></trkpt><trkpt lat="46.07251" lon="-110.40094"><ele>0</ele><time>2026-10-07T11:54:22.829Z</time></trkpt><trkpt lat="46.07244" lon="-110.40084"><ele>0</ele><time>2026-10-07T11:54:22.829Z</time></trkpt><trkpt lat="46.07244" lon="-110.40055"><ele>0</ele><time>2026-10-07T11:54:22.829Z</time></trkpt><trkpt lat="46.07235" lon="-110.40057"><ele>0</ele><time>2026-10-07T11:54:22.829Z</time></trkpt><trkpt lat="46.0723" lon="-110.40053"><ele>0</ele><time>2026-10-07T11:54:22.829Z</time></trkpt><trkpt lat="46.07224" lon="-110.40059"><ele>0</ele><time>2026-10-07T11:54:22.829Z</time></trkpt><trkpt lat="46.07222" lon="-110.40055"><ele>0</ele><time>2026-10-07T11:54:22.829Z</time></trkpt><trkpt lat="46.07226" lon="-110.4004"><ele>0</ele><time>2026-10-07T11:54:22.829Z</time></trkpt><trkpt lat="46.07233" lon="-110.40028"><ele>0</ele><time>2026-10-07T11:54:22.829Z</time></trkpt><trkpt lat="46.07242" lon="-110.40022"><ele>0</ele><time>2026-10-07T11:54:22.829Z</time></trkpt><trkpt lat="46.07245" lon="-110.40011"><ele>0</ele><time>2026-10-07T11:54:22.829Z</time></trkpt><trkpt lat="46.07251" lon="-110.4"><ele>0</ele><time>2026-10-07T11:54:22.829Z</time></trkpt><trkpt lat="46.07257" lon="-110.39993"><ele>0</ele><time>2026-10-07T11:54:22.829Z</time></trkpt><trkpt lat="46.07269" lon="-110.39985"><ele>0</ele><time>2026-10-07T11:54:22.829Z</time></trkpt><trkpt lat="46.07271" lon="-110.39979"><ele>0</ele><time>2026-10-07T11:54:22.829Z</time></trkpt><trkpt lat="46.07249" lon="-110.39975"><ele>0</ele><time>2026-10-07T11:54:22.829Z</time></trkpt><trkpt lat="46.07219" lon="-110.39976"><ele>0</ele><time>2026-10-07T11:54:22.829Z</time></trkpt><trkpt lat="46.07215" lon="-110.39968"><ele>0</ele><time>2026-10-07T11:54:22.829Z</time></trkpt><trkpt lat="46.07203" lon="-110.3998"><ele>0</ele><time>2026-10-07T11:54:22.829Z</time></trkpt><trkpt lat="46.072" lon="-110.39969"><ele>0</ele><time>2026-10-07T11:54:22.829Z</time></trkpt><trkpt lat="46.07194" lon="-110.39963"><ele>0</ele><time>2026-10-07T11:54:22.829Z</time></trkpt><trkpt lat="46.07193" lon="-110.39954"><ele>0</ele><time>2026-10-07T11:54:22.829Z</time></trkpt><trkpt lat="46.07187" lon="-110.39944"><ele>0</ele><time>2026-10-07T11:54:22.829Z</time></trkpt><trkpt lat="46.07172" lon="-110.39944"><ele>0</ele><time>2026-10-07T11:54:22.829Z</time></trkpt><trkpt lat="46.0717" lon="-110.39935"><ele>0</ele><time>2026-10-07T11:54:22.829Z</time></trkpt><trkpt lat="46.07172" lon="-110.39925"><ele>0</ele><time>2026-10-07T11:54:22.829Z</time></trkpt><trkpt lat="46.07181" lon="-110.39907"><ele>0</ele><time>2026-10-07T11:54:22.829Z</time></trkpt><trkpt lat="46.07177" lon="-110.39886"><ele>0</ele><time>2026-10-07T11:54:22.829Z</time></trkpt><trkpt lat="46.07172" lon="-110.3988"><ele>0</ele><time>2026-10-07T11:54:22.829Z</time></trkpt><trkpt lat="46.07171" lon="-110.39855"><ele>0</ele><time>2026-10-07T11:54:22.829Z</time></trkpt><trkpt lat="46.07166" lon="-110.39806"><ele>0</ele><time>2026-10-07T11:54:22.829Z</time></trkpt><trkpt lat="46.07179" lon="-110.39767"><ele>0</ele><time>2026-10-07T11:54:22.829Z</time></trkpt><trkpt lat="46.07161" lon="-110.39767"><ele>0</ele><time>2026-10-07T11:54:22.829Z</time></trkpt><trkpt lat="46.07148" lon="-110.39757"><ele>0</ele><time>2026-10-07T11:54:22.829Z</time></trkpt><trkpt lat="46.07144" lon="-110.3975"><ele>0</ele><time>2026-10-07T11:54:22.829Z</time></trkpt><trkpt lat="46.07143" lon="-110.39742"><ele>0</ele><time>2026-10-07T11:54:22.829Z</time></trkpt><trkpt lat="46.07144" lon="-110.39728"><ele>0</ele><time>2026-10-07T11:54:22.829Z</time></trkpt><trkpt lat="46.07141" lon="-110.39712"><ele>0</ele><time>2026-10-07T11:54:22.829Z</time></trkpt><trkpt lat="46.07134" lon="-110.39706"><ele>0</ele><time>2026-10-07T11:54:22.829Z</time></trkpt><trkpt lat="46.0713" lon="-110.39697"><ele>0</ele><time>2026-10-07T11:54:22.829Z</time></trkpt><trkpt lat="46.07133" lon="-110.3966"><ele>0</ele><time>2026-10-07T11:54:22.829Z</time></trkpt><trkpt lat="46.07142" lon="-110.39652"><ele>0</ele><time>2026-10-07T11:54:22.829Z</time></trkpt><trkpt lat="46.07144" lon="-110.39648"><ele>0</ele><time>2026-10-07T11:54:22.829Z</time></trkpt><trkpt lat="46.07143" lon="-110.39642"><ele>0</ele><time>2026-10-07T11:54:22.829Z</time></trkpt><trkpt lat="46.07138" lon="-110.39635"><ele>0</ele><time>2026-10-07T11:54:22.829Z</time></trkpt><trkpt lat="46.07129" lon="-110.39637"><ele>0</ele><time>2026-10-07T11:54:22.829Z</time></trkpt><trkpt lat="46.07126" lon="-110.39634"><ele>0</ele><time>2026-10-07T11:54:22.829Z</time></trkpt><trkpt lat="46.07121" lon="-110.39623"><ele>0</ele><time>2026-10-07T11:54:22.829Z</time></trkpt><trkpt lat="46.07114" lon="-110.39624"><ele>0</ele><time>2026-10-07T11:54:22.829Z</time></trkpt><trkpt lat="46.07097" lon="-110.39619"><ele>0</ele><time>2026-10-07T11:54:22.829Z</time></trkpt><trkpt lat="46.07095" lon="-110.39617"><ele>0</ele><time>2026-10-07T11:54:22.829Z</time></trkpt><trkpt lat="46.07091" lon="-110.39579"><ele>0</ele><time>2026-10-07T11:54:22.829Z</time></trkpt><trkpt lat="46.07087" lon="-110.3957"><ele>0</ele><time>2026-10-07T11:54:22.829Z</time></trkpt><trkpt lat="46.07079" lon="-110.39563"><ele>0</ele><time>2026-10-07T11:54:22.829Z</time></trkpt><trkpt lat="46.07071" lon="-110.39563"><ele>0</ele><time>2026-10-07T11:54:22.829Z</time></trkpt><trkpt lat="46.07064" lon="-110.3957"><ele>0</ele><time>2026-10-07T11:54:22.829Z</time></trkpt><trkpt lat="46.07037" lon="-110.39587"><ele>0</ele><time>2026-10-07T11:54:22.829Z</time></trkpt><trkpt lat="46.07031" lon="-110.39588"><ele>0</ele><time>2026-10-07T11:54:22.829Z</time></trkpt><trkpt lat="46.07027" lon="-110.39562"><ele>0</ele><time>2026-10-07T11:54:22.829Z</time></trkpt><trkpt lat="46.07011" lon="-110.39501"><ele>0</ele><time>2026-10-07T11:54:22.829Z</time></trkpt><trkpt lat="46.06999" lon="-110.39477"><ele>0</ele><time>2026-10-07T11:54:22.829Z</time></trkpt><trkpt lat="46.06989" lon="-110.3947"><ele>0</ele><time>2026-10-07T11:54:22.829Z</time></trkpt><trkpt lat="46.06983" lon="-110.39468"><ele>0</ele><time>2026-10-07T11:54:22.829Z</time></trkpt><trkpt lat="46.06974" lon="-110.39471"><ele>0</ele><time>2026-10-07T11:54:22.829Z</time></trkpt><trkpt lat="46.06927" lon="-110.39499"><ele>0</ele><time>2026-10-07T11:54:22.829Z</time></trkpt><trkpt lat="46.06909" lon="-110.39523"><ele>0</ele><time>2026-10-07T11:54:22.829Z</time></trkpt><trkpt lat="46.06875" lon="-110.39519"><ele>0</ele><time>2026-10-07T11:54:22.829Z</time></trkpt><trkpt lat="46.06865" lon="-110.39526"><ele>0</ele><time>2026-10-07T11:54:22.829Z</time></trkpt><trkpt lat="46.06857" lon="-110.39528"><ele>0</ele><time>2026-10-07T11:54:22.829Z</time></trkpt><trkpt lat="46.06824" lon="-110.39513"><ele>0</ele><time>2026-10-07T11:54:22.829Z</time></trkpt><trkpt lat="46.06812" lon="-110.39511"><ele>0</ele><time>2026-10-07T11:54:22.829Z</time></trkpt><trkpt lat="46.06788" lon="-110.39522"><ele>0</ele><time>2026-10-07T11:54:22.829Z</time></trkpt><trkpt lat="46.06781" lon="-110.3953"><ele>0</ele><time>2026-10-07T11:54:22.829Z</time></trkpt><trkpt lat="46.06768" lon="-110.39535"><ele>0</ele><time>2026-10-07T11:54:22.829Z</time></trkpt><trkpt lat="46.06762" lon="-110.3954"><ele>0</ele><time>2026-10-07T11:54:22.829Z</time></trkpt><trkpt lat="46.06752" lon="-110.39555"><ele>0</ele><time>2026-10-07T11:54:22.829Z</time></trkpt><trkpt lat="46.06745" lon="-110.39557"><ele>0</ele><time>2026-10-07T11:54:22.829Z</time></trkpt><trkpt lat="46.06715" lon="-110.39547"><ele>0</ele><time>2026-10-07T11:54:22.829Z</time></trkpt><trkpt lat="46.06706" lon="-110.39551"><ele>0</ele><time>2026-10-07T11:54:22.829Z</time></trkpt><trkpt lat="46.06688" lon="-110.39552"><ele>0</ele><time>2026-10-07T11:54:22.829Z</time></trkpt><trkpt lat="46.06665" lon="-110.39568"><ele>0</ele><time>2026-10-07T11:54:22.829Z</time></trkpt><trkpt lat="46.06653" lon="-110.3957"><ele>0</ele><time>2026-10-07T11:54:22.829Z</time></trkpt><trkpt lat="46.06649" lon="-110.39574"><ele>0</ele><time>2026-10-07T11:54:22.829Z</time></trkpt><trkpt lat="46.06641" lon="-110.39594"><ele>0</ele><time>2026-10-07T11:54:22.829Z</time></trkpt><trkpt lat="46.0663" lon="-110.39608"><ele>0</ele><time>2026-10-07T11:54:22.829Z</time></trkpt><trkpt lat="46.06609" lon="-110.39605"><ele>0</ele><time>2026-10-07T11:54:22.829Z</time></trkpt><trkpt lat="46.06601" lon="-110.39607"><ele>0</ele><time>2026-10-07T11:54:22.829Z</time></trkpt><trkpt lat="46.06592" lon="-110.39612"><ele>0</ele><time>2026-10-07T11:54:22.829Z</time></trkpt><trkpt lat="46.06577" lon="-110.39635"><ele>0</ele><time>2026-10-07T11:54:22.829Z</time></trkpt><trkpt lat="46.06572" lon="-110.39635"><ele>0</ele><time>2026-10-07T11:54:22.829Z</time></trkpt><trkpt lat="46.06564" lon="-110.39623"><ele>0</ele><time>2026-10-07T11:54:22.829Z</time></trkpt><trkpt lat="46.06551" lon="-110.39588"><ele>0</ele><time>2026-10-07T11:54:22.829Z</time></trkpt><trkpt lat="46.06547" lon="-110.39584"><ele>0</ele><time>2026-10-07T11:54:22.829Z</time></trkpt><trkpt lat="46.0653" lon="-110.39582"><ele>0</ele><time>2026-10-07T11:54:22.829Z</time></trkpt><trkpt lat="46.06497" lon="-110.39558"><ele>0</ele><time>2026-10-07T11:54:22.829Z</time></trkpt><trkpt lat="46.06491" lon="-110.3955"><ele>0</ele><time>2026-10-07T11:54:22.829Z</time></trkpt><trkpt lat="46.06489" lon="-110.39546"><ele>0</ele><time>2026-10-07T11:54:22.829Z</time></trkpt><trkpt lat="46.06493" lon="-110.3954"><ele>0</ele><time>2026-10-07T11:54:22.829Z</time></trkpt><trkpt lat="46.06516" lon="-110.39539"><ele>0</ele><time>2026-10-07T11:54:22.829Z</time></trkpt><trkpt lat="46.06521" lon="-110.39536"><ele>0</ele><time>2026-10-07T11:54:22.829Z</time></trkpt><trkpt lat="46.06521" lon="-110.39533"><ele>0</ele><time>2026-10-07T11:54:22.829Z</time></trkpt><trkpt lat="46.06473" lon="-110.39467"><ele>0</ele><time>2026-10-07T11:54:22.829Z</time></trkpt><trkpt lat="46.06471" lon="-110.3946"><ele>0</ele><time>2026-10-07T11:54:22.829Z</time></trkpt><trkpt lat="46.06473" lon="-110.39456"><ele>0</ele><time>2026-10-07T11:54:22.829Z</time></trkpt><trkpt lat="46.06476" lon="-110.39455"><ele>0</ele><time>2026-10-07T11:54:22.829Z</time></trkpt><trkpt lat="46.06487" lon="-110.39463"><ele>0</ele><time>2026-10-07T11:54:22.829Z</time></trkpt><trkpt lat="46.065" lon="-110.39456"><ele>0</ele><time>2026-10-07T11:54:22.829Z</time></trkpt><trkpt lat="46.06506" lon="-110.39456"><ele>0</ele><time>2026-10-07T11:54:22.829Z</time></trkpt><trkpt lat="46.06509" lon="-110.39453"><ele>0</ele><time>2026-10-07T11:54:22.829Z</time></trkpt><trkpt lat="46.06509" lon="-110.39445"><ele>0</ele><time>2026-10-07T11:54:22.829Z</time></trkpt><trkpt lat="46.06512" lon="-110.39438"><ele>0</ele><time>2026-10-07T11:54:22.829Z</time></trkpt><trkpt lat="46.06503" lon="-110.39421"><ele>0</ele><time>2026-10-07T11:54:22.829Z</time></trkpt><trkpt lat="46.06503" lon="-110.39417"><ele>0</ele><time>2026-10-07T11:54:22.829Z</time></trkpt><trkpt lat="46.06506" lon="-110.39412"><ele>0</ele><time>2026-10-07T11:54:22.829Z</time></trkpt><trkpt lat="46.06538" lon="-110.39406"><ele>0</ele><time>2026-10-07T11:54:22.829Z</time></trkpt><trkpt lat="46.06547" lon="-110.39408"><ele>0</ele><time>2026-10-07T11:54:22.829Z</time></trkpt><trkpt lat="46.06566" lon="-110.39408"><ele>0</ele><time>2026-10-07T11:54:22.829Z</time></trkpt><trkpt lat="46.0657" lon="-110.39405"><ele>0</ele><time>2026-10-07T11:54:22.829Z</time></trkpt><trkpt lat="46.06571" lon="-110.39401"><ele>0</ele><time>2026-10-07T11:54:22.829Z</time></trkpt><trkpt lat="46.06556" lon="-110.39384"><ele>0</ele><time>2026-10-07T11:54:22.829Z</time></trkpt><trkpt lat="46.06559" lon="-110.39377"><ele>0</ele><time>2026-10-07T11:54:22.829Z</time></trkpt><trkpt lat="46.06588" lon="-110.39374"><ele>0</ele><time>2026-10-07T11:54:22.829Z</time></trkpt><trkpt lat="46.06596" lon="-110.3937"><ele>0</ele><time>2026-10-07T11:54:22.829Z</time></trkpt><trkpt lat="46.06613" lon="-110.39356"><ele>0</ele><time>2026-10-07T11:54:22.829Z</time></trkpt><trkpt lat="46.06631" lon="-110.39347"><ele>0</ele><time>2026-10-07T11:54:22.829Z</time></trkpt><trkpt lat="46.06641" lon="-110.3934"><ele>0</ele><time>2026-10-07T11:54:22.829Z</time></trkpt><trkpt lat="46.0665" lon="-110.39328"><ele>0</ele><time>2026-10-07T11:54:22.829Z</time></trkpt><trkpt lat="46.06648" lon="-110.39323"><ele>0</ele><time>2026-10-07T11:54:22.829Z</time></trkpt><trkpt lat="46.06637" lon="-110.39326"><ele>0</ele><time>2026-10-07T11:54:22.829Z</time></trkpt><trkpt lat="46.06622" lon="-110.39324"><ele>0</ele><time>2026-10-07T11:54:22.829Z</time></trkpt><trkpt lat="46.06603" lon="-110.39312"><ele>0</ele><time>2026-10-07T11:54:22.829Z</time></trkpt><trkpt lat="46.06572" lon="-110.39305"><ele>0</ele><time>2026-10-07T11:54:22.829Z</time></trkpt><trkpt lat="46.06571" lon="-110.393"><ele>0</ele><time>2026-10-07T11:54:22.829Z</time></trkpt><trkpt lat="46.06579" lon="-110.39296"><ele>0</ele><time>2026-10-07T11:54:22.829Z</time></trkpt><trkpt lat="46.06595" lon="-110.39279"><ele>0</ele><time>2026-10-07T11:54:22.829Z</time></trkpt><trkpt lat="46.06598" lon="-110.39272"><ele>0</ele><time>2026-10-07T11:54:22.829Z</time></trkpt><trkpt lat="46.06598" lon="-110.39268"><ele>0</ele><time>2026-10-07T11:54:22.829Z</time></trkpt><trkpt lat="46.06592" lon="-110.39266"><ele>0</ele><time>2026-10-07T11:54:22.829Z</time></trkpt><trkpt lat="46.06573" lon="-110.39271"><ele>0</ele><time>2026-10-07T11:54:22.829Z</time></trkpt><trkpt lat="46.06555" lon="-110.39269"><ele>0</ele><time>2026-10-07T11:54:22.829Z</time></trkpt><trkpt lat="46.06546" lon="-110.39261"><ele>0</ele><time>2026-10-07T11:54:22.829Z</time></trkpt><trkpt lat="46.0654" lon="-110.39253"><ele>0</ele><time>2026-10-07T11:54:22.829Z</time></trkpt><trkpt lat="46.06539" lon="-110.39248"><ele>0</ele><time>2026-10-07T11:54:22.829Z</time></trkpt><trkpt lat="46.0657" lon="-110.39239"><ele>0</ele><time>2026-10-07T11:54:22.829Z</time></trkpt><trkpt lat="46.06584" lon="-110.39227"><ele>0</ele><time>2026-10-07T11:54:22.829Z</time></trkpt><trkpt lat="46.0658" lon="-110.39218"><ele>0</ele><time>2026-10-07T11:54:22.829Z</time></trkpt><trkpt lat="46.06563" lon="-110.39206"><ele>0</ele><time>2026-10-07T11:54:22.829Z</time></trkpt><trkpt lat="46.06569" lon="-110.39195"><ele>0</ele><time>2026-10-07T11:54:22.829Z</time></trkpt><trkpt lat="46.06573" lon="-110.3918"><ele>0</ele><time>2026-10-07T11:54:22.829Z</time></trkpt><trkpt lat="46.06603" lon="-110.39174"><ele>0</ele><time>2026-10-07T11:54:22.829Z</time></trkpt><trkpt lat="46.06617" lon="-110.39161"><ele>0</ele><time>2026-10-07T11:54:22.829Z</time></trkpt><trkpt lat="46.06656" lon="-110.39114"><ele>0</ele><time>2026-10-07T11:54:22.829Z</time></trkpt><trkpt lat="46.06656" lon="-110.3911"><ele>0</ele><time>2026-10-07T11:54:22.829Z</time></trkpt><trkpt lat="46.06651" lon="-110.39101"><ele>0</ele><time>2026-10-07T11:54:22.829Z</time></trkpt><trkpt lat="46.0662" lon="-110.391"><ele>0</ele><time>2026-10-07T11:54:22.829Z</time></trkpt><trkpt lat="46.06617" lon="-110.39096"><ele>0</ele><time>2026-10-07T11:54:22.829Z</time></trkpt><trkpt lat="46.06617" lon="-110.3909"><ele>0</ele><time>2026-10-07T11:54:22.829Z</time></trkpt><trkpt lat="46.0665" lon="-110.39051"><ele>0</ele><time>2026-10-07T11:54:22.829Z</time></trkpt><trkpt lat="46.0671" lon="-110.39001"><ele>0</ele><time>2026-10-07T11:54:22.829Z</time></trkpt><trkpt lat="46.06715" lon="-110.3898"><ele>0</ele><time>2026-10-07T11:54:22.829Z</time></trkpt><trkpt lat="46.06714" lon="-110.38972"><ele>0</ele><time>2026-10-07T11:54:22.829Z</time></trkpt><trkpt lat="46.06726" lon="-110.38969"><ele>0</ele><time>2026-10-07T11:54:22.829Z</time></trkpt><trkpt lat="46.06727" lon="-110.38965"><ele>0</ele><time>2026-10-07T11:54:22.829Z</time></trkpt><trkpt lat="46.06725" lon="-110.3896"><ele>0</ele><time>2026-10-07T11:54:22.829Z</time></trkpt><trkpt lat="46.06712" lon="-110.38956"><ele>0</ele><time>2026-10-07T11:54:22.829Z</time></trkpt><trkpt lat="46.06711" lon="-110.38952"><ele>0</ele><time>2026-10-07T11:54:22.829Z</time></trkpt><trkpt lat="46.06744" lon="-110.3892"><ele>0</ele><time>2026-10-07T11:54:22.829Z</time></trkpt><trkpt lat="46.06788" lon="-110.38868"><ele>0</ele><time>2026-10-07T11:54:22.829Z</time></trkpt><trkpt lat="46.06794" lon="-110.38852"><ele>0</ele><time>2026-10-07T11:54:22.829Z</time></trkpt><trkpt lat="46.06796" lon="-110.38841"><ele>0</ele><time>2026-10-07T11:54:22.829Z</time></trkpt><trkpt lat="46.06817" lon="-110.38794"><ele>0</ele><time>2026-10-07T11:54:22.829Z</time></trkpt><trkpt lat="46.0684" lon="-110.38764"><ele>0</ele><time>2026-10-07T11:54:22.829Z</time></trkpt><trkpt lat="46.06875" lon="-110.38731"><ele>0</ele><time>2026-10-07T11:54:22.829Z</time></trkpt><trkpt lat="46.06888" lon="-110.38715"><ele>0</ele><time>2026-10-07T11:54:22.829Z</time></trkpt><trkpt lat="46.0691" lon="-110.38694"><ele>0</ele><time>2026-10-07T11:54:22.829Z</time></trkpt><trkpt lat="46.06933" lon="-110.38677"><ele>0</ele><time>2026-10-07T11:54:22.829Z</time></trkpt><trkpt lat="46.06944" lon="-110.38674"><ele>0</ele><time>2026-10-07T11:54:22.829Z</time></trkpt><trkpt lat="46.06977" lon="-110.38676"><ele>0</ele><time>2026-10-07T11:54:22.829Z</time></trkpt><trkpt lat="46.06994" lon="-110.38683"><ele>0</ele><time>2026-10-07T11:54:22.829Z</time></trkpt><trkpt lat="46.07016" lon="-110.38697"><ele>0</ele><time>2026-10-07T11:54:22.829Z</time></trkpt><trkpt lat="46.07032" lon="-110.38713"><ele>0</ele><time>2026-10-07T11:54:22.829Z</time></trkpt><trkpt lat="46.07045" lon="-110.38737"><ele>0</ele><time>2026-10-07T11:54:22.829Z</time></trkpt><trkpt lat="46.07065" lon="-110.38761"><ele>0</ele><time>2026-10-07T11:54:22.829Z</time></trkpt><trkpt lat="46.07085" lon="-110.38773"><ele>0</ele><time>2026-10-07T11:54:22.829Z</time></trkpt><trkpt lat="46.07099" lon="-110.38776"><ele>0</ele><time>2026-10-07T11:54:22.829Z</time></trkpt><trkpt lat="46.0713" lon="-110.388"><ele>0</ele><time>2026-10-07T11:54:22.829Z</time></trkpt><trkpt lat="46.07155" lon="-110.38814"><ele>0</ele><time>2026-10-07T11:54:22.829Z</time></trkpt><trkpt lat="46.07166" lon="-110.38816"><ele>0</ele><time>2026-10-07T11:54:22.829Z</time></trkpt><trkpt lat="46.07214" lon="-110.388"><ele>0</ele><time>2026-10-07T11:54:22.829Z</time></trkpt><trkpt lat="46.07228" lon="-110.38785"><ele>0</ele><time>2026-10-07T11:54:22.829Z</time></trkpt><trkpt lat="46.07241" lon="-110.38777"><ele>0</ele><time>2026-10-07T11:54:22.829Z</time></trkpt><trkpt lat="46.0727" lon="-110.38777"><ele>0</ele><time>2026-10-07T11:54:22.829Z</time></trkpt><trkpt lat="46.07289" lon="-110.38769"><ele>0</ele><time>2026-10-07T11:54:22.829Z</time></trkpt><trkpt lat="46.07305" lon="-110.38771"><ele>0</ele><time>2026-10-07T11:54:22.829Z</time></trkpt><trkpt lat="46.07312" lon="-110.38765"><ele>0</ele><time>2026-10-07T11:54:22.829Z</time></trkpt><trkpt lat="46.07323" lon="-110.38767"><ele>0</ele><time>2026-10-07T11:54:22.829Z</time></trkpt><trkpt lat="46.07335" lon="-110.38773"><ele>0</ele><time>2026-10-07T11:54:22.829Z</time></trkpt><trkpt lat="46.07346" lon="-110.38771"><ele>0</ele><time>2026-10-07T11:54:22.829Z</time></trkpt><trkpt lat="46.07388" lon="-110.38746"><ele>0</ele><time>2026-10-07T11:54:22.829Z</time></trkpt><trkpt lat="46.074" lon="-110.38745"><ele>0</ele><time>2026-10-07T11:54:22.829Z</time></trkpt><trkpt lat="46.0741" lon="-110.38741"><ele>0</ele><time>2026-10-07T11:54:22.829Z</time></trkpt><trkpt lat="46.07415" lon="-110.38736"><ele>0</ele><time>2026-10-07T11:54:22.829Z</time></trkpt><trkpt lat="46.07416" lon="-110.38729"><ele>0</ele><time>2026-10-07T11:54:22.829Z</time></trkpt><trkpt lat="46.07461" lon="-110.38702"><ele>0</ele><time>2026-10-07T11:54:22.829Z</time></trkpt><trkpt lat="46.07519" lon="-110.38695"><ele>0</ele><time>2026-10-07T11:54:22.829Z</time></trkpt><trkpt lat="46.07549" lon="-110.387"><ele>0</ele><time>2026-10-07T11:54:22.829Z</time></trkpt><trkpt lat="46.07566" lon="-110.38699"><ele>0</ele><time>2026-10-07T11:54:22.829Z</time></trkpt><trkpt lat="46.07574" lon="-110.38693"><ele>0</ele><time>2026-10-07T11:54:22.829Z</time></trkpt><trkpt lat="46.07579" lon="-110.38681"><ele>0</ele><time>2026-10-07T11:54:22.829Z</time></trkpt><trkpt lat="46.0759" lon="-110.38675"><ele>0</ele><time>2026-10-07T11:54:22.829Z</time></trkpt><trkpt lat="46.07604" lon="-110.38642"><ele>0</ele><time>2026-10-07T11:54:22.829Z</time></trkpt><trkpt lat="46.07663" lon="-110.38565"><ele>0</ele><time>2026-10-07T11:54:22.829Z</time></trkpt><trkpt lat="46.07674" lon="-110.38558"><ele>0</ele><time>2026-10-07T11:54:22.829Z</time></trkpt><trkpt lat="46.07733" lon="-110.38554"><ele>0</ele><time>2026-10-07T11:54:22.829Z</time></trkpt><trkpt lat="46.07785" lon="-110.38495"><ele>0</ele><time>2026-10-07T11:54:22.829Z</time></trkpt><trkpt lat="46.078" lon="-110.38492"><ele>0</ele><time>2026-10-07T11:54:22.829Z</time></trkpt><trkpt lat="46.07829" lon="-110.38466"><ele>0</ele><time>2026-10-07T11:54:22.829Z</time></trkpt><trkpt lat="46.07845" lon="-110.38444"><ele>0</ele><time>2026-10-07T11:54:22.829Z</time></trkpt><trkpt lat="46.07852" lon="-110.38429"><ele>0</ele><time>2026-10-07T11:54:22.829Z</time></trkpt><trkpt lat="46.07867" lon="-110.38421"><ele>0</ele><time>2026-10-07T11:54:22.829Z</time></trkpt><trkpt lat="46.07884" lon="-110.38404"><ele>0</ele><time>2026-10-07T11:54:22.829Z</time></trkpt><trkpt lat="46.0792" lon="-110.38358"><ele>0</ele><time>2026-10-07T11:54:22.829Z</time></trkpt><trkpt lat="46.07927" lon="-110.3834"><ele>0</ele><time>2026-10-07T11:54:22.829Z</time></trkpt><trkpt lat="46.07974" lon="-110.38311"><ele>0</ele><time>2026-10-07T11:54:22.829Z</time></trkpt><trkpt lat="46.08007" lon="-110.38282"><ele>0</ele><time>2026-10-07T11:54:22.829Z</time></trkpt><trkpt lat="46.08016" lon="-110.38279"><ele>0</ele><time>2026-10-07T11:54:22.829Z</time></trkpt><trkpt lat="46.0804" lon="-110.38285"><ele>0</ele><time>2026-10-07T11:54:22.829Z</time></trkpt><trkpt lat="46.0805" lon="-110.38284"><ele>0</ele><time>2026-10-07T11:54:22.829Z</time></trkpt><trkpt lat="46.08069" lon="-110.38274"><ele>0</ele><time>2026-10-07T11:54:22.829Z</time></trkpt><trkpt lat="46.08091" lon="-110.38245"><ele>0</ele><time>2026-10-07T11:54:22.829Z</time></trkpt><trkpt lat="46.08107" lon="-110.38241"><ele>0</ele><time>2026-10-07T11:54:22.829Z</time></trkpt><trkpt lat="46.08116" lon="-110.3823"><ele>0</ele><time>2026-10-07T11:54:22.829Z</time></trkpt><trkpt lat="46.08134" lon="-110.38214"><ele>0</ele><time>2026-10-07T11:54:22.829Z</time></trkpt><trkpt lat="46.08145" lon="-110.38192"><ele>0</ele><time>2026-10-07T11:54:22.829Z</time></trkpt><trkpt lat="46.08151" lon="-110.38186"><ele>0</ele><time>2026-10-07T11:54:22.829Z</time></trkpt><trkpt lat="46.08215" lon="-110.38156"><ele>0</ele><time>2026-10-07T11:54:22.829Z</time></trkpt><trkpt lat="46.0824" lon="-110.38134"><ele>0</ele><time>2026-10-07T11:54:22.829Z</time></trkpt><trkpt lat="46.08263" lon="-110.38079"><ele>0</ele><time>2026-10-07T11:54:22.829Z</time></trkpt><trkpt lat="46.08275" lon="-110.38074"><ele>0</ele><time>2026-10-07T11:54:22.829Z</time></trkpt><trkpt lat="46.08286" lon="-110.38051"><ele>0</ele><time>2026-10-07T11:54:22.829Z</time></trkpt><trkpt lat="46.08304" lon="-110.38029"><ele>0</ele><time>2026-10-07T11:54:22.829Z</time></trkpt><trkpt lat="46.08319" lon="-110.37994"><ele>0</ele><time>2026-10-07T11:54:22.829Z</time></trkpt><trkpt lat="46.08371" lon="-110.3793"><ele>0</ele><time>2026-10-07T11:54:22.829Z</time></trkpt><trkpt lat="46.08385" lon="-110.37907"><ele>0</ele><time>2026-10-07T11:54:22.829Z</time></trkpt><trkpt lat="46.08395" lon="-110.37879"><ele>0</ele><time>2026-10-07T11:54:22.829Z</time></trkpt><trkpt lat="46.08404" lon="-110.37873"><ele>0</ele><time>2026-10-07T11:54:22.829Z</time></trkpt><trkpt lat="46.08417" lon="-110.3786"><ele>0</ele><time>2026-10-07T11:54:22.829Z</time></trkpt><trkpt lat="46.08423" lon="-110.37848"><ele>0</ele><time>2026-10-07T11:54:22.829Z</time></trkpt><trkpt lat="46.08441" lon="-110.37838"><ele>0</ele><time>2026-10-07T11:54:22.829Z</time></trkpt><trkpt lat="46.08451" lon="-110.37823"><ele>0</ele><time>2026-10-07T11:54:22.829Z</time></trkpt><trkpt lat="46.08466" lon="-110.37809"><ele>0</ele><time>2026-10-07T11:54:22.829Z</time></trkpt><trkpt lat="46.08512" lon="-110.37752"><ele>0</ele><time>2026-10-07T11:54:22.829Z</time></trkpt><trkpt lat="46.0854" lon="-110.37726"><ele>0</ele><time>2026-10-07T11:54:22.829Z</time></trkpt><trkpt lat="46.08558" lon="-110.37677"><ele>0</ele><time>2026-10-07T11:54:22.829Z</time></trkpt><trkpt lat="46.08558" lon="-110.37627"><ele>0</ele><time>2026-10-07T11:54:22.829Z</time></trkpt><trkpt lat="46.0856" lon="-110.37621"><ele>0</ele><time>2026-10-07T11:54:22.829Z</time></trkpt><trkpt lat="46.08574" lon="-110.37604"><ele>0</ele><time>2026-10-07T11:54:22.829Z</time></trkpt><trkpt lat="46.08592" lon="-110.37566"><ele>0</ele><time>2026-10-07T11:54:22.829Z</time></trkpt><trkpt lat="46.08595" lon="-110.37555"><ele>0</ele><time>2026-10-07T11:54:22.829Z</time></trkpt><trkpt lat="46.08587" lon="-110.37507"><ele>0</ele><time>2026-10-07T11:54:22.829Z</time></trkpt><trkpt lat="46.08591" lon="-110.37443"><ele>0</ele><time>2026-10-07T11:54:22.829Z</time></trkpt><trkpt lat="46.08587" lon="-110.37423"><ele>0</ele><time>2026-10-07T11:54:22.829Z</time></trkpt><trkpt lat="46.08588" lon="-110.37415"><ele>0</ele><time>2026-10-07T11:54:22.829Z</time></trkpt><trkpt lat="46.08595" lon="-110.37406"><ele>0</ele><time>2026-10-07T11:54:22.829Z</time></trkpt><trkpt lat="46.08613" lon="-110.37373"><ele>0</ele><time>2026-10-07T11:54:22.829Z</time></trkpt><trkpt lat="46.08617" lon="-110.37361"><ele>0</ele><time>2026-10-07T11:54:22.829Z</time></trkpt><trkpt lat="46.08616" lon="-110.37343"><ele>0</ele><time>2026-10-07T11:54:22.829Z</time></trkpt><trkpt lat="46.08623" lon="-110.37293"><ele>0</ele><time>2026-10-07T11:54:22.829Z</time></trkpt><trkpt lat="46.08632" lon="-110.37281"><ele>0</ele><time>2026-10-07T11:54:22.829Z</time></trkpt><trkpt lat="46.08633" lon="-110.37275"><ele>0</ele><time>2026-10-07T11:54:22.829Z</time></trkpt><trkpt lat="46.08631" lon="-110.37263"><ele>0</ele><time>2026-10-07T11:54:22.829Z</time></trkpt><trkpt lat="46.08632" lon="-110.37245"><ele>0</ele><time>2026-10-07T11:54:22.829Z</time></trkpt><trkpt lat="46.08648" lon="-110.37198"><ele>0</ele><time>2026-10-07T11:54:22.829Z</time></trkpt><trkpt lat="46.08656" lon="-110.37191"><ele>0</ele><time>2026-10-07T11:54:22.829Z</time></trkpt><trkpt lat="46.08663" lon="-110.3718"><ele>0</ele><time>2026-10-07T11:54:22.829Z</time></trkpt><trkpt lat="46.0867" lon="-110.37157"><ele>0</ele><time>2026-10-07T11:54:22.829Z</time></trkpt><trkpt lat="46.08682" lon="-110.37134"><ele>0</ele><time>2026-10-07T11:54:22.829Z</time></trkpt><trkpt lat="46.08689" lon="-110.37114"><ele>0</ele><time>2026-10-07T11:54:22.829Z</time></trkpt><trkpt lat="46.0869" lon="-110.37101"><ele>0</ele><time>2026-10-07T11:54:22.829Z</time></trkpt><trkpt lat="46.08698" lon="-110.37092"><ele>0</ele><time>2026-10-07T11:54:22.829Z</time></trkpt><trkpt lat="46.08718" lon="-110.37078"><ele>0</ele><time>2026-10-07T11:54:22.829Z</time></trkpt><trkpt lat="46.08735" lon="-110.37055"><ele>0</ele><time>2026-10-07T11:54:22.829Z</time></trkpt><trkpt lat="46.08743" lon="-110.3704"><ele>0</ele><time>2026-10-07T11:54:22.829Z</time></trkpt><trkpt lat="46.08747" lon="-110.37027"><ele>0</ele><time>2026-10-07T11:54:22.829Z</time></trkpt><trkpt lat="46.08751" lon="-110.37003"><ele>0</ele><time>2026-10-07T11:54:22.829Z</time></trkpt><trkpt lat="46.0875" lon="-110.36987"><ele>0</ele><time>2026-10-07T11:54:22.829Z</time></trkpt><trkpt lat="46.08748" lon="-110.36977"><ele>0</ele><time>2026-10-07T11:54:22.829Z</time></trkpt><trkpt lat="46.08733" lon="-110.36945"><ele>0</ele><time>2026-10-07T11:54:22.829Z</time></trkpt><trkpt lat="46.08726" lon="-110.36905"><ele>0</ele><time>2026-10-07T11:54:22.829Z</time></trkpt><trkpt lat="46.08731" lon="-110.36865"><ele>0</ele><time>2026-10-07T11:54:22.829Z</time></trkpt><trkpt lat="46.08737" lon="-110.3684"><ele>0</ele><time>2026-10-07T11:54:22.829Z</time></trkpt><trkpt lat="46.08745" lon="-110.3682"><ele>0</ele><time>2026-10-07T11:54:22.829Z</time></trkpt><trkpt lat="46.08764" lon="-110.36791"><ele>0</ele><time>2026-10-07T11:54:22.829Z</time></trkpt><trkpt lat="46.08766" lon="-110.36759"><ele>0</ele><time>2026-10-07T11:54:22.829Z</time></trkpt><trkpt lat="46.08776" lon="-110.36745"><ele>0</ele><time>2026-10-07T11:54:22.829Z</time></trkpt><trkpt lat="46.08778" lon="-110.36737"><ele>0</ele><time>2026-10-07T11:54:22.829Z</time></trkpt><trkpt lat="46.08775" lon="-110.36723"><ele>0</ele><time>2026-10-07T11:54:22.829Z</time></trkpt><trkpt lat="46.08772" lon="-110.36693"><ele>0</ele><time>2026-10-07T11:54:22.829Z</time></trkpt><trkpt lat="46.08775" lon="-110.36669"><ele>0</ele><time>2026-10-07T11:54:22.829Z</time></trkpt><trkpt lat="46.08789" lon="-110.36629"><ele>0</ele><time>2026-10-07T11:54:22.829Z</time></trkpt><trkpt lat="46.08812" lon="-110.36583"><ele>0</ele><time>2026-10-07T11:54:22.829Z</time></trkpt><trkpt lat="46.08822" lon="-110.36553"><ele>0</ele><time>2026-10-07T11:54:22.829Z</time></trkpt><trkpt lat="46.08822" lon="-110.36545"><ele>0</ele><time>2026-10-07T11:54:22.829Z</time></trkpt><trkpt lat="46.08815" lon="-110.36511"><ele>0</ele><time>2026-10-07T11:54:22.829Z</time></trkpt><trkpt lat="46.08823" lon="-110.36497"><ele>0</ele><time>2026-10-07T11:54:22.829Z</time></trkpt><trkpt lat="46.08828" lon="-110.36481"><ele>0</ele><time>2026-10-07T11:54:22.829Z</time></trkpt><trkpt lat="46.08836" lon="-110.36476"><ele>0</ele><time>2026-10-07T11:54:22.829Z</time></trkpt><trkpt lat="46.08847" lon="-110.36461"><ele>0</ele><time>2026-10-07T11:54:22.829Z</time></trkpt><trkpt lat="46.08852" lon="-110.36441"><ele>0</ele><time>2026-10-07T11:54:22.829Z</time></trkpt><trkpt lat="46.08854" lon="-110.36415"><ele>0</ele><time>2026-10-07T11:54:22.829Z</time></trkpt><trkpt lat="46.08878" lon="-110.36345"><ele>0</ele><time>2026-10-07T11:54:22.829Z</time></trkpt><trkpt lat="46.08873" lon="-110.36287"><ele>0</ele><time>2026-10-07T11:54:22.829Z</time></trkpt><trkpt lat="46.0888" lon="-110.36239"><ele>0</ele><time>2026-10-07T11:54:22.829Z</time></trkpt><trkpt lat="46.08877" lon="-110.36202"><ele>0</ele><time>2026-10-07T11:54:22.829Z</time></trkpt><trkpt lat="46.08877" lon="-110.36171"><ele>0</ele><time>2026-10-07T11:54:22.829Z</time></trkpt><trkpt lat="46.08895" lon="-110.36116"><ele>0</ele><time>2026-10-07T11:54:22.829Z</time></trkpt><trkpt lat="46.08898" lon="-110.36018"><ele>0</ele><time>2026-10-07T11:54:22.829Z</time></trkpt><trkpt lat="46.08896" lon="-110.35975"><ele>0</ele><time>2026-10-07T11:54:22.829Z</time></trkpt><trkpt lat="46.08897" lon="-110.35935"><ele>0</ele><time>2026-10-07T11:54:22.829Z</time></trkpt><trkpt lat="46.08905" lon="-110.35902"><ele>0</ele><time>2026-10-07T11:54:22.829Z</time></trkpt><trkpt lat="46.08943" lon="-110.3585"><ele>0</ele><time>2026-10-07T11:54:22.829Z</time></trkpt><trkpt lat="46.08957" lon="-110.35834"><ele>0</ele><time>2026-10-07T11:54:22.829Z</time></trkpt><trkpt lat="46.08964" lon="-110.35831"><ele>0</ele><time>2026-10-07T11:54:22.829Z</time></trkpt><trkpt lat="46.08966" lon="-110.35821"><ele>0</ele><time>2026-10-07T11:54:22.829Z</time></trkpt><trkpt lat="46.08965" lon="-110.35761"><ele>0</ele><time>2026-10-07T11:54:22.829Z</time></trkpt><trkpt lat="46.08951" lon="-110.35715"><ele>0</ele><time>2026-10-07T11:54:22.829Z</time></trkpt><trkpt lat="46.08941" lon="-110.35665"><ele>0</ele><time>2026-10-07T11:54:22.829Z</time></trkpt><trkpt lat="46.08938" lon="-110.35632"><ele>0</ele><time>2026-10-07T11:54:22.829Z</time></trkpt><trkpt lat="46.08933" lon="-110.35624"><ele>0</ele><time>2026-10-07T11:54:22.829Z</time></trkpt><trkpt lat="46.08926" lon="-110.3562"><ele>0</ele><time>2026-10-07T11:54:22.829Z</time></trkpt><trkpt lat="46.08916" lon="-110.35624"><ele>0</ele><time>2026-10-07T11:54:22.829Z</time></trkpt><trkpt lat="46.08907" lon="-110.35653"><ele>0</ele><time>2026-10-07T11:54:22.829Z</time></trkpt><trkpt lat="46.08898" lon="-110.3567"><ele>0</ele><time>2026-10-07T11:54:22.829Z</time></trkpt><trkpt lat="46.08891" lon="-110.35694"><ele>0</ele><time>2026-10-07T11:54:22.829Z</time></trkpt><trkpt lat="46.08884" lon="-110.35702"><ele>0</ele><time>2026-10-07T11:54:22.829Z</time></trkpt><trkpt lat="46.08847" lon="-110.35707"><ele>0</ele><time>2026-10-07T11:54:22.829Z</time></trkpt><trkpt lat="46.08828" lon="-110.35705"><ele>0</ele><time>2026-10-07T11:54:22.829Z</time></trkpt><trkpt lat="46.08779" lon="-110.35722"><ele>0</ele><time>2026-10-07T11:54:22.829Z</time></trkpt><trkpt lat="46.08766" lon="-110.35719"><ele>0</ele><time>2026-10-07T11:54:22.829Z</time></trkpt><trkpt lat="46.08748" lon="-110.35727"><ele>0</ele><time>2026-10-07T11:54:22.829Z</time></trkpt><trkpt lat="46.08736" lon="-110.35739"><ele>0</ele><time>2026-10-07T11:54:22.829Z</time></trkpt><trkpt lat="46.08723" lon="-110.35745"><ele>0</ele><time>2026-10-07T11:54:22.829Z</time></trkpt><trkpt lat="46.08719" lon="-110.35765"><ele>0</ele><time>2026-10-07T11:54:22.829Z</time></trkpt><trkpt lat="46.08708" lon="-110.35767"><ele>0</ele><time>2026-10-07T11:54:22.829Z</time></trkpt><trkpt lat="46.08701" lon="-110.35772"><ele>0</ele><time>2026-10-07T11:54:22.829Z</time></trkpt><trkpt lat="46.08674" lon="-110.35779"><ele>0</ele><time>2026-10-07T11:54:22.829Z</time></trkpt><trkpt lat="46.08644" lon="-110.35804"><ele>0</ele><time>2026-10-07T11:54:22.829Z</time></trkpt><trkpt lat="46.08637" lon="-110.35805"><ele>0</ele><time>2026-10-07T11:54:22.829Z</time></trkpt><trkpt lat="46.08621" lon="-110.35793"><ele>0</ele><time>2026-10-07T11:54:22.829Z</time></trkpt><trkpt lat="46.08618" lon="-110.35782"><ele>0</ele><time>2026-10-07T11:54:22.829Z</time></trkpt><trkpt lat="46.08606" lon="-110.35778"><ele>0</ele><time>2026-10-07T11:54:22.829Z</time></trkpt><trkpt lat="46.08584" lon="-110.35778"><ele>0</ele><time>2026-10-07T11:54:22.829Z</time></trkpt><trkpt lat="46.08572" lon="-110.35769"><ele>0</ele><time>2026-10-07T11:54:22.829Z</time></trkpt><trkpt lat="46.08568" lon="-110.35768"><ele>0</ele><time>2026-10-07T11:54:22.829Z</time></trkpt><trkpt lat="46.08557" lon="-110.35775"><ele>0</ele><time>2026-10-07T11:54:22.829Z</time></trkpt><trkpt lat="46.08545" lon="-110.35771"><ele>0</ele><time>2026-10-07T11:54:22.829Z</time></trkpt><trkpt lat="46.08529" lon="-110.35775"><ele>0</ele><time>2026-10-07T11:54:22.829Z</time></trkpt><trkpt lat="46.08507" lon="-110.35774"><ele>0</ele><time>2026-10-07T11:54:22.829Z</time></trkpt><trkpt lat="46.08497" lon="-110.35778"><ele>0</ele><time>2026-10-07T11:54:22.829Z</time></trkpt><trkpt lat="46.08478" lon="-110.35798"><ele>0</ele><time>2026-10-07T11:54:22.829Z</time></trkpt><trkpt lat="46.08464" lon="-110.35805"><ele>0</ele><time>2026-10-07T11:54:22.829Z</time></trkpt><trkpt lat="46.0844" lon="-110.35811"><ele>0</ele><time>2026-10-07T11:54:22.829Z</time></trkpt><trkpt lat="46.08422" lon="-110.35832"><ele>0</ele><time>2026-10-07T11:54:22.829Z</time></trkpt><trkpt lat="46.08385" lon="-110.35833"><ele>0</ele><time>2026-10-07T11:54:22.829Z</time></trkpt><trkpt lat="46.08359" lon="-110.35837"><ele>0</ele><time>2026-10-07T11:54:22.829Z</time></trkpt><trkpt lat="46.08342" lon="-110.35825"><ele>0</ele><time>2026-10-07T11:54:22.829Z</time></trkpt><trkpt lat="46.0832" lon="-110.35823"><ele>0</ele><time>2026-10-07T11:54:22.829Z</time></trkpt><trkpt lat="46.08287" lon="-110.35811"><ele>0</ele><time>2026-10-07T11:54:22.829Z</time></trkpt><trkpt lat="46.08276" lon="-110.3581"><ele>0</ele><time>2026-10-07T11:54:22.829Z</time></trkpt><trkpt lat="46.08255" lon="-110.358"><ele>0</ele><time>2026-10-07T11:54:22.829Z</time></trkpt><trkpt lat="46.08191" lon="-110.3579"><ele>0</ele><time>2026-10-07T11:54:22.829Z</time></trkpt><trkpt lat="46.08174" lon="-110.35782"><ele>0</ele><time>2026-10-07T11:54:22.829Z</time></trkpt><trkpt lat="46.08158" lon="-110.35767"><ele>0</ele><time>2026-10-07T11:54:22.829Z</time></trkpt><trkpt lat="46.08149" lon="-110.35763"><ele>0</ele><time>2026-10-07T11:54:22.829Z</time></trkpt><trkpt lat="46.08123" lon="-110.35758"><ele>0</ele><time>2026-10-07T11:54:22.829Z</time></trkpt><trkpt lat="46.08094" lon="-110.35742"><ele>0</ele><time>2026-10-07T11:54:22.829Z</time></trkpt><trkpt lat="46.08081" lon="-110.35742"><ele>0</ele><time>2026-10-07T11:54:22.829Z</time></trkpt><trkpt lat="46.08062" lon="-110.35736"><ele>0</ele><time>2026-10-07T11:54:22.829Z</time></trkpt><trkpt lat="46.08053" lon="-110.35737"><ele>0</ele><time>2026-10-07T11:54:22.829Z</time></trkpt><trkpt lat="46.08032" lon="-110.35732"><ele>0</ele><time>2026-10-07T11:54:22.829Z</time></trkpt><trkpt lat="46.08" lon="-110.35738"><ele>0</ele><time>2026-10-07T11:54:22.829Z</time></trkpt><trkpt lat="46.07957" lon="-110.3571"><ele>0</ele><time>2026-10-07T11:54:22.829Z</time></trkpt><trkpt lat="46.07927" lon="-110.35702"><ele>0</ele><time>2026-10-07T11:54:22.829Z</time></trkpt><trkpt lat="46.07917" lon="-110.35694"><ele>0</ele><time>2026-10-07T11:54:22.829Z</time></trkpt><trkpt lat="46.07907" lon="-110.35692"><ele>0</ele><time>2026-10-07T11:54:22.829Z</time></trkpt><trkpt lat="46.07899" lon="-110.35694"><ele>0</ele><time>2026-10-07T11:54:22.829Z</time></trkpt><trkpt lat="46.07883" lon="-110.35689"><ele>0</ele><time>2026-10-07T11:54:22.829Z</time></trkpt><trkpt lat="46.07859" lon="-110.35694"><ele>0</ele><time>2026-10-07T11:54:22.829Z</time></trkpt><trkpt lat="46.07822" lon="-110.35688"><ele>0</ele><time>2026-10-07T11:54:22.829Z</time></trkpt><trkpt lat="46.07805" lon="-110.35691"><ele>0</ele><time>2026-10-07T11:54:22.829Z</time></trkpt><trkpt lat="46.07786" lon="-110.35705"><ele>0</ele><time>2026-10-07T11:54:22.829Z</time></trkpt><trkpt lat="46.07774" lon="-110.35706"><ele>0</ele><time>2026-10-07T11:54:22.829Z</time></trkpt><trkpt lat="46.07738" lon="-110.357"><ele>0</ele><time>2026-10-07T11:54:22.829Z</time></trkpt><trkpt lat="46.07732" lon="-110.35692"><ele>0</ele><time>2026-10-07T11:54:22.829Z</time></trkpt><trkpt lat="46.07727" lon="-110.35681"><ele>0</ele><time>2026-10-07T11:54:22.829Z</time></trkpt><trkpt lat="46.07705" lon="-110.3566"><ele>0</ele><time>2026-10-07T11:54:22.829Z</time></trkpt><trkpt lat="46.07689" lon="-110.3565"><ele>0</ele><time>2026-10-07T11:54:22.829Z</time></trkpt><trkpt lat="46.07682" lon="-110.35641"><ele>0</ele><time>2026-10-07T11:54:22.829Z</time></trkpt><trkpt lat="46.07676" lon="-110.35619"><ele>0</ele><time>2026-10-07T11:54:22.829Z</time></trkpt><trkpt lat="46.0767" lon="-110.35616"><ele>0</ele><time>2026-10-07T11:54:22.829Z</time></trkpt><trkpt lat="46.0765" lon="-110.35619"><ele>0</ele><time>2026-10-07T11:54:22.829Z</time></trkpt><trkpt lat="46.07635" lon="-110.35606"><ele>0</ele><time>2026-10-07T11:54:22.829Z</time></trkpt><trkpt lat="46.07629" lon="-110.35608"><ele>0</ele><time>2026-10-07T11:54:22.829Z</time></trkpt><trkpt lat="46.0759" lon="-110.35562"><ele>0</ele><time>2026-10-07T11:54:22.829Z</time></trkpt><trkpt lat="46.07568" lon="-110.35559"><ele>0</ele><time>2026-10-07T11:54:22.829Z</time></trkpt><trkpt lat="46.07559" lon="-110.35552"><ele>0</ele><time>2026-10-07T11:54:22.829Z</time></trkpt><trkpt lat="46.07545" lon="-110.35548"><ele>0</ele><time>2026-10-07T11:54:22.829Z</time></trkpt><trkpt lat="46.07523" lon="-110.35529"><ele>0</ele><time>2026-10-07T11:54:22.829Z</time></trkpt><trkpt lat="46.07495" lon="-110.35524"><ele>0</ele><time>2026-10-07T11:54:22.829Z</time></trkpt><trkpt lat="46.07489" lon="-110.35517"><ele>0</ele><time>2026-10-07T11:54:22.829Z</time></trkpt><trkpt lat="46.07479" lon="-110.35512"><ele>0</ele><time>2026-10-07T11:54:22.829Z</time></trkpt><trkpt lat="46.07458" lon="-110.35508"><ele>0</ele><time>2026-10-07T11:54:22.829Z</time></trkpt><trkpt lat="46.07444" lon="-110.3551"><ele>0</ele><time>2026-10-07T11:54:22.829Z</time></trkpt><trkpt lat="46.07435" lon="-110.35516"><ele>0</ele><time>2026-10-07T11:54:22.829Z</time></trkpt><trkpt lat="46.07411" lon="-110.35545"><ele>0</ele><time>2026-10-07T11:54:22.829Z</time></trkpt><trkpt lat="46.07401" lon="-110.35549"><ele>0</ele><time>2026-10-07T11:54:22.829Z</time></trkpt><trkpt lat="46.07378" lon="-110.35543"><ele>0</ele><time>2026-10-07T11:54:22.829Z</time></trkpt><trkpt lat="46.07362" lon="-110.35542"><ele>0</ele><time>2026-10-07T11:54:22.829Z</time></trkpt><trkpt lat="46.07345" lon="-110.35523"><ele>0</ele><time>2026-10-07T11:54:22.829Z</time></trkpt><trkpt lat="46.0733" lon="-110.35515"><ele>0</ele><time>2026-10-07T11:54:22.829Z</time></trkpt><trkpt lat="46.07323" lon="-110.35505"><ele>0</ele><time>2026-10-07T11:54:22.829Z</time></trkpt><trkpt lat="46.07312" lon="-110.35497"><ele>0</ele><time>2026-10-07T11:54:22.829Z</time></trkpt><trkpt lat="46.07279" lon="-110.35482"><ele>0</ele><time>2026-10-07T11:54:22.829Z</time></trkpt><trkpt lat="46.07257" lon="-110.35461"><ele>0</ele><time>2026-10-07T11:54:22.829Z</time></trkpt><trkpt lat="46.07238" lon="-110.35456"><ele>0</ele><time>2026-10-07T11:54:22.829Z</time></trkpt><trkpt lat="46.07229" lon="-110.35449"><ele>0</ele><time>2026-10-07T11:54:22.829Z</time></trkpt><trkpt lat="46.07222" lon="-110.35439"><ele>0</ele><time>2026-10-07T11:54:22.829Z</time></trkpt><trkpt lat="46.07219" lon="-110.35425"><ele>0</ele><time>2026-10-07T11:54:22.829Z</time></trkpt><trkpt lat="46.07215" lon="-110.35418"><ele>0</ele><time>2026-10-07T11:54:22.829Z</time></trkpt><trkpt lat="46.0719" lon="-110.354"><ele>0</ele><time>2026-10-07T11:54:22.829Z</time></trkpt><trkpt lat="46.07181" lon="-110.35396"><ele>0</ele><time>2026-10-07T11:54:22.829Z</time></trkpt><trkpt lat="46.07149" lon="-110.35393"><ele>0</ele><time>2026-10-07T11:54:22.829Z</time></trkpt><trkpt lat="46.0714" lon="-110.35382"><ele>0</ele><time>2026-10-07T11:54:22.829Z</time></trkpt><trkpt lat="46.07113" lon="-110.35361"><ele>0</ele><time>2026-10-07T11:54:22.829Z</time></trkpt><trkpt lat="46.07082" lon="-110.35327"><ele>0</ele><time>2026-10-07T11:54:22.829Z</time></trkpt><trkpt lat="46.07078" lon="-110.35321"><ele>0</ele><time>2026-10-07T11:54:22.829Z</time></trkpt><trkpt lat="46.07074" lon="-110.35306"><ele>0</ele><time>2026-10-07T11:54:22.829Z</time></trkpt><trkpt lat="46.07069" lon="-110.353"><ele>0</ele><time>2026-10-07T11:54:22.829Z</time></trkpt><trkpt lat="46.0706" lon="-110.35296"><ele>0</ele><time>2026-10-07T11:54:22.829Z</time></trkpt><trkpt lat="46.07048" lon="-110.35286"><ele>0</ele><time>2026-10-07T11:54:22.829Z</time></trkpt><trkpt lat="46.07037" lon="-110.35288"><ele>0</ele><time>2026-10-07T11:54:22.829Z</time></trkpt><trkpt lat="46.07003" lon="-110.35286"><ele>0</ele><time>2026-10-07T11:54:22.829Z</time></trkpt><trkpt lat="46.06982" lon="-110.35289"><ele>0</ele><time>2026-10-07T11:54:22.829Z</time></trkpt><trkpt lat="46.06939" lon="-110.35269"><ele>0</ele><time>2026-10-07T11:54:22.829Z</time></trkpt><trkpt lat="46.06933" lon="-110.35269"><ele>0</ele><time>2026-10-07T11:54:22.829Z</time></trkpt><trkpt lat="46.0692" lon="-110.35271"><ele>0</ele><time>2026-10-07T11:54:22.829Z</time></trkpt><trkpt lat="46.06885" lon="-110.35289"><ele>0</ele><time>2026-10-07T11:54:22.829Z</time></trkpt><trkpt lat="46.06868" lon="-110.35279"><ele>0</ele><time>2026-10-07T11:54:22.829Z</time></trkpt><trkpt lat="46.06847" lon="-110.35295"><ele>0</ele><time>2026-10-07T11:54:22.829Z</time></trkpt><trkpt lat="46.06824" lon="-110.35296"><ele>0</ele><time>2026-10-07T11:54:22.829Z</time></trkpt><trkpt lat="46.06782" lon="-110.35312"><ele>0</ele><time>2026-10-07T11:54:22.829Z</time></trkpt><trkpt lat="46.06766" lon="-110.35307"><ele>0</ele><time>2026-10-07T11:54:22.829Z</time></trkpt><trkpt lat="46.06752" lon="-110.35312"><ele>0</ele><time>2026-10-07T11:54:22.829Z</time></trkpt><trkpt lat="46.06729" lon="-110.35311"><ele>0</ele><time>2026-10-07T11:54:22.829Z</time></trkpt><trkpt lat="46.06672" lon="-110.35316"><ele>0</ele><time>2026-10-07T11:54:22.829Z</time></trkpt><trkpt lat="46.0665" lon="-110.35314"><ele>0</ele><time>2026-10-07T11:54:22.829Z</time></trkpt><trkpt lat="46.06629" lon="-110.35322"><ele>0</ele><time>2026-10-07T11:54:22.829Z</time></trkpt><trkpt lat="46.06605" lon="-110.35322"><ele>0</ele><time>2026-10-07T11:54:22.829Z</time></trkpt><trkpt lat="46.066" lon="-110.3533"><ele>0</ele><time>2026-10-07T11:54:22.829Z</time></trkpt><trkpt lat="46.06596" lon="-110.35331"><ele>0</ele><time>2026-10-07T11:54:22.829Z</time></trkpt><trkpt lat="46.06583" lon="-110.35318"><ele>0</ele><time>2026-10-07T11:54:22.829Z</time></trkpt><trkpt lat="46.06521" lon="-110.35334"><ele>0</ele><time>2026-10-07T11:54:22.829Z</time></trkpt><trkpt lat="46.06477" lon="-110.3531"><ele>0</ele><time>2026-10-07T11:54:22.829Z</time></trkpt><trkpt lat="46.06466" lon="-110.35302"><ele>0</ele><time>2026-10-07T11:54:22.829Z</time></trkpt><trkpt lat="46.06457" lon="-110.35292"><ele>0</ele><time>2026-10-07T11:54:22.829Z</time></trkpt><trkpt lat="46.06444" lon="-110.35257"><ele>0</ele><time>2026-10-07T11:54:22.829Z</time></trkpt><trkpt lat="46.06439" lon="-110.35254"><ele>0</ele><time>2026-10-07T11:54:22.829Z</time></trkpt><trkpt lat="46.06433" lon="-110.35259"><ele>0</ele><time>2026-10-07T11:54:22.829Z</time></trkpt><trkpt lat="46.06415" lon="-110.3526"><ele>0</ele><time>2026-10-07T11:54:22.829Z</time></trkpt><trkpt lat="46.06387" lon="-110.35255"><ele>0</ele><time>2026-10-07T11:54:22.829Z</time></trkpt><trkpt lat="46.0635" lon="-110.35239"><ele>0</ele><time>2026-10-07T11:54:22.829Z</time></trkpt><trkpt lat="46.06337" lon="-110.3523"><ele>0</ele><time>2026-10-07T11:54:22.829Z</time></trkpt><trkpt lat="46.06313" lon="-110.35226"><ele>0</ele><time>2026-10-07T11:54:22.829Z</time></trkpt><trkpt lat="46.06299" lon="-110.35236"><ele>0</ele><time>2026-10-07T11:54:22.829Z</time></trkpt><trkpt lat="46.06273" lon="-110.35236"><ele>0</ele><time>2026-10-07T11:54:22.829Z</time></trkpt><trkpt lat="46.06219" lon="-110.35278"><ele>0</ele><time>2026-10-07T11:54:22.829Z</time></trkpt><trkpt lat="46.06209" lon="-110.3528"><ele>0</ele><time>2026-10-07T11:54:22.829Z</time></trkpt><trkpt lat="46.06179" lon="-110.35277"><ele>0</ele><time>2026-10-07T11:54:22.829Z</time></trkpt><trkpt lat="46.06133" lon="-110.35255"><ele>0</ele><time>2026-10-07T11:54:22.829Z</time></trkpt><trkpt lat="46.06099" lon="-110.35247"><ele>0</ele><time>2026-10-07T11:54:22.829Z</time></trkpt><trkpt lat="46.06085" lon="-110.35236"><ele>0</ele><time>2026-10-07T11:54:22.829Z</time></trkpt><trkpt lat="46.0606" lon="-110.35232"><ele>0</ele><time>2026-10-07T11:54:22.829Z</time></trkpt><trkpt lat="46.06037" lon="-110.35217"><ele>0</ele><time>2026-10-07T11:54:22.829Z</time></trkpt><trkpt lat="46.06024" lon="-110.35214"><ele>0</ele><time>2026-10-07T11:54:22.829Z</time></trkpt><trkpt lat="46.05976" lon="-110.35228"><ele>0</ele><time>2026-10-07T11:54:22.829Z</time></trkpt><trkpt lat="46.05966" lon="-110.35239"><ele>0</ele><time>2026-10-07T11:54:22.829Z</time></trkpt><trkpt lat="46.05957" lon="-110.35234"><ele>0</ele><time>2026-10-07T11:54:22.829Z</time></trkpt><trkpt lat="46.05954" lon="-110.35226"><ele>0</ele><time>2026-10-07T11:54:22.829Z</time></trkpt><trkpt lat="46.05933" lon="-110.35222"><ele>0</ele><time>2026-10-07T11:54:22.829Z</time></trkpt><trkpt lat="46.05928" lon="-110.35228"><ele>0</ele><time>2026-10-07T11:54:22.829Z</time></trkpt><trkpt lat="46.05917" lon="-110.35275"><ele>0</ele><time>2026-10-07T11:54:22.829Z</time></trkpt><trkpt lat="46.05913" lon="-110.35264"><ele>0</ele><time>2026-10-07T11:54:22.829Z</time></trkpt><trkpt lat="46.05909" lon="-110.35265"><ele>0</ele><time>2026-10-07T11:54:22.829Z</time></trkpt><trkpt lat="46.05907" lon="-110.35271"><ele>0</ele><time>2026-10-07T11:54:22.829Z</time></trkpt><trkpt lat="46.059" lon="-110.35272"><ele>0</ele><time>2026-10-07T11:54:22.829Z</time></trkpt><trkpt lat="46.05892" lon="-110.3527"><ele>0</ele><time>2026-10-07T11:54:22.829Z</time></trkpt><trkpt lat="46.05868" lon="-110.35256"><ele>0</ele><time>2026-10-07T11:54:22.829Z</time></trkpt><trkpt lat="46.05847" lon="-110.35257"><ele>0</ele><time>2026-10-07T11:54:22.829Z</time></trkpt><trkpt lat="46.05817" lon="-110.35246"><ele>0</ele><time>2026-10-07T11:54:22.829Z</time></trkpt><trkpt lat="46.058" lon="-110.35244"><ele>0</ele><time>2026-10-07T11:54:22.829Z</time></trkpt><trkpt lat="46.05815" lon="-110.35219"><ele>0</ele><time>2026-10-07T11:54:22.829Z</time></trkpt><trkpt lat="46.05817" lon="-110.35211"><ele>0</ele><time>2026-10-07T11:54:22.829Z</time></trkpt><trkpt lat="46.05811" lon="-110.35205"><ele>0</ele><time>2026-10-07T11:54:22.829Z</time></trkpt><trkpt lat="46.05799" lon="-110.35207"><ele>0</ele><time>2026-10-07T11:54:22.829Z</time></trkpt><trkpt lat="46.0579" lon="-110.35205"><ele>0</ele><time>2026-10-07T11:54:22.829Z</time></trkpt><trkpt lat="46.05777" lon="-110.35196"><ele>0</ele><time>2026-10-07T11:54:22.829Z</time></trkpt><trkpt lat="46.05781" lon="-110.35184"><ele>0</ele><time>2026-10-07T11:54:22.829Z</time></trkpt><trkpt lat="46.0578" lon="-110.35178"><ele>0</ele><time>2026-10-07T11:54:22.829Z</time></trkpt><trkpt lat="46.05773" lon="-110.35155"><ele>0</ele><time>2026-10-07T11:54:22.829Z</time></trkpt><trkpt lat="46.05768" lon="-110.35147"><ele>0</ele><time>2026-10-07T11:54:22.829Z</time></trkpt><trkpt lat="46.05766" lon="-110.3513"><ele>0</ele><time>2026-10-07T11:54:22.829Z</time></trkpt><trkpt lat="46.05763" lon="-110.35123"><ele>0</ele><time>2026-10-07T11:54:22.829Z</time></trkpt><trkpt lat="46.05707" lon="-110.3508"><ele>0</ele><time>2026-10-07T11:54:22.829Z</time></trkpt><trkpt lat="46.05682" lon="-110.35068"><ele>0</ele><time>2026-10-07T11:54:22.829Z</time></trkpt><trkpt lat="46.05671" lon="-110.3506"><ele>0</ele><time>2026-10-07T11:54:22.829Z</time></trkpt><trkpt lat="46.05636" lon="-110.35025"><ele>0</ele><time>2026-10-07T11:54:22.829Z</time></trkpt><trkpt lat="46.05621" lon="-110.35017"><ele>0</ele><time>2026-10-07T11:54:22.829Z</time></trkpt><trkpt lat="46.05608" lon="-110.34999"><ele>0</ele><time>2026-10-07T11:54:22.829Z</time></trkpt><trkpt lat="46.0557" lon="-110.34971"><ele>0</ele><time>2026-10-07T11:54:22.829Z</time></trkpt><trkpt lat="46.05554" lon="-110.34967"><ele>0</ele><time>2026-10-07T11:54:22.829Z</time></trkpt><trkpt lat="46.05553" lon="-110.34964"><ele>0</ele><time>2026-10-07T11:54:22.829Z</time></trkpt><trkpt lat="46.05556" lon="-110.34951"><ele>0</ele><time>2026-10-07T11:54:22.829Z</time></trkpt><trkpt lat="46.05544" lon="-110.34914"><ele>0</ele><time>2026-10-07T11:54:22.829Z</time></trkpt><trkpt lat="46.05546" lon="-110.349"><ele>0</ele><time>2026-10-07T11:54:22.829Z</time></trkpt><trkpt lat="46.0555" lon="-110.34899"><ele>0</ele><time>2026-10-07T11:54:22.829Z</time></trkpt><trkpt lat="46.05558" lon="-110.34902"><ele>0</ele><time>2026-10-07T11:54:22.829Z</time></trkpt><trkpt lat="46.05562" lon="-110.34898"><ele>0</ele><time>2026-10-07T11:54:22.829Z</time></trkpt><trkpt lat="46.0557" lon="-110.34884"><ele>0</ele><time>2026-10-07T11:54:22.829Z</time></trkpt><trkpt lat="46.05582" lon="-110.34884"><ele>0</ele><time>2026-10-07T11:54:22.829Z</time></trkpt><trkpt lat="46.05592" lon="-110.34876"><ele>0</ele><time>2026-10-07T11:54:22.829Z</time></trkpt><trkpt lat="46.05618" lon="-110.3488"><ele>0</ele><time>2026-10-07T11:54:22.829Z</time></trkpt><trkpt lat="46.05622" lon="-110.34876"><ele>0</ele><time>2026-10-07T11:54:22.829Z</time></trkpt><trkpt lat="46.05623" lon="-110.34869"><ele>0</ele><time>2026-10-07T11:54:22.829Z</time></trkpt><trkpt lat="46.05621" lon="-110.34859"><ele>0</ele><time>2026-10-07T11:54:22.829Z</time></trkpt><trkpt lat="46.05599" lon="-110.34838"><ele>0</ele><time>2026-10-07T11:54:22.829Z</time></trkpt><trkpt lat="46.05586" lon="-110.34816"><ele>0</ele><time>2026-10-07T11:54:22.829Z</time></trkpt><trkpt lat="46.05584" lon="-110.34792"><ele>0</ele><time>2026-10-07T11:54:22.829Z</time></trkpt><trkpt lat="46.05575" lon="-110.34783"><ele>0</ele><time>2026-10-07T11:54:22.829Z</time></trkpt><trkpt lat="46.05579" lon="-110.34771"><ele>0</ele><time>2026-10-07T11:54:22.829Z</time></trkpt><trkpt lat="46.05578" lon="-110.34767"><ele>0</ele><time>2026-10-07T11:54:22.829Z</time></trkpt><trkpt lat="46.0556" lon="-110.34747"><ele>0</ele><time>2026-10-07T11:54:22.829Z</time></trkpt><trkpt lat="46.0556" lon="-110.34744"><ele>0</ele><time>2026-10-07T11:54:22.829Z</time></trkpt><trkpt lat="46.05562" lon="-110.34742"><ele>0</ele><time>2026-10-07T11:54:22.829Z</time></trkpt><trkpt lat="46.0557" lon="-110.34739"><ele>0</ele><time>2026-10-07T11:54:22.829Z</time></trkpt><trkpt lat="46.05571" lon="-110.34736"><ele>0</ele><time>2026-10-07T11:54:22.829Z</time></trkpt><trkpt lat="46.05554" lon="-110.34718"><ele>0</ele><time>2026-10-07T11:54:22.829Z</time></trkpt><trkpt lat="46.05539" lon="-110.34657"><ele>0</ele><time>2026-10-07T11:54:22.829Z</time></trkpt><trkpt lat="46.05518" lon="-110.34644"><ele>0</ele><time>2026-10-07T11:54:22.829Z</time></trkpt><trkpt lat="46.05505" lon="-110.34628"><ele>0</ele><time>2026-10-07T11:54:22.829Z</time></trkpt><trkpt lat="46.055" lon="-110.34621"><ele>0</ele><time>2026-10-07T11:54:22.829Z</time></trkpt><trkpt lat="46.05497" lon="-110.34607"><ele>0</ele><time>2026-10-07T11:54:22.829Z</time></trkpt><trkpt lat="46.05487" lon="-110.34596"><ele>0</ele><time>2026-10-07T11:54:22.829Z</time></trkpt><trkpt lat="46.05471" lon="-110.34571"><ele>0</ele><time>2026-10-07T11:54:22.829Z</time></trkpt><trkpt lat="46.05457" lon="-110.34557"><ele>0</ele><time>2026-10-07T11:54:22.829Z</time></trkpt><trkpt lat="46.05436" lon="-110.34523"><ele>0</ele><time>2026-10-07T11:54:22.829Z</time></trkpt><trkpt lat="46.05423" lon="-110.34513"><ele>0</ele><time>2026-10-07T11:54:22.829Z</time></trkpt><trkpt lat="46.054" lon="-110.3451"><ele>0</ele><time>2026-10-07T11:54:22.829Z</time></trkpt><trkpt lat="46.05387" lon="-110.34499"><ele>0</ele><time>2026-10-07T11:54:22.829Z</time></trkpt><trkpt lat="46.05374" lon="-110.34482"><ele>0</ele><time>2026-10-07T11:54:22.829Z</time></trkpt><trkpt lat="46.05352" lon="-110.34463"><ele>0</ele><time>2026-10-07T11:54:22.829Z</time></trkpt><trkpt lat="46.05334" lon="-110.34454"><ele>0</ele><time>2026-10-07T11:54:22.829Z</time></trkpt><trkpt lat="46.0533" lon="-110.34449"><ele>0</ele><time>2026-10-07T11:54:22.829Z</time></trkpt><trkpt lat="46.0531" lon="-110.34449"><ele>0</ele><time>2026-10-07T11:54:22.829Z</time></trkpt><trkpt lat="46.05277" lon="-110.3444"><ele>0</ele><time>2026-10-07T11:54:22.829Z</time></trkpt><trkpt lat="46.05268" lon="-110.34434"><ele>0</ele><time>2026-10-07T11:54:22.829Z</time></trkpt><trkpt lat="46.05234" lon="-110.34378"><ele>0</ele><time>2026-10-07T11:54:22.829Z</time></trkpt><trkpt lat="46.05224" lon="-110.34366"><ele>0</ele><time>2026-10-07T11:54:22.829Z</time></trkpt><trkpt lat="46.05205" lon="-110.34353"><ele>0</ele><time>2026-10-07T11:54:22.829Z</time></trkpt><trkpt lat="46.05186" lon="-110.34351"><ele>0</ele><time>2026-10-07T11:54:22.829Z</time></trkpt><trkpt lat="46.0517" lon="-110.34354"><ele>0</ele><time>2026-10-07T11:54:22.829Z</time></trkpt><trkpt lat="46.05156" lon="-110.34351"><ele>0</ele><time>2026-10-07T11:54:22.829Z</time></trkpt><trkpt lat="46.0513" lon="-110.34326"><ele>0</ele><time>2026-10-07T11:54:22.829Z</time></trkpt><trkpt lat="46.05114" lon="-110.34315"><ele>0</ele><time>2026-10-07T11:54:22.829Z</time></trkpt><trkpt lat="46.051" lon="-110.34297"><ele>0</ele><time>2026-10-07T11:54:22.829Z</time></trkpt><trkpt lat="46.05094" lon="-110.34294"><ele>0</ele><time>2026-10-07T11:54:22.829Z</time></trkpt><trkpt lat="46.05088" lon="-110.34276"><ele>0</ele><time>2026-10-07T11:54:22.829Z</time></trkpt><trkpt lat="46.05075" lon="-110.34265"><ele>0</ele><time>2026-10-07T11:54:22.829Z</time></trkpt><trkpt lat="46.05045" lon="-110.34268"><ele>0</ele><time>2026-10-07T11:54:22.829Z</time></trkpt><trkpt lat="46.05038" lon="-110.34263"><ele>0</ele><time>2026-10-07T11:54:22.829Z</time></trkpt><trkpt lat="46.05022" lon="-110.34264"><ele>0</ele><time>2026-10-07T11:54:22.829Z</time></trkpt><trkpt lat="46.04997" lon="-110.34282"><ele>0</ele><time>2026-10-07T11:54:22.829Z</time></trkpt><trkpt lat="46.04967" lon="-110.34298"><ele>0</ele><time>2026-10-07T11:54:22.829Z</time></trkpt><trkpt lat="46.04948" lon="-110.34302"><ele>0</ele><time>2026-10-07T11:54:22.829Z</time></trkpt><trkpt lat="46.04951" lon="-110.3428"><ele>0</ele><time>2026-10-07T11:54:22.829Z</time></trkpt><trkpt lat="46.04927" lon="-110.34287"><ele>0</ele><time>2026-10-07T11:54:22.829Z</time></trkpt><trkpt lat="46.04911" lon="-110.34281"><ele>0</ele><time>2026-10-07T11:54:22.829Z</time></trkpt><trkpt lat="46.04897" lon="-110.34268"><ele>0</ele><time>2026-10-07T11:54:22.829Z</time></trkpt><trkpt lat="46.04873" lon="-110.34232"><ele>0</ele><time>2026-10-07T11:54:22.829Z</time></trkpt><trkpt lat="46.04869" lon="-110.34211"><ele>0</ele><time>2026-10-07T11:54:22.829Z</time></trkpt><trkpt lat="46.04858" lon="-110.34195"><ele>0</ele><time>2026-10-07T11:54:22.829Z</time></trkpt><trkpt lat="46.04858" lon="-110.34193"><ele>0</ele><time>2026-10-07T11:54:22.829Z</time></trkpt><trkpt lat="46.0487" lon="-110.34197"><ele>0</ele><time>2026-10-07T11:54:22.829Z</time></trkpt><trkpt lat="46.04879" lon="-110.34194"><ele>0</ele><time>2026-10-07T11:54:22.829Z</time></trkpt><trkpt lat="46.049" lon="-110.34195"><ele>0</ele><time>2026-10-07T11:54:22.829Z</time></trkpt><trkpt lat="46.04917" lon="-110.34186"><ele>0</ele><time>2026-10-07T11:54:22.829Z</time></trkpt><trkpt lat="46.04926" lon="-110.34173"><ele>0</ele><time>2026-10-07T11:54:22.829Z</time></trkpt><trkpt lat="46.04941" lon="-110.34161"><ele>0</ele><time>2026-10-07T11:54:22.829Z</time></trkpt><trkpt lat="46.04988" lon="-110.34111"><ele>0</ele><time>2026-10-07T11:54:22.829Z</time></trkpt><trkpt lat="46.04995" lon="-110.34095"><ele>0</ele><time>2026-10-07T11:54:22.829Z</time></trkpt><trkpt lat="46.04978" lon="-110.34098"><ele>0</ele><time>2026-10-07T11:54:22.829Z</time></trkpt><trkpt lat="46.04978" lon="-110.34094"><ele>0</ele><time>2026-10-07T11:54:22.829Z</time></trkpt><trkpt lat="46.04986" lon="-110.34085"><ele>0</ele><time>2026-10-07T11:54:22.829Z</time></trkpt><trkpt lat="46.04984" lon="-110.34084"><ele>0</ele><time>2026-10-07T11:54:22.829Z</time></trkpt><trkpt lat="46.04972" lon="-110.34086"><ele>0</ele><time>2026-10-07T11:54:22.829Z</time></trkpt><trkpt lat="46.04955" lon="-110.34083"><ele>0</ele><time>2026-10-07T11:54:22.829Z</time></trkpt><trkpt lat="46.04955" lon="-110.34081"><ele>0</ele><time>2026-10-07T11:54:22.829Z</time></trkpt><trkpt lat="46.04982" lon="-110.34048"><ele>0</ele><time>2026-10-07T11:54:22.829Z</time></trkpt><trkpt lat="46.04985" lon="-110.34042"><ele>0</ele><time>2026-10-07T11:54:22.829Z</time></trkpt><trkpt lat="46.04983" lon="-110.34037"><ele>0</ele><time>2026-10-07T11:54:22.829Z</time></trkpt><trkpt lat="46.04966" lon="-110.34042"><ele>0</ele><time>2026-10-07T11:54:22.829Z</time></trkpt><trkpt lat="46.04948" lon="-110.34042"><ele>0</ele><time>2026-10-07T11:54:22.829Z</time></trkpt><trkpt lat="46.04943" lon="-110.34045"><ele>0</ele><time>2026-10-07T11:54:22.829Z</time></trkpt><trkpt lat="46.04933" lon="-110.34045"><ele>0</ele><time>2026-10-07T11:54:22.829Z</time></trkpt><trkpt lat="46.0492" lon="-110.34051"><ele>0</ele><time>2026-10-07T11:54:22.829Z</time></trkpt><trkpt lat="46.04925" lon="-110.34041"><ele>0</ele><time>2026-10-07T11:54:22.829Z</time></trkpt><trkpt lat="46.04922" lon="-110.34039"><ele>0</ele><time>2026-10-07T11:54:22.829Z</time></trkpt><trkpt lat="46.04913" lon="-110.34044"><ele>0</ele><time>2026-10-07T11:54:22.829Z</time></trkpt><trkpt lat="46.04901" lon="-110.34056"><ele>0</ele><time>2026-10-07T11:54:22.829Z</time></trkpt><trkpt lat="46.04893" lon="-110.34052"><ele>0</ele><time>2026-10-07T11:54:22.829Z</time></trkpt><trkpt lat="46.04892" lon="-110.34047"><ele>0</ele><time>2026-10-07T11:54:22.829Z</time></trkpt><trkpt lat="46.04901" lon="-110.34025"><ele>0</ele><time>2026-10-07T11:54:22.829Z</time></trkpt><trkpt lat="46.04911" lon="-110.34003"><ele>0</ele><time>2026-10-07T11:54:22.829Z</time></trkpt><trkpt lat="46.04919" lon="-110.33995"><ele>0</ele><time>2026-10-07T11:54:22.829Z</time></trkpt><trkpt lat="46.04925" lon="-110.3398"><ele>0</ele><time>2026-10-07T11:54:22.829Z</time></trkpt><trkpt lat="46.04927" lon="-110.33967"><ele>0</ele><time>2026-10-07T11:54:22.829Z</time></trkpt><trkpt lat="46.04925" lon="-110.33954"><ele>0</ele><time>2026-10-07T11:54:22.829Z</time></trkpt><trkpt lat="46.0493" lon="-110.33942"><ele>0</ele><time>2026-10-07T11:54:22.829Z</time></trkpt><trkpt lat="46.04914" lon="-110.33922"><ele>0</ele><time>2026-10-07T11:54:22.829Z</time></trkpt><trkpt lat="46.04905" lon="-110.33925"><ele>0</ele><time>2026-10-07T11:54:22.829Z</time></trkpt><trkpt lat="46.04895" lon="-110.33914"><ele>0</ele><time>2026-10-07T11:54:22.829Z</time></trkpt><trkpt lat="46.04886" lon="-110.33915"><ele>0</ele><time>2026-10-07T11:54:22.829Z</time></trkpt><trkpt lat="46.04872" lon="-110.33896"><ele>0</ele><time>2026-10-07T11:54:22.829Z</time></trkpt><trkpt lat="46.04856" lon="-110.33866"><ele>0</ele><time>2026-10-07T11:54:22.829Z</time></trkpt><trkpt lat="46.0485" lon="-110.3386"><ele>0</ele><time>2026-10-07T11:54:22.829Z</time></trkpt><trkpt lat="46.04845" lon="-110.3383"><ele>0</ele><time>2026-10-07T11:54:22.829Z</time></trkpt><trkpt lat="46.04801" lon="-110.33804"><ele>0</ele><time>2026-10-07T11:54:22.829Z</time></trkpt><trkpt lat="46.04795" lon="-110.33786"><ele>0</ele><time>2026-10-07T11:54:22.829Z</time></trkpt><trkpt lat="46.04798" lon="-110.3378"><ele>0</ele><time>2026-10-07T11:54:22.829Z</time></trkpt><trkpt lat="46.04812" lon="-110.3377"><ele>0</ele><time>2026-10-07T11:54:22.829Z</time></trkpt><trkpt lat="46.04819" lon="-110.33761"><ele>0</ele><time>2026-10-07T11:54:22.829Z</time></trkpt><trkpt lat="46.04829" lon="-110.33753"><ele>0</ele><time>2026-10-07T11:54:22.829Z</time></trkpt><trkpt lat="46.04805" lon="-110.33732"><ele>0</ele><time>2026-10-07T11:54:22.829Z</time></trkpt><trkpt lat="46.04781" lon="-110.33691"><ele>0</ele><time>2026-10-07T11:54:22.829Z</time></trkpt><trkpt lat="46.0478" lon="-110.33681"><ele>0</ele><time>2026-10-07T11:54:22.829Z</time></trkpt><trkpt lat="46.04812" lon="-110.33676"><ele>0</ele><time>2026-10-07T11:54:22.829Z</time></trkpt><trkpt lat="46.04899" lon="-110.33685"><ele>0</ele><time>2026-10-07T11:54:22.829Z</time></trkpt><trkpt lat="46.04917" lon="-110.33683"><ele>0</ele><time>2026-10-07T11:54:22.829Z</time></trkpt><trkpt lat="46.04915" lon="-110.33679"><ele>0</ele><time>2026-10-07T11:54:22.829Z</time></trkpt><trkpt lat="46.04906" lon="-110.33676"><ele>0</ele><time>2026-10-07T11:54:22.829Z</time></trkpt><trkpt lat="46.04887" lon="-110.33655"><ele>0</ele><time>2026-10-07T11:54:22.829Z</time></trkpt><trkpt lat="46.04869" lon="-110.33625"><ele>0</ele><time>2026-10-07T11:54:22.829Z</time></trkpt><trkpt lat="46.04845" lon="-110.33577"><ele>0</ele><time>2026-10-07T11:54:22.829Z</time></trkpt><trkpt lat="46.04867" lon="-110.33581"><ele>0</ele><time>2026-10-07T11:54:22.829Z</time></trkpt><trkpt lat="46.04888" lon="-110.33593"><ele>0</ele><time>2026-10-07T11:54:22.829Z</time></trkpt><trkpt lat="46.0489" lon="-110.33593"><ele>0</ele><time>2026-10-07T11:54:22.829Z</time></trkpt><trkpt lat="46.0489" lon="-110.33591"><ele>0</ele><time>2026-10-07T11:54:22.829Z</time></trkpt><trkpt lat="46.04855" lon="-110.3355"><ele>0</ele><time>2026-10-07T11:54:22.829Z</time></trkpt><trkpt lat="46.04838" lon="-110.33537"><ele>0</ele><time>2026-10-07T11:54:22.829Z</time></trkpt><trkpt lat="46.0483" lon="-110.33522"><ele>0</ele><time>2026-10-07T11:54:22.829Z</time></trkpt><trkpt lat="46.04824" lon="-110.33517"><ele>0</ele><time>2026-10-07T11:54:22.829Z</time></trkpt><trkpt lat="46.04816" lon="-110.33515"><ele>0</ele><time>2026-10-07T11:54:22.829Z</time></trkpt><trkpt lat="46.04814" lon="-110.33511"><ele>0</ele><time>2026-10-07T11:54:22.829Z</time></trkpt><trkpt lat="46.04832" lon="-110.33508"><ele>0</ele><time>2026-10-07T11:54:22.829Z</time></trkpt><trkpt lat="46.04849" lon="-110.33517"><ele>0</ele><time>2026-10-07T11:54:22.829Z</time></trkpt><trkpt lat="46.04879" lon="-110.33519"><ele>0</ele><time>2026-10-07T11:54:22.829Z</time></trkpt><trkpt lat="46.04918" lon="-110.33536"><ele>0</ele><time>2026-10-07T11:54:22.829Z</time></trkpt><trkpt lat="46.04943" lon="-110.33557"><ele>0</ele><time>2026-10-07T11:54:22.829Z</time></trkpt><trkpt lat="46.04955" lon="-110.33565"><ele>0</ele><time>2026-10-07T11:54:22.829Z</time></trkpt><trkpt lat="46.04994" lon="-110.33576"><ele>0</ele><time>2026-10-07T11:54:22.829Z</time></trkpt><trkpt lat="46.04996" lon="-110.33574"><ele>0</ele><time>2026-10-07T11:54:22.829Z</time></trkpt><trkpt lat="46.04977" lon="-110.33551"><ele>0</ele><time>2026-10-07T11:54:22.829Z</time></trkpt><trkpt lat="46.0501" lon="-110.3355"><ele>0</ele><time>2026-10-07T11:54:22.829Z</time></trkpt><trkpt lat="46.04989" lon="-110.33523"><ele>0</ele><time>2026-10-07T11:54:22.829Z</time></trkpt><trkpt lat="46.05014" lon="-110.33525"><ele>0</ele><time>2026-10-07T11:54:22.829Z</time></trkpt><trkpt lat="46.05028" lon="-110.33532"><ele>0</ele><time>2026-10-07T11:54:22.829Z</time></trkpt><trkpt lat="46.05046" lon="-110.33532"><ele>0</ele><time>2026-10-07T11:54:22.829Z</time></trkpt><trkpt lat="46.05005" lon="-110.33485"><ele>0</ele><time>2026-10-07T11:54:22.829Z</time></trkpt><trkpt lat="46.04992" lon="-110.33473"><ele>0</ele><time>2026-10-07T11:54:22.829Z</time></trkpt><trkpt lat="46.04972" lon="-110.33447"><ele>0</ele><time>2026-10-07T11:54:22.829Z</time></trkpt><trkpt lat="46.04943" lon="-110.33402"><ele>0</ele><time>2026-10-07T11:54:22.829Z</time></trkpt><trkpt lat="46.04937" lon="-110.33386"><ele>0</ele><time>2026-10-07T11:54:22.829Z</time></trkpt><trkpt lat="46.04929" lon="-110.33378"><ele>0</ele><time>2026-10-07T11:54:22.829Z</time></trkpt><trkpt lat="46.04943" lon="-110.33378"><ele>0</ele><time>2026-10-07T11:54:22.829Z</time></trkpt><trkpt lat="46.04965" lon="-110.33385"><ele>0</ele><time>2026-10-07T11:54:22.829Z</time></trkpt><trkpt lat="46.0499" lon="-110.33399"><ele>0</ele><time>2026-10-07T11:54:22.829Z</time></trkpt><trkpt lat="46.05008" lon="-110.33401"><ele>0</ele><time>2026-10-07T11:54:22.829Z</time></trkpt><trkpt lat="46.05024" lon="-110.33413"><ele>0</ele><time>2026-10-07T11:54:22.829Z</time></trkpt><trkpt lat="46.05047" lon="-110.33421"><ele>0</ele><time>2026-10-07T11:54:22.829Z</time></trkpt><trkpt lat="46.05057" lon="-110.33427"><ele>0</ele><time>2026-10-07T11:54:22.829Z</time></trkpt><trkpt lat="46.05064" lon="-110.33427"><ele>0</ele><time>2026-10-07T11:54:22.829Z</time></trkpt><trkpt lat="46.05061" lon="-110.33421"><ele>0</ele><time>2026-10-07T11:54:22.829Z</time></trkpt><trkpt lat="46.05049" lon="-110.33407"><ele>0</ele><time>2026-10-07T11:54:22.829Z</time></trkpt><trkpt lat="46.05012" lon="-110.33334"><ele>0</ele><time>2026-10-07T11:54:22.829Z</time></trkpt><trkpt lat="46.05013" lon="-110.33331"><ele>0</ele><time>2026-10-07T11:54:22.829Z</time></trkpt><trkpt lat="46.05027" lon="-110.33333"><ele>0</ele><time>2026-10-07T11:54:22.829Z</time></trkpt><trkpt lat="46.0502" lon="-110.33309"><ele>0</ele><time>2026-10-07T11:54:22.829Z</time></trkpt><trkpt lat="46.05041" lon="-110.33276"><ele>0</ele><time>2026-10-07T11:54:22.829Z</time></trkpt><trkpt lat="46.05065" lon="-110.33265"><ele>0</ele><time>2026-10-07T11:54:22.829Z</time></trkpt><trkpt lat="46.05077" lon="-110.33242"><ele>0</ele><time>2026-10-07T11:54:22.829Z</time></trkpt><trkpt lat="46.05085" lon="-110.33206"><ele>0</ele><time>2026-10-07T11:54:22.829Z</time></trkpt><trkpt lat="46.05089" lon="-110.33199"><ele>0</ele><time>2026-10-07T11:54:22.829Z</time></trkpt><trkpt lat="46.05089" lon="-110.33171"><ele>0</ele><time>2026-10-07T11:54:22.829Z</time></trkpt><trkpt lat="46.05083" lon="-110.33175"><ele>0</ele><time>2026-10-07T11:54:22.829Z</time></trkpt><trkpt lat="46.05065" lon="-110.33203"><ele>0</ele><time>2026-10-07T11:54:22.829Z</time></trkpt><trkpt lat="46.05053" lon="-110.33216"><ele>0</ele><time>2026-10-07T11:54:22.829Z</time></trkpt><trkpt lat="46.05041" lon="-110.33223"><ele>0</ele><time>2026-10-07T11:54:22.829Z</time></trkpt><trkpt lat="46.0505" lon="-110.33191"><ele>0</ele><time>2026-10-07T11:54:22.829Z</time></trkpt><trkpt lat="46.05067" lon="-110.33146"><ele>0</ele><time>2026-10-07T11:54:22.829Z</time></trkpt><trkpt lat="46.05085" lon="-110.3311"><ele>0</ele><time>2026-10-07T11:54:22.829Z</time></trkpt><trkpt lat="46.05088" lon="-110.3309"><ele>0</ele><time>2026-10-07T11:54:22.829Z</time></trkpt><trkpt lat="46.05097" lon="-110.33064"><ele>0</ele><time>2026-10-07T11:54:22.829Z</time></trkpt><trkpt lat="46.05102" lon="-110.33038"><ele>0</ele><time>2026-10-07T11:54:22.829Z</time></trkpt><trkpt lat="46.05115" lon="-110.33001"><ele>0</ele><time>2026-10-07T11:54:22.829Z</time></trkpt><trkpt lat="46.05115" lon="-110.32994"><ele>0</ele><time>2026-10-07T11:54:22.829Z</time></trkpt><trkpt lat="46.05139" lon="-110.32927"><ele>0</ele><time>2026-10-07T11:54:22.829Z</time></trkpt><trkpt lat="46.0514" lon="-110.32909"><ele>0</ele><time>2026-10-07T11:54:22.829Z</time></trkpt><trkpt lat="46.05145" lon="-110.32895"><ele>0</ele><time>2026-10-07T11:54:22.829Z</time></trkpt><trkpt lat="46.05144" lon="-110.32892"><ele>0</ele><time>2026-10-07T11:54:22.829Z</time></trkpt><trkpt lat="46.05139" lon="-110.32894"><ele>0</ele><time>2026-10-07T11:54:22.829Z</time></trkpt><trkpt lat="46.05115" lon="-110.32923"><ele>0</ele><time>2026-10-07T11:54:22.829Z</time></trkpt><trkpt lat="46.05112" lon="-110.32934"><ele>0</ele><time>2026-10-07T11:54:22.829Z</time></trkpt><trkpt lat="46.051" lon="-110.32948"><ele>0</ele><time>2026-10-07T11:54:22.829Z</time></trkpt><trkpt lat="46.05095" lon="-110.32959"><ele>0</ele><time>2026-10-07T11:54:22.829Z</time></trkpt><trkpt lat="46.05092" lon="-110.32959"><ele>0</ele><time>2026-10-07T11:54:22.829Z</time></trkpt><trkpt lat="46.05102" lon="-110.32858"><ele>0</ele><time>2026-10-07T11:54:22.829Z</time></trkpt><trkpt lat="46.05109" lon="-110.32844"><ele>0</ele><time>2026-10-07T11:54:22.829Z</time></trkpt><trkpt lat="46.05129" lon="-110.32828"><ele>0</ele><time>2026-10-07T11:54:22.829Z</time></trkpt><trkpt lat="46.05137" lon="-110.32807"><ele>0</ele><time>2026-10-07T11:54:22.829Z</time></trkpt><trkpt lat="46.05138" lon="-110.32789"><ele>0</ele><time>2026-10-07T11:54:22.829Z</time></trkpt><trkpt lat="46.05135" lon="-110.32763"><ele>0</ele><time>2026-10-07T11:54:22.829Z</time></trkpt><trkpt lat="46.05113" lon="-110.32772"><ele>0</ele><time>2026-10-07T11:54:22.829Z</time></trkpt><trkpt lat="46.05109" lon="-110.3276"><ele>0</ele><time>2026-10-07T11:54:22.829Z</time></trkpt><trkpt lat="46.05103" lon="-110.32758"><ele>0</ele><time>2026-10-07T11:54:22.829Z</time></trkpt><trkpt lat="46.05096" lon="-110.32764"><ele>0</ele><time>2026-10-07T11:54:22.829Z</time></trkpt><trkpt lat="46.05093" lon="-110.32771"><ele>0</ele><time>2026-10-07T11:54:22.829Z</time></trkpt><trkpt lat="46.05089" lon="-110.32772"><ele>0</ele><time>2026-10-07T11:54:22.829Z</time></trkpt><trkpt lat="46.05081" lon="-110.32769"><ele>0</ele><time>2026-10-07T11:54:22.829Z</time></trkpt><trkpt lat="46.05086" lon="-110.32761"><ele>0</ele><time>2026-10-07T11:54:22.829Z</time></trkpt><trkpt lat="46.05085" lon="-110.32752"><ele>0</ele><time>2026-10-07T11:54:22.829Z</time></trkpt><trkpt lat="46.05078" lon="-110.32753"><ele>0</ele><time>2026-10-07T11:54:22.829Z</time></trkpt><trkpt lat="46.05069" lon="-110.32763"><ele>0</ele><time>2026-10-07T11:54:22.829Z</time></trkpt><trkpt lat="46.05063" lon="-110.32763"><ele>0</ele><time>2026-10-07T11:54:22.829Z</time></trkpt><trkpt lat="46.05044" lon="-110.32774"><ele>0</ele><time>2026-10-07T11:54:22.829Z</time></trkpt><trkpt lat="46.05022" lon="-110.32746"><ele>0</ele><time>2026-10-07T11:54:22.829Z</time></trkpt><trkpt lat="46.05015" lon="-110.32746"><ele>0</ele><time>2026-10-07T11:54:22.829Z</time></trkpt><trkpt lat="46.05009" lon="-110.32751"><ele>0</ele><time>2026-10-07T11:54:22.829Z</time></trkpt><trkpt lat="46.05008" lon="-110.32765"><ele>0</ele><time>2026-10-07T11:54:22.829Z</time></trkpt><trkpt lat="46.05003" lon="-110.32787"><ele>0</ele><time>2026-10-07T11:54:22.829Z</time></trkpt><trkpt lat="46.04994" lon="-110.32782"><ele>0</ele><time>2026-10-07T11:54:22.829Z</time></trkpt><trkpt lat="46.04984" lon="-110.32768"><ele>0</ele><time>2026-10-07T11:54:22.829Z</time></trkpt><trkpt lat="46.04976" lon="-110.32789"><ele>0</ele><time>2026-10-07T11:54:22.829Z</time></trkpt><trkpt lat="46.04974" lon="-110.32789"><ele>0</ele><time>2026-10-07T11:54:22.829Z</time></trkpt><trkpt lat="46.04939" lon="-110.32707"><ele>0</ele><time>2026-10-07T11:54:22.829Z</time></trkpt><trkpt lat="46.04933" lon="-110.32725"><ele>0</ele><time>2026-10-07T11:54:22.829Z</time></trkpt><trkpt lat="46.04929" lon="-110.32746"><ele>0</ele><time>2026-10-07T11:54:22.829Z</time></trkpt><trkpt lat="46.04917" lon="-110.3278"><ele>0</ele><time>2026-10-07T11:54:22.829Z</time></trkpt><trkpt lat="46.04904" lon="-110.32763"><ele>0</ele><time>2026-10-07T11:54:22.829Z</time></trkpt><trkpt lat="46.04895" lon="-110.32733"><ele>0</ele><time>2026-10-07T11:54:22.829Z</time></trkpt><trkpt lat="46.04892" lon="-110.32734"><ele>0</ele><time>2026-10-07T11:54:22.829Z</time></trkpt><trkpt lat="46.04885" lon="-110.32745"><ele>0</ele><time>2026-10-07T11:54:22.829Z</time></trkpt><trkpt lat="46.04876" lon="-110.32764"><ele>0</ele><time>2026-10-07T11:54:22.829Z</time></trkpt><trkpt lat="46.04874" lon="-110.32764"><ele>0</ele><time>2026-10-07T11:54:22.829Z</time></trkpt><trkpt lat="46.0487" lon="-110.32735"><ele>0</ele><time>2026-10-07T11:54:22.829Z</time></trkpt><trkpt lat="46.0486" lon="-110.32746"><ele>0</ele><time>2026-10-07T11:54:22.829Z</time></trkpt><trkpt lat="46.04854" lon="-110.3276"><ele>0</ele><time>2026-10-07T11:54:22.829Z</time></trkpt><trkpt lat="46.0485" lon="-110.3275"><ele>0</ele><time>2026-10-07T11:54:22.829Z</time></trkpt><trkpt lat="46.04846" lon="-110.32718"><ele>0</ele><time>2026-10-07T11:54:22.829Z</time></trkpt><trkpt lat="46.0484" lon="-110.32693"><ele>0</ele><time>2026-10-07T11:54:22.829Z</time></trkpt><trkpt lat="46.04844" lon="-110.32661"><ele>0</ele><time>2026-10-07T11:54:22.829Z</time></trkpt><trkpt lat="46.04843" lon="-110.32648"><ele>0</ele><time>2026-10-07T11:54:22.829Z</time></trkpt><trkpt lat="46.0484" lon="-110.32639"><ele>0</ele><time>2026-10-07T11:54:22.829Z</time></trkpt><trkpt lat="46.04837" lon="-110.32636"><ele>0</ele><time>2026-10-07T11:54:22.829Z</time></trkpt><trkpt lat="46.04834" lon="-110.32625"><ele>0</ele><time>2026-10-07T11:54:22.829Z</time></trkpt><trkpt lat="46.0483" lon="-110.32621"><ele>0</ele><time>2026-10-07T11:54:22.829Z</time></trkpt><trkpt lat="46.04817" lon="-110.32626"><ele>0</ele><time>2026-10-07T11:54:22.829Z</time></trkpt><trkpt lat="46.04813" lon="-110.3263"><ele>0</ele><time>2026-10-07T11:54:22.829Z</time></trkpt><trkpt lat="46.04801" lon="-110.32631"><ele>0</ele><time>2026-10-07T11:54:22.829Z</time></trkpt><trkpt lat="46.04794" lon="-110.32645"><ele>0</ele><time>2026-10-07T11:54:22.829Z</time></trkpt><trkpt lat="46.04787" lon="-110.32652"><ele>0</ele><time>2026-10-07T11:54:22.829Z</time></trkpt><trkpt lat="46.04786" lon="-110.32668"><ele>0</ele><time>2026-10-07T11:54:22.829Z</time></trkpt><trkpt lat="46.04779" lon="-110.3269"><ele>0</ele><time>2026-10-07T11:54:22.829Z</time></trkpt><trkpt lat="46.04771" lon="-110.32695"><ele>0</ele><time>2026-10-07T11:54:22.829Z</time></trkpt><trkpt lat="46.04762" lon="-110.32681"><ele>0</ele><time>2026-10-07T11:54:22.829Z</time></trkpt><trkpt lat="46.04758" lon="-110.32686"><ele>0</ele><time>2026-10-07T11:54:22.829Z</time></trkpt><trkpt lat="46.04753" lon="-110.32685"><ele>0</ele><time>2026-10-07T11:54:22.829Z</time></trkpt><trkpt lat="46.04745" lon="-110.32674"><ele>0</ele><time>2026-10-07T11:54:22.829Z</time></trkpt><trkpt lat="46.04725" lon="-110.32668"><ele>0</ele><time>2026-10-07T11:54:22.829Z</time></trkpt><trkpt lat="46.04719" lon="-110.32658"><ele>0</ele><time>2026-10-07T11:54:22.829Z</time></trkpt><trkpt lat="46.04712" lon="-110.3266"><ele>0</ele><time>2026-10-07T11:54:22.829Z</time></trkpt><trkpt lat="46.04708" lon="-110.32653"><ele>0</ele><time>2026-10-07T11:54:22.829Z</time></trkpt><trkpt lat="46.04691" lon="-110.32645"><ele>0</ele><time>2026-10-07T11:54:22.829Z</time></trkpt><trkpt lat="46.04684" lon="-110.32648"><ele>0</ele><time>2026-10-07T11:54:22.829Z</time></trkpt><trkpt lat="46.04678" lon="-110.32664"><ele>0</ele><time>2026-10-07T11:54:22.829Z</time></trkpt><trkpt lat="46.04674" lon="-110.32667"><ele>0</ele><time>2026-10-07T11:54:22.829Z</time></trkpt><trkpt lat="46.04661" lon="-110.32663"><ele>0</ele><time>2026-10-07T11:54:22.829Z</time></trkpt><trkpt lat="46.04655" lon="-110.32664"><ele>0</ele><time>2026-10-07T11:54:22.829Z</time></trkpt><trkpt lat="46.04646" lon="-110.32655"><ele>0</ele><time>2026-10-07T11:54:22.829Z</time></trkpt><trkpt lat="46.04642" lon="-110.32654"><ele>0</ele><time>2026-10-07T11:54:22.829Z</time></trkpt><trkpt lat="46.04625" lon="-110.32658"><ele>0</ele><time>2026-10-07T11:54:22.829Z</time></trkpt><trkpt lat="46.04606" lon="-110.32654"><ele>0</ele><time>2026-10-07T11:54:22.829Z</time></trkpt><trkpt lat="46.04607" lon="-110.32636"><ele>0</ele><time>2026-10-07T11:54:22.829Z</time></trkpt><trkpt lat="46.04613" lon="-110.32625"><ele>0</ele><time>2026-10-07T11:54:22.829Z</time></trkpt><trkpt lat="46.04625" lon="-110.32612"><ele>0</ele><time>2026-10-07T11:54:22.829Z</time></trkpt><trkpt lat="46.04631" lon="-110.32589"><ele>0</ele><time>2026-10-07T11:54:22.829Z</time></trkpt><trkpt lat="46.04643" lon="-110.32579"><ele>0</ele><time>2026-10-07T11:54:22.829Z</time></trkpt><trkpt lat="46.04645" lon="-110.32571"><ele>0</ele><time>2026-10-07T11:54:22.829Z</time></trkpt><trkpt lat="46.04657" lon="-110.32563"><ele>0</ele><time>2026-10-07T11:54:22.829Z</time></trkpt><trkpt lat="46.04661" lon="-110.32552"><ele>0</ele><time>2026-10-07T11:54:22.829Z</time></trkpt><trkpt lat="46.04669" lon="-110.32551"><ele>0</ele><time>2026-10-07T11:54:22.829Z</time></trkpt><trkpt lat="46.04673" lon="-110.32554"><ele>0</ele><time>2026-10-07T11:54:22.829Z</time></trkpt><trkpt lat="46.04674" lon="-110.32541"><ele>0</ele><time>2026-10-07T11:54:22.829Z</time></trkpt><trkpt lat="46.04678" lon="-110.32543"><ele>0</ele><time>2026-10-07T11:54:22.829Z</time></trkpt><trkpt lat="46.04683" lon="-110.32539"><ele>0</ele><time>2026-10-07T11:54:22.829Z</time></trkpt><trkpt lat="46.04689" lon="-110.32521"><ele>0</ele><time>2026-10-07T11:54:22.829Z</time></trkpt><trkpt lat="46.04681" lon="-110.32504"><ele>0</ele><time>2026-10-07T11:54:22.829Z</time></trkpt><trkpt lat="46.04681" lon="-110.3249"><ele>0</ele><time>2026-10-07T11:54:22.829Z</time></trkpt><trkpt lat="46.04678" lon="-110.32481"><ele>0</ele><time>2026-10-07T11:54:22.829Z</time></trkpt><trkpt lat="46.04683" lon="-110.32474"><ele>0</ele><time>2026-10-07T11:54:22.829Z</time></trkpt><trkpt lat="46.04689" lon="-110.32476"><ele>0</ele><time>2026-10-07T11:54:22.829Z</time></trkpt><trkpt lat="46.04694" lon="-110.32463"><ele>0</ele><time>2026-10-07T11:54:22.829Z</time></trkpt><trkpt lat="46.04711" lon="-110.32457"><ele>0</ele><time>2026-10-07T11:54:22.829Z</time></trkpt><trkpt lat="46.04715" lon="-110.32451"><ele>0</ele><time>2026-10-07T11:54:22.829Z</time></trkpt><trkpt lat="46.04712" lon="-110.32445"><ele>0</ele><time>2026-10-07T11:54:22.829Z</time></trkpt><trkpt lat="46.047" lon="-110.32444"><ele>0</ele><time>2026-10-07T11:54:22.829Z</time></trkpt><trkpt lat="46.04698" lon="-110.32429"><ele>0</ele><time>2026-10-07T11:54:22.829Z</time></trkpt><trkpt lat="46.04693" lon="-110.32428"><ele>0</ele><time>2026-10-07T11:54:22.829Z</time></trkpt><trkpt lat="46.04687" lon="-110.32414"><ele>0</ele><time>2026-10-07T11:54:22.829Z</time></trkpt><trkpt lat="46.04691" lon="-110.32409"><ele>0</ele><time>2026-10-07T11:54:22.829Z</time></trkpt><trkpt lat="46.04693" lon="-110.32387"><ele>0</ele><time>2026-10-07T11:54:22.829Z</time></trkpt><trkpt lat="46.04699" lon="-110.32373"><ele>0</ele><time>2026-10-07T11:54:22.829Z</time></trkpt><trkpt lat="46.04709" lon="-110.32366"><ele>0</ele><time>2026-10-07T11:54:22.829Z</time></trkpt><trkpt lat="46.04707" lon="-110.32363"><ele>0</ele><time>2026-10-07T11:54:22.829Z</time></trkpt><trkpt lat="46.04702" lon="-110.32362"><ele>0</ele><time>2026-10-07T11:54:22.829Z</time></trkpt><trkpt lat="46.04699" lon="-110.32356"><ele>0</ele><time>2026-10-07T11:54:22.829Z</time></trkpt><trkpt lat="46.047" lon="-110.3235"><ele>0</ele><time>2026-10-07T11:54:22.829Z</time></trkpt><trkpt lat="46.04695" lon="-110.32346"><ele>0</ele><time>2026-10-07T11:54:22.829Z</time></trkpt><trkpt lat="46.04695" lon="-110.3234"><ele>0</ele><time>2026-10-07T11:54:22.829Z</time></trkpt><trkpt lat="46.0469" lon="-110.32342"><ele>0</ele><time>2026-10-07T11:54:22.829Z</time></trkpt><trkpt lat="46.04687" lon="-110.32348"><ele>0</ele><time>2026-10-07T11:54:22.829Z</time></trkpt><trkpt lat="46.0468" lon="-110.32348"><ele>0</ele><time>2026-10-07T11:54:22.829Z</time></trkpt><trkpt lat="46.04677" lon="-110.32333"><ele>0</ele><time>2026-10-07T11:54:22.829Z</time></trkpt><trkpt lat="46.04669" lon="-110.32333"><ele>0</ele><time>2026-10-07T11:54:22.829Z</time></trkpt><trkpt lat="46.04662" lon="-110.32316"><ele>0</ele><time>2026-10-07T11:54:22.829Z</time></trkpt><trkpt lat="46.04662" lon="-110.32307"><ele>0</ele><time>2026-10-07T11:54:22.829Z</time></trkpt><trkpt lat="46.04666" lon="-110.32301"><ele>0</ele><time>2026-10-07T11:54:22.829Z</time></trkpt><trkpt lat="46.04666" lon="-110.32286"><ele>0</ele><time>2026-10-07T11:54:22.829Z</time></trkpt><trkpt lat="46.04672" lon="-110.32269"><ele>0</ele><time>2026-10-07T11:54:22.829Z</time></trkpt><trkpt lat="46.04679" lon="-110.32268"><ele>0</ele><time>2026-10-07T11:54:22.829Z</time></trkpt><trkpt lat="46.04681" lon="-110.32246"><ele>0</ele><time>2026-10-07T11:54:22.829Z</time></trkpt><trkpt lat="46.04679" lon="-110.3224"><ele>0</ele><time>2026-10-07T11:54:22.829Z</time></trkpt><trkpt lat="46.04672" lon="-110.32231"><ele>0</ele><time>2026-10-07T11:54:22.829Z</time></trkpt><trkpt lat="46.04671" lon="-110.32214"><ele>0</ele><time>2026-10-07T11:54:22.829Z</time></trkpt><trkpt lat="46.04661" lon="-110.32201"><ele>0</ele><time>2026-10-07T11:54:22.829Z</time></trkpt><trkpt lat="46.04656" lon="-110.3218"><ele>0</ele><time>2026-10-07T11:54:22.829Z</time></trkpt><trkpt lat="46.04662" lon="-110.32154"><ele>0</ele><time>2026-10-07T11:54:22.829Z</time></trkpt><trkpt lat="46.04672" lon="-110.3213"><ele>0</ele><time>2026-10-07T11:54:22.829Z</time></trkpt><trkpt lat="46.04674" lon="-110.32112"><ele>0</ele><time>2026-10-07T11:54:22.829Z</time></trkpt><trkpt lat="46.04671" lon="-110.32087"><ele>0</ele><time>2026-10-07T11:54:22.829Z</time></trkpt><trkpt lat="46.04668" lon="-110.32078"><ele>0</ele><time>2026-10-07T11:54:22.829Z</time></trkpt><trkpt lat="46.04662" lon="-110.32076"><ele>0</ele><time>2026-10-07T11:54:22.829Z</time></trkpt><trkpt lat="46.04658" lon="-110.3207"><ele>0</ele><time>2026-10-07T11:54:22.829Z</time></trkpt><trkpt lat="46.04658" lon="-110.32061"><ele>0</ele><time>2026-10-07T11:54:22.829Z</time></trkpt><trkpt lat="46.04663" lon="-110.32056"><ele>0</ele><time>2026-10-07T11:54:22.829Z</time></trkpt><trkpt lat="46.04665" lon="-110.32042"><ele>0</ele><time>2026-10-07T11:54:22.829Z</time></trkpt><trkpt lat="46.04673" lon="-110.32037"><ele>0</ele><time>2026-10-07T11:54:22.829Z</time></trkpt><trkpt lat="46.04675" lon="-110.32026"><ele>0</ele><time>2026-10-07T11:54:22.829Z</time></trkpt><trkpt lat="46.04664" lon="-110.3202"><ele>0</ele><time>2026-10-07T11:54:22.829Z</time></trkpt><trkpt lat="46.04659" lon="-110.32011"><ele>0</ele><time>2026-10-07T11:54:22.829Z</time></trkpt><trkpt lat="46.0465" lon="-110.32009"><ele>0</ele><time>2026-10-07T11:54:22.829Z</time></trkpt><trkpt lat="46.04653" lon="-110.31997"><ele>0</ele><time>2026-10-07T11:54:22.829Z</time></trkpt><trkpt lat="46.04678" lon="-110.31963"><ele>0</ele><time>2026-10-07T11:54:22.829Z</time></trkpt><trkpt lat="46.04652" lon="-110.3196"><ele>0</ele><time>2026-10-07T11:54:22.829Z</time></trkpt><trkpt lat="46.04642" lon="-110.31962"><ele>0</ele><time>2026-10-07T11:54:22.829Z</time></trkpt><trkpt lat="46.04637" lon="-110.31965"><ele>0</ele><time>2026-10-07T11:54:22.829Z</time></trkpt><trkpt lat="46.04639" lon="-110.31957"><ele>0</ele><time>2026-10-07T11:54:22.829Z</time></trkpt><trkpt lat="46.0465" lon="-110.31932"><ele>0</ele><time>2026-10-07T11:54:22.829Z</time></trkpt><trkpt lat="46.04643" lon="-110.31929"><ele>0</ele><time>2026-10-07T11:54:22.829Z</time></trkpt><trkpt lat="46.04631" lon="-110.31935"><ele>0</ele><time>2026-10-07T11:54:22.829Z</time></trkpt><trkpt lat="46.04635" lon="-110.31918"><ele>0</ele><time>2026-10-07T11:54:22.829Z</time></trkpt><trkpt lat="46.04643" lon="-110.31909"><ele>0</ele><time>2026-10-07T11:54:22.829Z</time></trkpt><trkpt lat="46.04642" lon="-110.31895"><ele>0</ele><time>2026-10-07T11:54:22.829Z</time></trkpt><trkpt lat="46.04618" lon="-110.31917"><ele>0</ele><time>2026-10-07T11:54:22.829Z</time></trkpt><trkpt lat="46.04607" lon="-110.31946"><ele>0</ele><time>2026-10-07T11:54:22.829Z</time></trkpt><trkpt lat="46.04592" lon="-110.31951"><ele>0</ele><time>2026-10-07T11:54:22.829Z</time></trkpt><trkpt lat="46.04565" lon="-110.31953"><ele>0</ele><time>2026-10-07T11:54:22.829Z</time></trkpt><trkpt lat="46.04546" lon="-110.31971"><ele>0</ele><time>2026-10-07T11:54:22.829Z</time></trkpt><trkpt lat="46.04545" lon="-110.31966"><ele>0</ele><time>2026-10-07T11:54:22.829Z</time></trkpt><trkpt lat="46.04551" lon="-110.3195"><ele>0</ele><time>2026-10-07T11:54:22.829Z</time></trkpt><trkpt lat="46.04555" lon="-110.31931"><ele>0</ele><time>2026-10-07T11:54:22.829Z</time></trkpt><trkpt lat="46.04566" lon="-110.3191"><ele>0</ele><time>2026-10-07T11:54:22.829Z</time></trkpt><trkpt lat="46.04563" lon="-110.31903"><ele>0</ele><time>2026-10-07T11:54:22.829Z</time></trkpt><trkpt lat="46.04551" lon="-110.3191"><ele>0</ele><time>2026-10-07T11:54:22.829Z</time></trkpt><trkpt lat="46.04507" lon="-110.31963"><ele>0</ele><time>2026-10-07T11:54:22.829Z</time></trkpt><trkpt lat="46.04507" lon="-110.3195"><ele>0</ele><time>2026-10-07T11:54:22.829Z</time></trkpt><trkpt lat="46.04515" lon="-110.31918"><ele>0</ele><time>2026-10-07T11:54:22.829Z</time></trkpt><trkpt lat="46.04514" lon="-110.31912"><ele>0</ele><time>2026-10-07T11:54:22.829Z</time></trkpt><trkpt lat="46.04495" lon="-110.31934"><ele>0</ele><time>2026-10-07T11:54:22.829Z</time></trkpt><trkpt lat="46.04474" lon="-110.3195"><ele>0</ele><time>2026-10-07T11:54:22.829Z</time></trkpt><trkpt lat="46.04462" lon="-110.31955"><ele>0</ele><time>2026-10-07T11:54:22.829Z</time></trkpt><trkpt lat="46.0446" lon="-110.3195"><ele>0</ele><time>2026-10-07T11:54:22.829Z</time></trkpt><trkpt lat="46.04462" lon="-110.31943"><ele>0</ele><time>2026-10-07T11:54:22.829Z</time></trkpt><trkpt lat="46.0446" lon="-110.31941"><ele>0</ele><time>2026-10-07T11:54:22.829Z</time></trkpt><trkpt lat="46.04451" lon="-110.31959"><ele>0</ele><time>2026-10-07T11:54:22.829Z</time></trkpt><trkpt lat="46.04449" lon="-110.31958"><ele>0</ele><time>2026-10-07T11:54:22.829Z</time></trkpt><trkpt lat="46.04448" lon="-110.31948"><ele>0</ele><time>2026-10-07T11:54:22.829Z</time></trkpt><trkpt lat="46.0446" lon="-110.3191"><ele>0</ele><time>2026-10-07T11:54:22.829Z</time></trkpt><trkpt lat="46.04456" lon="-110.31897"><ele>0</ele><time>2026-10-07T11:54:22.829Z</time></trkpt><trkpt lat="46.04451" lon="-110.31895"><ele>0</ele><time>2026-10-07T11:54:22.829Z</time></trkpt><trkpt lat="46.04436" lon="-110.31913"><ele>0</ele><time>2026-10-07T11:54:22.829Z</time></trkpt><trkpt lat="46.04437" lon="-110.31896"><ele>0</ele><time>2026-10-07T11:54:22.829Z</time></trkpt><trkpt lat="46.04434" lon="-110.31897"><ele>0</ele><time>2026-10-07T11:54:22.829Z</time></trkpt><trkpt lat="46.04415" lon="-110.31918"><ele>0</ele><time>2026-10-07T11:54:22.829Z</time></trkpt><trkpt lat="46.04383" lon="-110.31942"><ele>0</ele><time>2026-10-07T11:54:22.829Z</time></trkpt><trkpt lat="46.04376" lon="-110.31951"><ele>0</ele><time>2026-10-07T11:54:22.829Z</time></trkpt><trkpt lat="46.04375" lon="-110.31945"><ele>0</ele><time>2026-10-07T11:54:22.829Z</time></trkpt><trkpt lat="46.04377" lon="-110.31924"><ele>0</ele><time>2026-10-07T11:54:22.829Z</time></trkpt><trkpt lat="46.04383" lon="-110.31908"><ele>0</ele><time>2026-10-07T11:54:22.829Z</time></trkpt><trkpt lat="46.04402" lon="-110.31879"><ele>0</ele><time>2026-10-07T11:54:22.829Z</time></trkpt><trkpt lat="46.04409" lon="-110.31856"><ele>0</ele><time>2026-10-07T11:54:22.829Z</time></trkpt><trkpt lat="46.04395" lon="-110.31861"><ele>0</ele><time>2026-10-07T11:54:22.829Z</time></trkpt><trkpt lat="46.04354" lon="-110.31885"><ele>0</ele><time>2026-10-07T11:54:22.829Z</time></trkpt><trkpt lat="46.04357" lon="-110.31874"><ele>0</ele><time>2026-10-07T11:54:22.829Z</time></trkpt><trkpt lat="46.04365" lon="-110.31862"><ele>0</ele><time>2026-10-07T11:54:22.829Z</time></trkpt><trkpt lat="46.04366" lon="-110.31851"><ele>0</ele><time>2026-10-07T11:54:22.829Z</time></trkpt><trkpt lat="46.04365" lon="-110.31848"><ele>0</ele><time>2026-10-07T11:54:22.829Z</time></trkpt><trkpt lat="46.04355" lon="-110.31854"><ele>0</ele><time>2026-10-07T11:54:22.829Z</time></trkpt><trkpt lat="46.04346" lon="-110.31867"><ele>0</ele><time>2026-10-07T11:54:22.829Z</time></trkpt><trkpt lat="46.0431" lon="-110.31884"><ele>0</ele><time>2026-10-07T11:54:22.829Z</time></trkpt><trkpt lat="46.04297" lon="-110.319"><ele>0</ele><time>2026-10-07T11:54:22.829Z</time></trkpt><trkpt lat="46.04295" lon="-110.31878"><ele>0</ele><time>2026-10-07T11:54:22.829Z</time></trkpt><trkpt lat="46.04286" lon="-110.31882"><ele>0</ele><time>2026-10-07T11:54:22.829Z</time></trkpt><trkpt lat="46.04285" lon="-110.3188"><ele>0</ele><time>2026-10-07T11:54:22.829Z</time></trkpt><trkpt lat="46.04285" lon="-110.31874"><ele>0</ele><time>2026-10-07T11:54:22.829Z</time></trkpt><trkpt lat="46.04289" lon="-110.31859"><ele>0</ele><time>2026-10-07T11:54:22.829Z</time></trkpt><trkpt lat="46.04288" lon="-110.31856"><ele>0</ele><time>2026-10-07T11:54:22.829Z</time></trkpt><trkpt lat="46.04286" lon="-110.31855"><ele>0</ele><time>2026-10-07T11:54:22.829Z</time></trkpt><trkpt lat="46.04282" lon="-110.31862"><ele>0</ele><time>2026-10-07T11:54:22.829Z</time></trkpt><trkpt lat="46.04274" lon="-110.31864"><ele>0</ele><time>2026-10-07T11:54:22.829Z</time></trkpt><trkpt lat="46.04265" lon="-110.31864"><ele>0</ele><time>2026-10-07T11:54:22.829Z</time></trkpt><trkpt lat="46.04263" lon="-110.3186"><ele>0</ele><time>2026-10-07T11:54:22.829Z</time></trkpt><trkpt lat="46.04264" lon="-110.31852"><ele>0</ele><time>2026-10-07T11:54:22.829Z</time></trkpt><trkpt lat="46.04274" lon="-110.31839"><ele>0</ele><time>2026-10-07T11:54:22.829Z</time></trkpt><trkpt lat="46.04279" lon="-110.31827"><ele>0</ele><time>2026-10-07T11:54:22.829Z</time></trkpt><trkpt lat="46.0428" lon="-110.31821"><ele>0</ele><time>2026-10-07T11:54:22.829Z</time></trkpt><trkpt lat="46.04274" lon="-110.31821"><ele>0</ele><time>2026-10-07T11:54:22.829Z</time></trkpt><trkpt lat="46.04271" lon="-110.31815"><ele>0</ele><time>2026-10-07T11:54:22.829Z</time></trkpt><trkpt lat="46.04276" lon="-110.31807"><ele>0</ele><time>2026-10-07T11:54:22.829Z</time></trkpt><trkpt lat="46.04274" lon="-110.31803"><ele>0</ele><time>2026-10-07T11:54:22.829Z</time></trkpt><trkpt lat="46.04268" lon="-110.31808"><ele>0</ele><time>2026-10-07T11:54:22.829Z</time></trkpt><trkpt lat="46.04264" lon="-110.31807"><ele>0</ele><time>2026-10-07T11:54:22.829Z</time></trkpt><trkpt lat="46.0427" lon="-110.31794"><ele>0</ele><time>2026-10-07T11:54:22.829Z</time></trkpt><trkpt lat="46.04261" lon="-110.3179"><ele>0</ele><time>2026-10-07T11:54:22.829Z</time></trkpt><trkpt lat="46.04265" lon="-110.31782"><ele>0</ele><time>2026-10-07T11:54:22.829Z</time></trkpt><trkpt lat="46.0425" lon="-110.31782"><ele>0</ele><time>2026-10-07T11:54:22.829Z</time></trkpt><trkpt lat="46.04248" lon="-110.31776"><ele>0</ele><time>2026-10-07T11:54:22.829Z</time></trkpt><trkpt lat="46.04241" lon="-110.31766"><ele>0</ele><time>2026-10-07T11:54:22.829Z</time></trkpt><trkpt lat="46.04241" lon="-110.31734"><ele>0</ele><time>2026-10-07T11:54:22.829Z</time></trkpt><trkpt lat="46.04251" lon="-110.31724"><ele>0</ele><time>2026-10-07T11:54:22.829Z</time></trkpt><trkpt lat="46.04267" lon="-110.31694"><ele>0</ele><time>2026-10-07T11:54:22.829Z</time></trkpt><trkpt lat="46.04273" lon="-110.31677"><ele>0</ele><time>2026-10-07T11:54:22.829Z</time></trkpt><trkpt lat="46.04273" lon="-110.31673"><ele>0</ele><time>2026-10-07T11:54:22.829Z</time></trkpt><trkpt lat="46.04264" lon="-110.31654"><ele>0</ele><time>2026-10-07T11:54:22.829Z</time></trkpt><trkpt lat="46.04275" lon="-110.31633"><ele>0</ele><time>2026-10-07T11:54:22.829Z</time></trkpt><trkpt lat="46.04274" lon="-110.31628"><ele>0</ele><time>2026-10-07T11:54:22.829Z</time></trkpt><trkpt lat="46.04269" lon="-110.31622"><ele>0</ele><time>2026-10-07T11:54:22.829Z</time></trkpt><trkpt lat="46.0427" lon="-110.31604"><ele>0</ele><time>2026-10-07T11:54:22.829Z</time></trkpt><trkpt lat="46.04269" lon="-110.31595"><ele>0</ele><time>2026-10-07T11:54:22.829Z</time></trkpt><trkpt lat="46.04262" lon="-110.31586"><ele>0</ele><time>2026-10-07T11:54:22.829Z</time></trkpt><trkpt lat="46.04248" lon="-110.3158"><ele>0</ele><time>2026-10-07T11:54:22.829Z</time></trkpt><trkpt lat="46.04248" lon="-110.31573"><ele>0</ele><time>2026-10-07T11:54:22.829Z</time></trkpt><trkpt lat="46.04257" lon="-110.31556"><ele>0</ele><time>2026-10-07T11:54:22.829Z</time></trkpt><trkpt lat="46.04274" lon="-110.3154"><ele>0</ele><time>2026-10-07T11:54:22.829Z</time></trkpt><trkpt lat="46.043" lon="-110.31528"><ele>0</ele><time>2026-10-07T11:54:22.829Z</time></trkpt><trkpt lat="46.04303" lon="-110.31519"><ele>0</ele><time>2026-10-07T11:54:22.829Z</time></trkpt><trkpt lat="46.04303" lon="-110.31485"><ele>0</ele><time>2026-10-07T11:54:22.829Z</time></trkpt><trkpt lat="46.04307" lon="-110.31464"><ele>0</ele><time>2026-10-07T11:54:22.829Z</time></trkpt><trkpt lat="46.04338" lon="-110.31416"><ele>0</ele><time>2026-10-07T11:54:22.829Z</time></trkpt><trkpt lat="46.04343" lon="-110.31402"><ele>0</ele><time>2026-10-07T11:54:22.829Z</time></trkpt><trkpt lat="46.04355" lon="-110.31387"><ele>0</ele><time>2026-10-07T11:54:22.829Z</time></trkpt><trkpt lat="46.04369" lon="-110.31353"><ele>0</ele><time>2026-10-07T11:54:22.829Z</time></trkpt><trkpt lat="46.04377" lon="-110.31344"><ele>0</ele><time>2026-10-07T11:54:22.829Z</time></trkpt><trkpt lat="46.04389" lon="-110.31339"><ele>0</ele><time>2026-10-07T11:54:22.829Z</time></trkpt><trkpt lat="46.04397" lon="-110.31332"><ele>0</ele><time>2026-10-07T11:54:22.829Z</time></trkpt><trkpt lat="46.04404" lon="-110.31322"><ele>0</ele><time>2026-10-07T11:54:22.829Z</time></trkpt><trkpt lat="46.04423" lon="-110.31268"><ele>0</ele><time>2026-10-07T11:54:22.829Z</time></trkpt><trkpt lat="46.04428" lon="-110.31235"><ele>0</ele><time>2026-10-07T11:54:22.829Z</time></trkpt><trkpt lat="46.04429" lon="-110.31208"><ele>0</ele><time>2026-10-07T11:54:22.829Z</time></trkpt><trkpt lat="46.04451" lon="-110.31158"><ele>0</ele><time>2026-10-07T11:54:22.829Z</time></trkpt><trkpt lat="46.04486" lon="-110.31112"><ele>0</ele><time>2026-10-07T11:54:22.829Z</time></trkpt><trkpt lat="46.04542" lon="-110.31072"><ele>0</ele><time>2026-10-07T11:54:22.829Z</time></trkpt><trkpt lat="46.04547" lon="-110.31057"><ele>0</ele><time>2026-10-07T11:54:22.829Z</time></trkpt><trkpt lat="46.04553" lon="-110.3105"><ele>0</ele><time>2026-10-07T11:54:22.829Z</time></trkpt><trkpt lat="46.04557" lon="-110.31028"><ele>0</ele><time>2026-10-07T11:54:22.829Z</time></trkpt><trkpt lat="46.04567" lon="-110.31015"><ele>0</ele><time>2026-10-07T11:54:22.829Z</time></trkpt><trkpt lat="46.04578" lon="-110.30984"><ele>0</ele><time>2026-10-07T11:54:22.829Z</time></trkpt><trkpt lat="46.04582" lon="-110.30955"><ele>0</ele><time>2026-10-07T11:54:22.829Z</time></trkpt><trkpt lat="46.04594" lon="-110.30927"><ele>0</ele><time>2026-10-07T11:54:22.829Z</time></trkpt><trkpt lat="46.04617" lon="-110.30902"><ele>0</ele><time>2026-10-07T11:54:22.829Z</time></trkpt><trkpt lat="46.0463" lon="-110.30892"><ele>0</ele><time>2026-10-07T11:54:22.829Z</time></trkpt><trkpt lat="46.04634" lon="-110.30866"><ele>0</ele><time>2026-10-07T11:54:22.829Z</time></trkpt><trkpt lat="46.04632" lon="-110.30851"><ele>0</ele><time>2026-10-07T11:54:22.829Z</time></trkpt><trkpt lat="46.04635" lon="-110.30824"><ele>0</ele><time>2026-10-07T11:54:22.829Z</time></trkpt><trkpt lat="46.04646" lon="-110.30789"><ele>0</ele><time>2026-10-07T11:54:22.829Z</time></trkpt><trkpt lat="46.04648" lon="-110.30769"><ele>0</ele><time>2026-10-07T11:54:22.829Z</time></trkpt><trkpt lat="46.0466" lon="-110.3074"><ele>0</ele><time>2026-10-07T11:54:22.829Z</time></trkpt><trkpt lat="46.04662" lon="-110.3073"><ele>0</ele><time>2026-10-07T11:54:22.829Z</time></trkpt><trkpt lat="46.04659" lon="-110.30697"><ele>0</ele><time>2026-10-07T11:54:22.829Z</time></trkpt><trkpt lat="46.04656" lon="-110.30692"><ele>0</ele><time>2026-10-07T11:54:22.829Z</time></trkpt><trkpt lat="46.04647" lon="-110.30645"><ele>0</ele><time>2026-10-07T11:54:22.829Z</time></trkpt><trkpt lat="46.04646" lon="-110.30565"><ele>0</ele><time>2026-10-07T11:54:22.829Z</time></trkpt><trkpt lat="46.04665" lon="-110.30529"><ele>0</ele><time>2026-10-07T11:54:22.829Z</time></trkpt><trkpt lat="46.04668" lon="-110.30504"><ele>0</ele><time>2026-10-07T11:54:22.829Z</time></trkpt><trkpt lat="46.04673" lon="-110.3049"><ele>0</ele><time>2026-10-07T11:54:22.829Z</time></trkpt><trkpt lat="46.04674" lon="-110.30471"><ele>0</ele><time>2026-10-07T11:54:22.829Z</time></trkpt><trkpt lat="46.04677" lon="-110.30465"><ele>0</ele><time>2026-10-07T11:54:22.829Z</time></trkpt><trkpt lat="46.04701" lon="-110.30451"><ele>0</ele><time>2026-10-07T11:54:22.829Z</time></trkpt><trkpt lat="46.0471" lon="-110.30439"><ele>0</ele><time>2026-10-07T11:54:22.829Z</time></trkpt><trkpt lat="46.04713" lon="-110.30423"><ele>0</ele><time>2026-10-07T11:54:22.829Z</time></trkpt><trkpt lat="46.04708" lon="-110.30344"><ele>0</ele><time>2026-10-07T11:54:22.829Z</time></trkpt><trkpt lat="46.04711" lon="-110.3032"><ele>0</ele><time>2026-10-07T11:54:22.829Z</time></trkpt><trkpt lat="46.04719" lon="-110.30295"><ele>0</ele><time>2026-10-07T11:54:22.829Z</time></trkpt><trkpt lat="46.04721" lon="-110.30273"><ele>0</ele><time>2026-10-07T11:54:22.829Z</time></trkpt><trkpt lat="46.04719" lon="-110.30239"><ele>0</ele><time>2026-10-07T11:54:22.829Z</time></trkpt><trkpt lat="46.0472" lon="-110.30231"><ele>0</ele><time>2026-10-07T11:54:22.829Z</time></trkpt><trkpt lat="46.04718" lon="-110.30223"><ele>0</ele><time>2026-10-07T11:54:22.829Z</time></trkpt><trkpt lat="46.04695" lon="-110.30181"><ele>0</ele><time>2026-10-07T11:54:22.829Z</time></trkpt><trkpt lat="46.0469" lon="-110.30139"><ele>0</ele><time>2026-10-07T11:54:22.829Z</time></trkpt><trkpt lat="46.04682" lon="-110.30119"><ele>0</ele><time>2026-10-07T11:54:22.829Z</time></trkpt><trkpt lat="46.04666" lon="-110.30097"><ele>0</ele><time>2026-10-07T11:54:22.829Z</time></trkpt><trkpt lat="46.04662" lon="-110.30085"><ele>0</ele><time>2026-10-07T11:54:22.829Z</time></trkpt><trkpt lat="46.0466" lon="-110.30073"><ele>0</ele><time>2026-10-07T11:54:22.829Z</time></trkpt><trkpt lat="46.04662" lon="-110.3006"><ele>0</ele><time>2026-10-07T11:54:22.829Z</time></trkpt><trkpt lat="46.04665" lon="-110.30052"><ele>0</ele><time>2026-10-07T11:54:22.829Z</time></trkpt><trkpt lat="46.04663" lon="-110.30029"><ele>0</ele><time>2026-10-07T11:54:22.829Z</time></trkpt><trkpt lat="46.04664" lon="-110.30009"><ele>0</ele><time>2026-10-07T11:54:22.829Z</time></trkpt><trkpt lat="46.04661" lon="-110.29969"><ele>0</ele><time>2026-10-07T11:54:22.829Z</time></trkpt><trkpt lat="46.04662" lon="-110.29952"><ele>0</ele><time>2026-10-07T11:54:22.829Z</time></trkpt><trkpt lat="46.04643" lon="-110.29923"><ele>0</ele><time>2026-10-07T11:54:22.829Z</time></trkpt><trkpt lat="46.04621" lon="-110.29883"><ele>0</ele><time>2026-10-07T11:54:22.829Z</time></trkpt><trkpt lat="46.04601" lon="-110.29821"><ele>0</ele><time>2026-10-07T11:54:22.829Z</time></trkpt><trkpt lat="46.0459" lon="-110.29799"><ele>0</ele><time>2026-10-07T11:54:22.829Z</time></trkpt><trkpt lat="46.04576" lon="-110.29739"><ele>0</ele><time>2026-10-07T11:54:22.829Z</time></trkpt><trkpt lat="46.04569" lon="-110.29722"><ele>0</ele><time>2026-10-07T11:54:22.829Z</time></trkpt><trkpt lat="46.04565" lon="-110.29698"><ele>0</ele><time>2026-10-07T11:54:22.829Z</time></trkpt><trkpt lat="46.04563" lon="-110.29666"><ele>0</ele><time>2026-10-07T11:54:22.829Z</time></trkpt><trkpt lat="46.04551" lon="-110.29634"><ele>0</ele><time>2026-10-07T11:54:22.829Z</time></trkpt><trkpt lat="46.04543" lon="-110.29623"><ele>0</ele><time>2026-10-07T11:54:22.829Z</time></trkpt><trkpt lat="46.0454" lon="-110.29596"><ele>0</ele><time>2026-10-07T11:54:22.829Z</time></trkpt><trkpt lat="46.0454" lon="-110.29564"><ele>0</ele><time>2026-10-07T11:54:22.829Z</time></trkpt><trkpt lat="46.04543" lon="-110.29547"><ele>0</ele><time>2026-10-07T11:54:22.829Z</time></trkpt><trkpt lat="46.04542" lon="-110.29517"><ele>0</ele><time>2026-10-07T11:54:22.829Z</time></trkpt><trkpt lat="46.04532" lon="-110.29442"><ele>0</ele><time>2026-10-07T11:54:22.829Z</time></trkpt><trkpt lat="46.04516" lon="-110.294"><ele>0</ele><time>2026-10-07T11:54:22.829Z</time></trkpt><trkpt lat="46.04505" lon="-110.29346"><ele>0</ele><time>2026-10-07T11:54:22.829Z</time></trkpt><trkpt lat="46.04493" lon="-110.29304"><ele>0</ele><time>2026-10-07T11:54:22.829Z</time></trkpt><trkpt lat="46.04494" lon="-110.29274"><ele>0</ele><time>2026-10-07T11:54:22.829Z</time></trkpt><trkpt lat="46.0449" lon="-110.29245"><ele>0</ele><time>2026-10-07T11:54:22.829Z</time></trkpt><trkpt lat="46.04456" lon="-110.29146"><ele>0</ele><time>2026-10-07T11:54:22.829Z</time></trkpt><trkpt lat="46.04442" lon="-110.29068"><ele>0</ele><time>2026-10-07T11:54:22.829Z</time></trkpt><trkpt lat="46.04435" lon="-110.29058"><ele>0</ele><time>2026-10-07T11:54:22.829Z</time></trkpt><trkpt lat="46.04432" lon="-110.29048"><ele>0</ele><time>2026-10-07T11:54:22.829Z</time></trkpt><trkpt lat="46.04429" lon="-110.29021"><ele>0</ele><time>2026-10-07T11:54:22.829Z</time></trkpt><trkpt lat="46.04431" lon="-110.29009"><ele>0</ele><time>2026-10-07T11:54:22.829Z</time></trkpt><trkpt lat="46.0443" lon="-110.28978"><ele>0</ele><time>2026-10-07T11:54:22.829Z</time></trkpt><trkpt lat="46.04424" lon="-110.28956"><ele>0</ele><time>2026-10-07T11:54:22.829Z</time></trkpt><trkpt lat="46.04393" lon="-110.28886"><ele>0</ele><time>2026-10-07T11:54:22.829Z</time></trkpt><trkpt lat="46.04388" lon="-110.28853"><ele>0</ele><time>2026-10-07T11:54:22.829Z</time></trkpt><trkpt lat="46.04379" lon="-110.28824"><ele>0</ele><time>2026-10-07T11:54:22.829Z</time></trkpt><trkpt lat="46.04368" lon="-110.28776"><ele>0</ele><time>2026-10-07T11:54:22.829Z</time></trkpt><trkpt lat="46.04359" lon="-110.28745"><ele>0</ele><time>2026-10-07T11:54:22.829Z</time></trkpt><trkpt lat="46.04332" lon="-110.2867"><ele>0</ele><time>2026-10-07T11:54:22.829Z</time></trkpt><trkpt lat="46.04307" lon="-110.28627"><ele>0</ele><time>2026-10-07T11:54:22.829Z</time></trkpt><trkpt lat="46.04292" lon="-110.2859"><ele>0</ele><time>2026-10-07T11:54:22.829Z</time></trkpt><trkpt lat="46.04288" lon="-110.28578"><ele>0</ele><time>2026-10-07T11:54:22.829Z</time></trkpt><trkpt lat="46.04278" lon="-110.28529"><ele>0</ele><time>2026-10-07T11:54:22.829Z</time></trkpt><trkpt lat="46.04267" lon="-110.28517"><ele>0</ele><time>2026-10-07T11:54:22.829Z</time></trkpt><trkpt lat="46.04266" lon="-110.28501"><ele>0</ele><time>2026-10-07T11:54:22.829Z</time></trkpt><trkpt lat="46.04269" lon="-110.28492"><ele>0</ele><time>2026-10-07T11:54:22.829Z</time></trkpt><trkpt lat="46.04268" lon="-110.2848"><ele>0</ele><time>2026-10-07T11:54:22.829Z</time></trkpt><trkpt lat="46.04254" lon="-110.28448"><ele>0</ele><time>2026-10-07T11:54:22.829Z</time></trkpt><trkpt lat="46.0425" lon="-110.2843"><ele>0</ele><time>2026-10-07T11:54:22.829Z</time></trkpt><trkpt lat="46.0425" lon="-110.28417"><ele>0</ele><time>2026-10-07T11:54:22.829Z</time></trkpt><trkpt lat="46.04244" lon="-110.28388"><ele>0</ele><time>2026-10-07T11:54:22.829Z</time></trkpt><trkpt lat="46.04239" lon="-110.28338"><ele>0</ele><time>2026-10-07T11:54:22.829Z</time></trkpt><trkpt lat="46.04239" lon="-110.28293"><ele>0</ele><time>2026-10-07T11:54:22.829Z</time></trkpt><trkpt lat="46.04245" lon="-110.28256"><ele>0</ele><time>2026-10-07T11:54:22.829Z</time></trkpt><trkpt lat="46.0425" lon="-110.28237"><ele>0</ele><time>2026-10-07T11:54:22.829Z</time></trkpt><trkpt lat="46.04249" lon="-110.28221"><ele>0</ele><time>2026-10-07T11:54:22.829Z</time></trkpt><trkpt lat="46.04237" lon="-110.28162"><ele>0</ele><time>2026-10-07T11:54:22.829Z</time></trkpt><trkpt lat="46.04228" lon="-110.2814"><ele>0</ele><time>2026-10-07T11:54:22.829Z</time></trkpt><trkpt lat="46.04223" lon="-110.28122"><ele>0</ele><time>2026-10-07T11:54:22.829Z</time></trkpt><trkpt lat="46.04221" lon="-110.28095"><ele>0</ele><time>2026-10-07T11:54:22.829Z</time></trkpt><trkpt lat="46.04212" lon="-110.28055"><ele>0</ele><time>2026-10-07T11:54:22.829Z</time></trkpt><trkpt lat="46.04211" lon="-110.28031"><ele>0</ele><time>2026-10-07T11:54:22.829Z</time></trkpt><trkpt lat="46.04214" lon="-110.27983"><ele>0</ele><time>2026-10-07T11:54:22.829Z</time></trkpt><trkpt lat="46.04213" lon="-110.27958"><ele>0</ele><time>2026-10-07T11:54:22.829Z</time></trkpt><trkpt lat="46.04203" lon="-110.27904"><ele>0</ele><time>2026-10-07T11:54:22.829Z</time></trkpt><trkpt lat="46.04175" lon="-110.27784"><ele>0</ele><time>2026-10-07T11:54:22.829Z</time></trkpt><trkpt lat="46.04162" lon="-110.27753"><ele>0</ele><time>2026-10-07T11:54:22.829Z</time></trkpt><trkpt lat="46.04151" lon="-110.27742"><ele>0</ele><time>2026-10-07T11:54:22.829Z</time></trkpt><trkpt lat="46.04134" lon="-110.27732"><ele>0</ele><time>2026-10-07T11:54:22.829Z</time></trkpt><trkpt lat="46.0413" lon="-110.27727"><ele>0</ele><time>2026-10-07T11:54:22.829Z</time></trkpt><trkpt lat="46.04127" lon="-110.27717"><ele>0</ele><time>2026-10-07T11:54:22.829Z</time></trkpt><trkpt lat="46.04128" lon="-110.27689"><ele>0</ele><time>2026-10-07T11:54:22.829Z</time></trkpt><trkpt lat="46.04132" lon="-110.27678"><ele>0</ele><time>2026-10-07T11:54:22.829Z</time></trkpt><trkpt lat="46.04133" lon="-110.27632"><ele>0</ele><time>2026-10-07T11:54:22.829Z</time></trkpt><trkpt lat="46.04122" lon="-110.27591"><ele>0</ele><time>2026-10-07T11:54:22.829Z</time></trkpt><trkpt lat="46.04122" lon="-110.2757"><ele>0</ele><time>2026-10-07T11:54:22.829Z</time></trkpt><trkpt lat="46.04119" lon="-110.27542"><ele>0</ele><time>2026-10-07T11:54:22.829Z</time></trkpt><trkpt lat="46.04114" lon="-110.27521"><ele>0</ele><time>2026-10-07T11:54:22.829Z</time></trkpt><trkpt lat="46.04106" lon="-110.27499"><ele>0</ele><time>2026-10-07T11:54:22.829Z</time></trkpt><trkpt lat="46.04098" lon="-110.27486"><ele>0</ele><time>2026-10-07T11:54:22.829Z</time></trkpt><trkpt lat="46.0409" lon="-110.27431"><ele>0</ele><time>2026-10-07T11:54:22.829Z</time></trkpt><trkpt lat="46.04068" lon="-110.2736"><ele>0</ele><time>2026-10-07T11:54:22.829Z</time></trkpt><trkpt lat="46.04065" lon="-110.27354"><ele>0</ele><time>2026-10-07T11:54:22.829Z</time></trkpt><trkpt lat="46.04061" lon="-110.27353"><ele>0</ele><time>2026-10-07T11:54:22.829Z</time></trkpt><trkpt lat="46.04058" lon="-110.27356"><ele>0</ele><time>2026-10-07T11:54:22.829Z</time></trkpt><trkpt lat="46.04035" lon="-110.27402"><ele>0</ele><time>2026-10-07T11:54:22.829Z</time></trkpt><trkpt lat="46.0403" lon="-110.27405"><ele>0</ele><time>2026-10-07T11:54:22.829Z</time></trkpt><trkpt lat="46.04015" lon="-110.27402"><ele>0</ele><time>2026-10-07T11:54:22.829Z</time></trkpt><trkpt lat="46.04011" lon="-110.27405"><ele>0</ele><time>2026-10-07T11:54:22.829Z</time></trkpt><trkpt lat="46.04005" lon="-110.27414"><ele>0</ele><time>2026-10-07T11:54:22.829Z</time></trkpt><trkpt lat="46.04001" lon="-110.27415"><ele>0</ele><time>2026-10-07T11:54:22.829Z</time></trkpt><trkpt lat="46.03973" lon="-110.27405"><ele>0</ele><time>2026-10-07T11:54:22.829Z</time></trkpt><trkpt lat="46.0397" lon="-110.27402"><ele>0</ele><time>2026-10-07T11:54:22.829Z</time></trkpt><trkpt lat="46.03969" lon="-110.27395"><ele>0</ele><time>2026-10-07T11:54:22.829Z</time></trkpt><trkpt lat="46.03973" lon="-110.2738"><ele>0</ele><time>2026-10-07T11:54:22.829Z</time></trkpt><trkpt lat="46.03974" lon="-110.27364"><ele>0</ele><time>2026-10-07T11:54:22.829Z</time></trkpt><trkpt lat="46.03962" lon="-110.27353"><ele>0</ele><time>2026-10-07T11:54:22.829Z</time></trkpt><trkpt lat="46.03958" lon="-110.27345"><ele>0</ele><time>2026-10-07T11:54:22.829Z</time></trkpt><trkpt lat="46.03949" lon="-110.27292"><ele>0</ele><time>2026-10-07T11:54:22.829Z</time></trkpt><trkpt lat="46.03951" lon="-110.27276"><ele>0</ele><time>2026-10-07T11:54:22.829Z</time></trkpt><trkpt lat="46.03965" lon="-110.27215"><ele>0</ele><time>2026-10-07T11:54:22.829Z</time></trkpt><trkpt lat="46.03969" lon="-110.2717"><ele>0</ele><time>2026-10-07T11:54:22.829Z</time></trkpt><trkpt lat="46.03976" lon="-110.2713"><ele>0</ele><time>2026-10-07T11:54:22.829Z</time></trkpt><trkpt lat="46.03994" lon="-110.27047"><ele>0</ele><time>2026-10-07T11:54:22.829Z</time></trkpt><trkpt lat="46.03997" lon="-110.27022"><ele>0</ele><time>2026-10-07T11:54:22.829Z</time></trkpt><trkpt lat="46.03984" lon="-110.26916"><ele>0</ele><time>2026-10-07T11:54:22.829Z</time></trkpt><trkpt lat="46.03979" lon="-110.26902"><ele>0</ele><time>2026-10-07T11:54:22.829Z</time></trkpt><trkpt lat="46.0398" lon="-110.26879"><ele>0</ele><time>2026-10-07T11:54:22.829Z</time></trkpt><trkpt lat="46.03978" lon="-110.26862"><ele>0</ele><time>2026-10-07T11:54:22.829Z</time></trkpt><trkpt lat="46.03974" lon="-110.26849"><ele>0</ele><time>2026-10-07T11:54:22.829Z</time></trkpt><trkpt lat="46.03968" lon="-110.26814"><ele>0</ele><time>2026-10-07T11:54:22.829Z</time></trkpt><trkpt lat="46.03966" lon="-110.26744"><ele>0</ele><time>2026-10-07T11:54:22.829Z</time></trkpt><trkpt lat="46.03964" lon="-110.26722"><ele>0</ele><time>2026-10-07T11:54:22.829Z</time></trkpt><trkpt lat="46.03973" lon="-110.26673"><ele>0</ele><time>2026-10-07T11:54:22.829Z</time></trkpt><trkpt lat="46.03989" lon="-110.26619"><ele>0</ele><time>2026-10-07T11:54:22.829Z</time></trkpt><trkpt lat="46.04003" lon="-110.26597"><ele>0</ele><time>2026-10-07T11:54:22.829Z</time></trkpt><trkpt lat="46.04017" lon="-110.26535"><ele>0</ele><time>2026-10-07T11:54:22.829Z</time></trkpt><trkpt lat="46.04036" lon="-110.26473"><ele>0</ele><time>2026-10-07T11:54:22.829Z</time></trkpt><trkpt lat="46.04038" lon="-110.26458"><ele>0</ele><time>2026-10-07T11:54:22.829Z</time></trkpt><trkpt lat="46.04036" lon="-110.26434"><ele>0</ele><time>2026-10-07T11:54:22.829Z</time></trkpt><trkpt lat="46.04045" lon="-110.26404"><ele>0</ele><time>2026-10-07T11:54:22.829Z</time></trkpt><trkpt lat="46.04055" lon="-110.26386"><ele>0</ele><time>2026-10-07T11:54:22.829Z</time></trkpt><trkpt lat="46.04069" lon="-110.26368"><ele>0</ele><time>2026-10-07T11:54:22.829Z</time></trkpt><trkpt lat="46.04083" lon="-110.26338"><ele>0</ele><time>2026-10-07T11:54:22.829Z</time></trkpt><trkpt lat="46.04087" lon="-110.26315"><ele>0</ele><time>2026-10-07T11:54:22.829Z</time></trkpt><trkpt lat="46.04091" lon="-110.26275"><ele>0</ele><time>2026-10-07T11:54:22.829Z</time></trkpt><trkpt lat="46.04097" lon="-110.26256"><ele>0</ele><time>2026-10-07T11:54:22.829Z</time></trkpt><trkpt lat="46.041" lon="-110.26227"><ele>0</ele><time>2026-10-07T11:54:22.829Z</time></trkpt><trkpt lat="46.04099" lon="-110.26202"><ele>0</ele><time>2026-10-07T11:54:22.829Z</time></trkpt><trkpt lat="46.04092" lon="-110.26177"><ele>0</ele><time>2026-10-07T11:54:22.829Z</time></trkpt><trkpt lat="46.04085" lon="-110.26129"><ele>0</ele><time>2026-10-07T11:54:22.829Z</time></trkpt><trkpt lat="46.04086" lon="-110.26102"><ele>0</ele><time>2026-10-07T11:54:22.829Z</time></trkpt><trkpt lat="46.04096" lon="-110.26056"><ele>0</ele><time>2026-10-07T11:54:22.829Z</time></trkpt><trkpt lat="46.04095" lon="-110.26017"><ele>0</ele><time>2026-10-07T11:54:22.829Z</time></trkpt><trkpt lat="46.04082" lon="-110.25946"><ele>0</ele><time>2026-10-07T11:54:22.829Z</time></trkpt><trkpt lat="46.04074" lon="-110.25932"><ele>0</ele><time>2026-10-07T11:54:22.829Z</time></trkpt><trkpt lat="46.04048" lon="-110.25903"><ele>0</ele><time>2026-10-07T11:54:22.829Z</time></trkpt><trkpt lat="46.04017" lon="-110.25826"><ele>0</ele><time>2026-10-07T11:54:22.829Z</time></trkpt><trkpt lat="46.04007" lon="-110.25784"><ele>0</ele><time>2026-10-07T11:54:22.829Z</time></trkpt><trkpt lat="46.03998" lon="-110.257"><ele>0</ele><time>2026-10-07T11:54:22.829Z</time></trkpt><trkpt lat="46.03987" lon="-110.25659"><ele>0</ele><time>2026-10-07T11:54:22.829Z</time></trkpt><trkpt lat="46.03986" lon="-110.25636"><ele>0</ele><time>2026-10-07T11:54:22.829Z</time></trkpt><trkpt lat="46.03971" lon="-110.25561"><ele>0</ele><time>2026-10-07T11:54:22.829Z</time></trkpt><trkpt lat="46.03973" lon="-110.25507"><ele>0</ele><time>2026-10-07T11:54:22.829Z</time></trkpt><trkpt lat="46.0397" lon="-110.25488"><ele>0</ele><time>2026-10-07T11:54:22.829Z</time></trkpt><trkpt lat="46.03974" lon="-110.25481"><ele>0</ele><time>2026-10-07T11:54:22.829Z</time></trkpt><trkpt lat="46.03973" lon="-110.25435"><ele>0</ele><time>2026-10-07T11:54:22.829Z</time></trkpt><trkpt lat="46.03991" lon="-110.25429"><ele>0</ele><time>2026-10-07T11:54:22.830Z</time></trkpt><trkpt lat="46.04001" lon="-110.25417"><ele>0</ele><time>2026-10-07T11:54:22.830Z</time></trkpt><trkpt lat="46.04003" lon="-110.25344"><ele>0</ele><time>2026-10-07T11:54:22.830Z</time></trkpt><trkpt lat="46.04006" lon="-110.25324"><ele>0</ele><time>2026-10-07T11:54:22.830Z</time></trkpt><trkpt lat="46.04022" lon="-110.25261"><ele>0</ele><time>2026-10-07T11:54:22.830Z</time></trkpt><trkpt lat="46.04031" lon="-110.25213"><ele>0</ele><time>2026-10-07T11:54:22.830Z</time></trkpt><trkpt lat="46.04044" lon="-110.25179"><ele>0</ele><time>2026-10-07T11:54:22.830Z</time></trkpt><trkpt lat="46.04045" lon="-110.25162"><ele>0</ele><time>2026-10-07T11:54:22.830Z</time></trkpt><trkpt lat="46.04044" lon="-110.25146"><ele>0</ele><time>2026-10-07T11:54:22.830Z</time></trkpt><trkpt lat="46.0404" lon="-110.25128"><ele>0</ele><time>2026-10-07T11:54:22.830Z</time></trkpt><trkpt lat="46.0403" lon="-110.25103"><ele>0</ele><time>2026-10-07T11:54:22.830Z</time></trkpt><trkpt lat="46.04028" lon="-110.25069"><ele>0</ele><time>2026-10-07T11:54:22.830Z</time></trkpt><trkpt lat="46.04031" lon="-110.25049"><ele>0</ele><time>2026-10-07T11:54:22.830Z</time></trkpt><trkpt lat="46.0404" lon="-110.25019"><ele>0</ele><time>2026-10-07T11:54:22.830Z</time></trkpt><trkpt lat="46.04047" lon="-110.25"><ele>0</ele><time>2026-10-07T11:54:22.830Z</time></trkpt><trkpt lat="46.04057" lon="-110.24983"><ele>0</ele><time>2026-10-07T11:54:22.830Z</time></trkpt><trkpt lat="46.04068" lon="-110.24952"><ele>0</ele><time>2026-10-07T11:54:22.830Z</time></trkpt><trkpt lat="46.04069" lon="-110.24932"><ele>0</ele><time>2026-10-07T11:54:22.830Z</time></trkpt><trkpt lat="46.04062" lon="-110.2489"><ele>0</ele><time>2026-10-07T11:54:22.830Z</time></trkpt><trkpt lat="46.04063" lon="-110.24843"><ele>0</ele><time>2026-10-07T11:54:22.830Z</time></trkpt><trkpt lat="46.04066" lon="-110.24836"><ele>0</ele><time>2026-10-07T11:54:22.830Z</time></trkpt><trkpt lat="46.04083" lon="-110.24814"><ele>0</ele><time>2026-10-07T11:54:22.830Z</time></trkpt><trkpt lat="46.04101" lon="-110.24793"><ele>0</ele><time>2026-10-07T11:54:22.830Z</time></trkpt><trkpt lat="46.04116" lon="-110.24781"><ele>0</ele><time>2026-10-07T11:54:22.830Z</time></trkpt><trkpt lat="46.04127" lon="-110.24767"><ele>0</ele><time>2026-10-07T11:54:22.830Z</time></trkpt><trkpt lat="46.0413" lon="-110.24758"><ele>0</ele><time>2026-10-07T11:54:22.830Z</time></trkpt><trkpt lat="46.04126" lon="-110.2475"><ele>0</ele><time>2026-10-07T11:54:22.830Z</time></trkpt><trkpt lat="46.04122" lon="-110.24748"><ele>0</ele><time>2026-10-07T11:54:22.830Z</time></trkpt><trkpt lat="46.04102" lon="-110.24754"><ele>0</ele><time>2026-10-07T11:54:22.830Z</time></trkpt><trkpt lat="46.04093" lon="-110.2475"><ele>0</ele><time>2026-10-07T11:54:22.830Z</time></trkpt><trkpt lat="46.04091" lon="-110.24741"><ele>0</ele><time>2026-10-07T11:54:22.830Z</time></trkpt><trkpt lat="46.04092" lon="-110.2473"><ele>0</ele><time>2026-10-07T11:54:22.830Z</time></trkpt><trkpt lat="46.0411" lon="-110.24707"><ele>0</ele><time>2026-10-07T11:54:22.830Z</time></trkpt><trkpt lat="46.0412" lon="-110.24687"><ele>0</ele><time>2026-10-07T11:54:22.830Z</time></trkpt><trkpt lat="46.04139" lon="-110.24638"><ele>0</ele><time>2026-10-07T11:54:22.830Z</time></trkpt><trkpt lat="46.04146" lon="-110.2463"><ele>0</ele><time>2026-10-07T11:54:22.830Z</time></trkpt><trkpt lat="46.04172" lon="-110.2458"><ele>0</ele><time>2026-10-07T11:54:22.830Z</time></trkpt><trkpt lat="46.04174" lon="-110.24568"><ele>0</ele><time>2026-10-07T11:54:22.830Z</time></trkpt><trkpt lat="46.04164" lon="-110.24493"><ele>0</ele><time>2026-10-07T11:54:22.830Z</time></trkpt><trkpt lat="46.04157" lon="-110.2446"><ele>0</ele><time>2026-10-07T11:54:22.830Z</time></trkpt><trkpt lat="46.04161" lon="-110.24393"><ele>0</ele><time>2026-10-07T11:54:22.830Z</time></trkpt><trkpt lat="46.04163" lon="-110.24387"><ele>0</ele><time>2026-10-07T11:54:22.830Z</time></trkpt><trkpt lat="46.04182" lon="-110.24363"><ele>0</ele><time>2026-10-07T11:54:22.830Z</time></trkpt><trkpt lat="46.04185" lon="-110.24355"><ele>0</ele><time>2026-10-07T11:54:22.830Z</time></trkpt><trkpt lat="46.04182" lon="-110.24334"><ele>0</ele><time>2026-10-07T11:54:22.830Z</time></trkpt><trkpt lat="46.04181" lon="-110.24301"><ele>0</ele><time>2026-10-07T11:54:22.830Z</time></trkpt><trkpt lat="46.04178" lon="-110.24293"><ele>0</ele><time>2026-10-07T11:54:22.830Z</time></trkpt><trkpt lat="46.04155" lon="-110.24262"><ele>0</ele><time>2026-10-07T11:54:22.830Z</time></trkpt><trkpt lat="46.04151" lon="-110.2425"><ele>0</ele><time>2026-10-07T11:54:22.830Z</time></trkpt><trkpt lat="46.04153" lon="-110.24242"><ele>0</ele><time>2026-10-07T11:54:22.830Z</time></trkpt><trkpt lat="46.04163" lon="-110.2423"><ele>0</ele><time>2026-10-07T11:54:22.830Z</time></trkpt><trkpt lat="46.04202" lon="-110.24213"><ele>0</ele><time>2026-10-07T11:54:22.830Z</time></trkpt><trkpt lat="46.04224" lon="-110.24169"><ele>0</ele><time>2026-10-07T11:54:22.830Z</time></trkpt><trkpt lat="46.0423" lon="-110.24141"><ele>0</ele><time>2026-10-07T11:54:22.830Z</time></trkpt><trkpt lat="46.04247" lon="-110.241"><ele>0</ele><time>2026-10-07T11:54:22.830Z</time></trkpt><trkpt lat="46.04252" lon="-110.24077"><ele>0</ele><time>2026-10-07T11:54:22.830Z</time></trkpt><trkpt lat="46.04262" lon="-110.24049"><ele>0</ele><time>2026-10-07T11:54:22.830Z</time></trkpt><trkpt lat="46.0426" lon="-110.24013"><ele>0</ele><time>2026-10-07T11:54:22.830Z</time></trkpt><trkpt lat="46.04265" lon="-110.2396"><ele>0</ele><time>2026-10-07T11:54:22.830Z</time></trkpt><trkpt lat="46.042638" lon="-110.23915"><ele>0</ele><time>2026-10-07T11:54:22.830Z</time></trkpt><trkpt lat="46.04257" lon="-110.23917"><ele>0</ele><time>2026-10-07T11:54:22.830Z</time></trkpt><trkpt lat="46.04257" lon="-110.2393"><ele>0</ele><time>2026-10-07T11:54:22.830Z</time></trkpt><trkpt lat="46.0425" lon="-110.23959"><ele>0</ele><time>2026-10-07T11:54:22.830Z</time></trkpt><trkpt lat="46.0424" lon="-110.23983"><ele>0</ele><time>2026-10-07T11:54:22.830Z</time></trkpt><trkpt lat="46.04233" lon="-110.23992"><ele>0</ele><time>2026-10-07T11:54:22.830Z</time></trkpt><trkpt lat="46.04227" lon="-110.23978"><ele>0</ele><time>2026-10-07T11:54:22.830Z</time></trkpt><trkpt lat="46.042264" lon="-110.239732"><ele>0</ele><time>2026-10-07T11:54:22.830Z</time></trkpt><trkpt lat="46.04227" lon="-110.23978"><ele>0</ele><time>2026-10-07T11:54:22.830Z</time></trkpt><trkpt lat="46.04233" lon="-110.23992"><ele>0</ele><time>2026-10-07T11:54:22.830Z</time></trkpt><trkpt lat="46.0424" lon="-110.23983"><ele>0</ele><time>2026-10-07T11:54:22.830Z</time></trkpt><trkpt lat="46.0425" lon="-110.23959"><ele>0</ele><time>2026-10-07T11:54:22.830Z</time></trkpt><trkpt lat="46.04257" lon="-110.2393"><ele>0</ele><time>2026-10-07T11:54:22.830Z</time></trkpt><trkpt lat="46.04257" lon="-110.23917"><ele>0</ele><time>2026-10-07T11:54:22.830Z</time></trkpt><trkpt lat="46.042638" lon="-110.23915"><ele>0</ele><time>2026-10-07T11:54:22.830Z</time></trkpt><trkpt lat="46.04265" lon="-110.2396"><ele>0</ele><time>2026-10-07T11:54:22.830Z</time></trkpt><trkpt lat="46.0426" lon="-110.24013"><ele>0</ele><time>2026-10-07T11:54:22.830Z</time></trkpt><trkpt lat="46.04262" lon="-110.24049"><ele>0</ele><time>2026-10-07T11:54:22.830Z</time></trkpt><trkpt lat="46.04252" lon="-110.24077"><ele>0</ele><time>2026-10-07T11:54:22.830Z</time></trkpt><trkpt lat="46.04247" lon="-110.241"><ele>0</ele><time>2026-10-07T11:54:22.830Z</time></trkpt><trkpt lat="46.0423" lon="-110.24141"><ele>0</ele><time>2026-10-07T11:54:22.830Z</time></trkpt><trkpt lat="46.04224" lon="-110.24169"><ele>0</ele><time>2026-10-07T11:54:22.830Z</time></trkpt><trkpt lat="46.04202" lon="-110.24213"><ele>0</ele><time>2026-10-07T11:54:22.830Z</time></trkpt><trkpt lat="46.04163" lon="-110.2423"><ele>0</ele><time>2026-10-07T11:54:22.830Z</time></trkpt><trkpt lat="46.04153" lon="-110.24242"><ele>0</ele><time>2026-10-07T11:54:22.830Z</time></trkpt><trkpt lat="46.04151" lon="-110.2425"><ele>0</ele><time>2026-10-07T11:54:22.830Z</time></trkpt><trkpt lat="46.04155" lon="-110.24262"><ele>0</ele><time>2026-10-07T11:54:22.830Z</time></trkpt><trkpt lat="46.04178" lon="-110.24293"><ele>0</ele><time>2026-10-07T11:54:22.830Z</time></trkpt><trkpt lat="46.04181" lon="-110.24301"><ele>0</ele><time>2026-10-07T11:54:22.830Z</time></trkpt><trkpt lat="46.04182" lon="-110.24334"><ele>0</ele><time>2026-10-07T11:54:22.830Z</time></trkpt><trkpt lat="46.04185" lon="-110.24355"><ele>0</ele><time>2026-10-07T11:54:22.830Z</time></trkpt><trkpt lat="46.04182" lon="-110.24363"><ele>0</ele><time>2026-10-07T11:54:22.830Z</time></trkpt><trkpt lat="46.04163" lon="-110.24387"><ele>0</ele><time>2026-10-07T11:54:22.830Z</time></trkpt><trkpt lat="46.04161" lon="-110.24393"><ele>0</ele><time>2026-10-07T11:54:22.830Z</time></trkpt><trkpt lat="46.04157" lon="-110.2446"><ele>0</ele><time>2026-10-07T11:54:22.830Z</time></trkpt><trkpt lat="46.04164" lon="-110.24493"><ele>0</ele><time>2026-10-07T11:54:22.830Z</time></trkpt><trkpt lat="46.04174" lon="-110.24568"><ele>0</ele><time>2026-10-07T11:54:22.830Z</time></trkpt><trkpt lat="46.04172" lon="-110.2458"><ele>0</ele><time>2026-10-07T11:54:22.830Z</time></trkpt><trkpt lat="46.04146" lon="-110.2463"><ele>0</ele><time>2026-10-07T11:54:22.830Z</time></trkpt><trkpt lat="46.04139" lon="-110.24638"><ele>0</ele><time>2026-10-07T11:54:22.830Z</time></trkpt><trkpt lat="46.0412" lon="-110.24687"><ele>0</ele><time>2026-10-07T11:54:22.830Z</time></trkpt><trkpt lat="46.0411" lon="-110.24707"><ele>0</ele><time>2026-10-07T11:54:22.830Z</time></trkpt><trkpt lat="46.04092" lon="-110.2473"><ele>0</ele><time>2026-10-07T11:54:22.830Z</time></trkpt><trkpt lat="46.04091" lon="-110.24741"><ele>0</ele><time>2026-10-07T11:54:22.830Z</time></trkpt><trkpt lat="46.04093" lon="-110.2475"><ele>0</ele><time>2026-10-07T11:54:22.830Z</time></trkpt><trkpt lat="46.04102" lon="-110.24754"><ele>0</ele><time>2026-10-07T11:54:22.830Z</time></trkpt><trkpt lat="46.04122" lon="-110.24748"><ele>0</ele><time>2026-10-07T11:54:22.830Z</time></trkpt><trkpt lat="46.04126" lon="-110.2475"><ele>0</ele><time>2026-10-07T11:54:22.830Z</time></trkpt><trkpt lat="46.0413" lon="-110.24758"><ele>0</ele><time>2026-10-07T11:54:22.830Z</time></trkpt><trkpt lat="46.04127" lon="-110.24767"><ele>0</ele><time>2026-10-07T11:54:22.830Z</time></trkpt><trkpt lat="46.04116" lon="-110.24781"><ele>0</ele><time>2026-10-07T11:54:22.830Z</time></trkpt><trkpt lat="46.04101" lon="-110.24793"><ele>0</ele><time>2026-10-07T11:54:22.830Z</time></trkpt><trkpt lat="46.04083" lon="-110.24814"><ele>0</ele><time>2026-10-07T11:54:22.830Z</time></trkpt><trkpt lat="46.04066" lon="-110.24836"><ele>0</ele><time>2026-10-07T11:54:22.830Z</time></trkpt><trkpt lat="46.04063" lon="-110.24843"><ele>0</ele><time>2026-10-07T11:54:22.830Z</time></trkpt><trkpt lat="46.04062" lon="-110.2489"><ele>0</ele><time>2026-10-07T11:54:22.830Z</time></trkpt><trkpt lat="46.04069" lon="-110.24932"><ele>0</ele><time>2026-10-07T11:54:22.830Z</time></trkpt><trkpt lat="46.04068" lon="-110.24952"><ele>0</ele><time>2026-10-07T11:54:22.830Z</time></trkpt><trkpt lat="46.04057" lon="-110.24983"><ele>0</ele><time>2026-10-07T11:54:22.830Z</time></trkpt><trkpt lat="46.04047" lon="-110.25"><ele>0</ele><time>2026-10-07T11:54:22.830Z</time></trkpt><trkpt lat="46.0404" lon="-110.25019"><ele>0</ele><time>2026-10-07T11:54:22.830Z</time></trkpt><trkpt lat="46.04031" lon="-110.25049"><ele>0</ele><time>2026-10-07T11:54:22.830Z</time></trkpt><trkpt lat="46.04028" lon="-110.25069"><ele>0</ele><time>2026-10-07T11:54:22.830Z</time></trkpt><trkpt lat="46.0403" lon="-110.25103"><ele>0</ele><time>2026-10-07T11:54:22.830Z</time></trkpt><trkpt lat="46.0404" lon="-110.25128"><ele>0</ele><time>2026-10-07T11:54:22.830Z</time></trkpt><trkpt lat="46.04044" lon="-110.25146"><ele>0</ele><time>2026-10-07T11:54:22.830Z</time></trkpt><trkpt lat="46.04045" lon="-110.25162"><ele>0</ele><time>2026-10-07T11:54:22.830Z</time></trkpt><trkpt lat="46.04044" lon="-110.25179"><ele>0</ele><time>2026-10-07T11:54:22.830Z</time></trkpt><trkpt lat="46.04031" lon="-110.25213"><ele>0</ele><time>2026-10-07T11:54:22.830Z</time></trkpt><trkpt lat="46.04022" lon="-110.25261"><ele>0</ele><time>2026-10-07T11:54:22.830Z</time></trkpt><trkpt lat="46.04006" lon="-110.25324"><ele>0</ele><time>2026-10-07T11:54:22.830Z</time></trkpt><trkpt lat="46.04003" lon="-110.25344"><ele>0</ele><time>2026-10-07T11:54:22.830Z</time></trkpt><trkpt lat="46.04001" lon="-110.25417"><ele>0</ele><time>2026-10-07T11:54:22.830Z</time></trkpt><trkpt lat="46.03991" lon="-110.25429"><ele>0</ele><time>2026-10-07T11:54:22.830Z</time></trkpt><trkpt lat="46.03973" lon="-110.25435"><ele>0</ele><time>2026-10-07T11:54:22.829Z</time></trkpt><trkpt lat="46.03974" lon="-110.25481"><ele>0</ele><time>2026-10-07T11:54:22.829Z</time></trkpt><trkpt lat="46.0397" lon="-110.25488"><ele>0</ele><time>2026-10-07T11:54:22.829Z</time></trkpt><trkpt lat="46.03973" lon="-110.25507"><ele>0</ele><time>2026-10-07T11:54:22.829Z</time></trkpt><trkpt lat="46.03971" lon="-110.25561"><ele>0</ele><time>2026-10-07T11:54:22.829Z</time></trkpt><trkpt lat="46.03986" lon="-110.25636"><ele>0</ele><time>2026-10-07T11:54:22.829Z</time></trkpt><trkpt lat="46.03987" lon="-110.25659"><ele>0</ele><time>2026-10-07T11:54:22.829Z</time></trkpt><trkpt lat="46.03998" lon="-110.257"><ele>0</ele><time>2026-10-07T11:54:22.829Z</time></trkpt><trkpt lat="46.04007" lon="-110.25784"><ele>0</ele><time>2026-10-07T11:54:22.829Z</time></trkpt><trkpt lat="46.04017" lon="-110.25826"><ele>0</ele><time>2026-10-07T11:54:22.829Z</time></trkpt><trkpt lat="46.04048" lon="-110.25903"><ele>0</ele><time>2026-10-07T11:54:22.829Z</time></trkpt><trkpt lat="46.04074" lon="-110.25932"><ele>0</ele><time>2026-10-07T11:54:22.829Z</time></trkpt><trkpt lat="46.04082" lon="-110.25946"><ele>0</ele><time>2026-10-07T11:54:22.829Z</time></trkpt><trkpt lat="46.04095" lon="-110.26017"><ele>0</ele><time>2026-10-07T11:54:22.829Z</time></trkpt><trkpt lat="46.04096" lon="-110.26056"><ele>0</ele><time>2026-10-07T11:54:22.829Z</time></trkpt><trkpt lat="46.04086" lon="-110.26102"><ele>0</ele><time>2026-10-07T11:54:22.829Z</time></trkpt><trkpt lat="46.04085" lon="-110.26129"><ele>0</ele><time>2026-10-07T11:54:22.829Z</time></trkpt><trkpt lat="46.04092" lon="-110.26177"><ele>0</ele><time>2026-10-07T11:54:22.829Z</time></trkpt><trkpt lat="46.04099" lon="-110.26202"><ele>0</ele><time>2026-10-07T11:54:22.829Z</time></trkpt><trkpt lat="46.041" lon="-110.26227"><ele>0</ele><time>2026-10-07T11:54:22.829Z</time></trkpt><trkpt lat="46.04097" lon="-110.26256"><ele>0</ele><time>2026-10-07T11:54:22.829Z</time></trkpt><trkpt lat="46.04091" lon="-110.26275"><ele>0</ele><time>2026-10-07T11:54:22.829Z</time></trkpt><trkpt lat="46.04087" lon="-110.26315"><ele>0</ele><time>2026-10-07T11:54:22.829Z</time></trkpt><trkpt lat="46.04083" lon="-110.26338"><ele>0</ele><time>2026-10-07T11:54:22.829Z</time></trkpt><trkpt lat="46.04069" lon="-110.26368"><ele>0</ele><time>2026-10-07T11:54:22.829Z</time></trkpt><trkpt lat="46.04055" lon="-110.26386"><ele>0</ele><time>2026-10-07T11:54:22.829Z</time></trkpt><trkpt lat="46.04045" lon="-110.26404"><ele>0</ele><time>2026-10-07T11:54:22.829Z</time></trkpt><trkpt lat="46.04036" lon="-110.26434"><ele>0</ele><time>2026-10-07T11:54:22.829Z</time></trkpt><trkpt lat="46.04038" lon="-110.26458"><ele>0</ele><time>2026-10-07T11:54:22.829Z</time></trkpt><trkpt lat="46.04036" lon="-110.26473"><ele>0</ele><time>2026-10-07T11:54:22.829Z</time></trkpt><trkpt lat="46.04017" lon="-110.26535"><ele>0</ele><time>2026-10-07T11:54:22.829Z</time></trkpt><trkpt lat="46.04003" lon="-110.26597"><ele>0</ele><time>2026-10-07T11:54:22.829Z</time></trkpt><trkpt lat="46.03989" lon="-110.26619"><ele>0</ele><time>2026-10-07T11:54:22.829Z</time></trkpt><trkpt lat="46.03973" lon="-110.26673"><ele>0</ele><time>2026-10-07T11:54:22.829Z</time></trkpt><trkpt lat="46.03964" lon="-110.26722"><ele>0</ele><time>2026-10-07T11:54:22.829Z</time></trkpt><trkpt lat="46.03966" lon="-110.26744"><ele>0</ele><time>2026-10-07T11:54:22.829Z</time></trkpt><trkpt lat="46.03968" lon="-110.26814"><ele>0</ele><time>2026-10-07T11:54:22.829Z</time></trkpt><trkpt lat="46.03974" lon="-110.26849"><ele>0</ele><time>2026-10-07T11:54:22.829Z</time></trkpt><trkpt lat="46.03978" lon="-110.26862"><ele>0</ele><time>2026-10-07T11:54:22.829Z</time></trkpt><trkpt lat="46.0398" lon="-110.26879"><ele>0</ele><time>2026-10-07T11:54:22.829Z</time></trkpt><trkpt lat="46.03979" lon="-110.26902"><ele>0</ele><time>2026-10-07T11:54:22.829Z</time></trkpt><trkpt lat="46.03984" lon="-110.26916"><ele>0</ele><time>2026-10-07T11:54:22.829Z</time></trkpt><trkpt lat="46.03997" lon="-110.27022"><ele>0</ele><time>2026-10-07T11:54:22.829Z</time></trkpt><trkpt lat="46.03994" lon="-110.27047"><ele>0</ele><time>2026-10-07T11:54:22.829Z</time></trkpt><trkpt lat="46.03976" lon="-110.2713"><ele>0</ele><time>2026-10-07T11:54:22.829Z</time></trkpt><trkpt lat="46.03969" lon="-110.2717"><ele>0</ele><time>2026-10-07T11:54:22.829Z</time></trkpt><trkpt lat="46.03965" lon="-110.27215"><ele>0</ele><time>2026-10-07T11:54:22.829Z</time></trkpt><trkpt lat="46.03951" lon="-110.27276"><ele>0</ele><time>2026-10-07T11:54:22.829Z</time></trkpt><trkpt lat="46.03949" lon="-110.27292"><ele>0</ele><time>2026-10-07T11:54:22.829Z</time></trkpt><trkpt lat="46.03958" lon="-110.27345"><ele>0</ele><time>2026-10-07T11:54:22.829Z</time></trkpt><trkpt lat="46.03962" lon="-110.27353"><ele>0</ele><time>2026-10-07T11:54:22.829Z</time></trkpt><trkpt lat="46.03974" lon="-110.27364"><ele>0</ele><time>2026-10-07T11:54:22.829Z</time></trkpt><trkpt lat="46.03973" lon="-110.2738"><ele>0</ele><time>2026-10-07T11:54:22.829Z</time></trkpt><trkpt lat="46.03969" lon="-110.27395"><ele>0</ele><time>2026-10-07T11:54:22.829Z</time></trkpt><trkpt lat="46.0397" lon="-110.27402"><ele>0</ele><time>2026-10-07T11:54:22.829Z</time></trkpt><trkpt lat="46.03973" lon="-110.27405"><ele>0</ele><time>2026-10-07T11:54:22.829Z</time></trkpt><trkpt lat="46.04001" lon="-110.27415"><ele>0</ele><time>2026-10-07T11:54:22.829Z</time></trkpt><trkpt lat="46.04005" lon="-110.27414"><ele>0</ele><time>2026-10-07T11:54:22.829Z</time></trkpt><trkpt lat="46.04011" lon="-110.27405"><ele>0</ele><time>2026-10-07T11:54:22.829Z</time></trkpt><trkpt lat="46.04015" lon="-110.27402"><ele>0</ele><time>2026-10-07T11:54:22.829Z</time></trkpt><trkpt lat="46.0403" lon="-110.27405"><ele>0</ele><time>2026-10-07T11:54:22.829Z</time></trkpt><trkpt lat="46.04035" lon="-110.27402"><ele>0</ele><time>2026-10-07T11:54:22.829Z</time></trkpt><trkpt lat="46.04058" lon="-110.27356"><ele>0</ele><time>2026-10-07T11:54:22.829Z</time></trkpt><trkpt lat="46.04061" lon="-110.27353"><ele>0</ele><time>2026-10-07T11:54:22.829Z</time></trkpt><trkpt lat="46.04065" lon="-110.27354"><ele>0</ele><time>2026-10-07T11:54:22.829Z</time></trkpt><trkpt lat="46.04068" lon="-110.2736"><ele>0</ele><time>2026-10-07T11:54:22.829Z</time></trkpt><trkpt lat="46.0409" lon="-110.27431"><ele>0</ele><time>2026-10-07T11:54:22.829Z</time></trkpt><trkpt lat="46.04098" lon="-110.27486"><ele>0</ele><time>2026-10-07T11:54:22.829Z</time></trkpt><trkpt lat="46.04106" lon="-110.27499"><ele>0</ele><time>2026-10-07T11:54:22.829Z</time></trkpt><trkpt lat="46.04114" lon="-110.27521"><ele>0</ele><time>2026-10-07T11:54:22.829Z</time></trkpt><trkpt lat="46.04119" lon="-110.27542"><ele>0</ele><time>2026-10-07T11:54:22.829Z</time></trkpt><trkpt lat="46.04122" lon="-110.2757"><ele>0</ele><time>2026-10-07T11:54:22.829Z</time></trkpt><trkpt lat="46.04122" lon="-110.27591"><ele>0</ele><time>2026-10-07T11:54:22.829Z</time></trkpt><trkpt lat="46.04133" lon="-110.27632"><ele>0</ele><time>2026-10-07T11:54:22.829Z</time></trkpt><trkpt lat="46.04132" lon="-110.27678"><ele>0</ele><time>2026-10-07T11:54:22.829Z</time></trkpt><trkpt lat="46.04128" lon="-110.27689"><ele>0</ele><time>2026-10-07T11:54:22.829Z</time></trkpt><trkpt lat="46.04127" lon="-110.27717"><ele>0</ele><time>2026-10-07T11:54:22.829Z</time></trkpt><trkpt lat="46.0413" lon="-110.27727"><ele>0</ele><time>2026-10-07T11:54:22.829Z</time></trkpt><trkpt lat="46.04134" lon="-110.27732"><ele>0</ele><time>2026-10-07T11:54:22.829Z</time></trkpt><trkpt lat="46.04151" lon="-110.27742"><ele>0</ele><time>2026-10-07T11:54:22.829Z</time></trkpt><trkpt lat="46.04162" lon="-110.27753"><ele>0</ele><time>2026-10-07T11:54:22.829Z</time></trkpt><trkpt lat="46.04175" lon="-110.27784"><ele>0</ele><time>2026-10-07T11:54:22.829Z</time></trkpt><trkpt lat="46.04203" lon="-110.27904"><ele>0</ele><time>2026-10-07T11:54:22.829Z</time></trkpt><trkpt lat="46.04213" lon="-110.27958"><ele>0</ele><time>2026-10-07T11:54:22.829Z</time></trkpt><trkpt lat="46.04214" lon="-110.27983"><ele>0</ele><time>2026-10-07T11:54:22.829Z</time></trkpt><trkpt lat="46.04211" lon="-110.28031"><ele>0</ele><time>2026-10-07T11:54:22.829Z</time></trkpt><trkpt lat="46.04212" lon="-110.28055"><ele>0</ele><time>2026-10-07T11:54:22.829Z</time></trkpt><trkpt lat="46.04221" lon="-110.28095"><ele>0</ele><time>2026-10-07T11:54:22.829Z</time></trkpt><trkpt lat="46.04223" lon="-110.28122"><ele>0</ele><time>2026-10-07T11:54:22.829Z</time></trkpt><trkpt lat="46.04228" lon="-110.2814"><ele>0</ele><time>2026-10-07T11:54:22.829Z</time></trkpt><trkpt lat="46.04237" lon="-110.28162"><ele>0</ele><time>2026-10-07T11:54:22.829Z</time></trkpt><trkpt lat="46.04249" lon="-110.28221"><ele>0</ele><time>2026-10-07T11:54:22.829Z</time></trkpt><trkpt lat="46.0425" lon="-110.28237"><ele>0</ele><time>2026-10-07T11:54:22.829Z</time></trkpt><trkpt lat="46.04245" lon="-110.28256"><ele>0</ele><time>2026-10-07T11:54:22.829Z</time></trkpt><trkpt lat="46.04239" lon="-110.28293"><ele>0</ele><time>2026-10-07T11:54:22.829Z</time></trkpt><trkpt lat="46.04239" lon="-110.28338"><ele>0</ele><time>2026-10-07T11:54:22.829Z</time></trkpt><trkpt lat="46.04244" lon="-110.28388"><ele>0</ele><time>2026-10-07T11:54:22.829Z</time></trkpt><trkpt lat="46.0425" lon="-110.28417"><ele>0</ele><time>2026-10-07T11:54:22.829Z</time></trkpt><trkpt lat="46.0425" lon="-110.2843"><ele>0</ele><time>2026-10-07T11:54:22.829Z</time></trkpt><trkpt lat="46.04254" lon="-110.28448"><ele>0</ele><time>2026-10-07T11:54:22.829Z</time></trkpt><trkpt lat="46.04268" lon="-110.2848"><ele>0</ele><time>2026-10-07T11:54:22.829Z</time></trkpt><trkpt lat="46.04269" lon="-110.28492"><ele>0</ele><time>2026-10-07T11:54:22.829Z</time></trkpt><trkpt lat="46.04266" lon="-110.28501"><ele>0</ele><time>2026-10-07T11:54:22.829Z</time></trkpt><trkpt lat="46.04267" lon="-110.28517"><ele>0</ele><time>2026-10-07T11:54:22.829Z</time></trkpt><trkpt lat="46.04278" lon="-110.28529"><ele>0</ele><time>2026-10-07T11:54:22.829Z</time></trkpt><trkpt lat="46.04288" lon="-110.28578"><ele>0</ele><time>2026-10-07T11:54:22.829Z</time></trkpt><trkpt lat="46.04292" lon="-110.2859"><ele>0</ele><time>2026-10-07T11:54:22.829Z</time></trkpt><trkpt lat="46.04307" lon="-110.28627"><ele>0</ele><time>2026-10-07T11:54:22.829Z</time></trkpt><trkpt lat="46.04332" lon="-110.2867"><ele>0</ele><time>2026-10-07T11:54:22.829Z</time></trkpt><trkpt lat="46.04359" lon="-110.28745"><ele>0</ele><time>2026-10-07T11:54:22.829Z</time></trkpt><trkpt lat="46.04368" lon="-110.28776"><ele>0</ele><time>2026-10-07T11:54:22.829Z</time></trkpt><trkpt lat="46.04379" lon="-110.28824"><ele>0</ele><time>2026-10-07T11:54:22.829Z</time></trkpt><trkpt lat="46.04388" lon="-110.28853"><ele>0</ele><time>2026-10-07T11:54:22.829Z</time></trkpt><trkpt lat="46.04393" lon="-110.28886"><ele>0</ele><time>2026-10-07T11:54:22.829Z</time></trkpt><trkpt lat="46.04424" lon="-110.28956"><ele>0</ele><time>2026-10-07T11:54:22.829Z</time></trkpt><trkpt lat="46.0443" lon="-110.28978"><ele>0</ele><time>2026-10-07T11:54:22.829Z</time></trkpt><trkpt lat="46.04431" lon="-110.29009"><ele>0</ele><time>2026-10-07T11:54:22.829Z</time></trkpt><trkpt lat="46.04429" lon="-110.29021"><ele>0</ele><time>2026-10-07T11:54:22.829Z</time></trkpt><trkpt lat="46.04432" lon="-110.29048"><ele>0</ele><time>2026-10-07T11:54:22.829Z</time></trkpt><trkpt lat="46.04435" lon="-110.29058"><ele>0</ele><time>2026-10-07T11:54:22.829Z</time></trkpt><trkpt lat="46.04442" lon="-110.29068"><ele>0</ele><time>2026-10-07T11:54:22.829Z</time></trkpt><trkpt lat="46.04456" lon="-110.29146"><ele>0</ele><time>2026-10-07T11:54:22.829Z</time></trkpt><trkpt lat="46.0449" lon="-110.29245"><ele>0</ele><time>2026-10-07T11:54:22.829Z</time></trkpt><trkpt lat="46.04494" lon="-110.29274"><ele>0</ele><time>2026-10-07T11:54:22.829Z</time></trkpt><trkpt lat="46.04493" lon="-110.29304"><ele>0</ele><time>2026-10-07T11:54:22.829Z</time></trkpt><trkpt lat="46.04505" lon="-110.29346"><ele>0</ele><time>2026-10-07T11:54:22.829Z</time></trkpt><trkpt lat="46.04516" lon="-110.294"><ele>0</ele><time>2026-10-07T11:54:22.829Z</time></trkpt><trkpt lat="46.04532" lon="-110.29442"><ele>0</ele><time>2026-10-07T11:54:22.829Z</time></trkpt><trkpt lat="46.04542" lon="-110.29517"><ele>0</ele><time>2026-10-07T11:54:22.829Z</time></trkpt><trkpt lat="46.04543" lon="-110.29547"><ele>0</ele><time>2026-10-07T11:54:22.829Z</time></trkpt><trkpt lat="46.0454" lon="-110.29564"><ele>0</ele><time>2026-10-07T11:54:22.829Z</time></trkpt><trkpt lat="46.0454" lon="-110.29596"><ele>0</ele><time>2026-10-07T11:54:22.829Z</time></trkpt><trkpt lat="46.04543" lon="-110.29623"><ele>0</ele><time>2026-10-07T11:54:22.829Z</time></trkpt><trkpt lat="46.04551" lon="-110.29634"><ele>0</ele><time>2026-10-07T11:54:22.829Z</time></trkpt><trkpt lat="46.04563" lon="-110.29666"><ele>0</ele><time>2026-10-07T11:54:22.829Z</time></trkpt><trkpt lat="46.04565" lon="-110.29698"><ele>0</ele><time>2026-10-07T11:54:22.829Z</time></trkpt><trkpt lat="46.04569" lon="-110.29722"><ele>0</ele><time>2026-10-07T11:54:22.829Z</time></trkpt><trkpt lat="46.04576" lon="-110.29739"><ele>0</ele><time>2026-10-07T11:54:22.829Z</time></trkpt><trkpt lat="46.0459" lon="-110.29799"><ele>0</ele><time>2026-10-07T11:54:22.829Z</time></trkpt><trkpt lat="46.04601" lon="-110.29821"><ele>0</ele><time>2026-10-07T11:54:22.829Z</time></trkpt><trkpt lat="46.04621" lon="-110.29883"><ele>0</ele><time>2026-10-07T11:54:22.829Z</time></trkpt><trkpt lat="46.04643" lon="-110.29923"><ele>0</ele><time>2026-10-07T11:54:22.829Z</time></trkpt><trkpt lat="46.04662" lon="-110.29952"><ele>0</ele><time>2026-10-07T11:54:22.829Z</time></trkpt><trkpt lat="46.04661" lon="-110.29969"><ele>0</ele><time>2026-10-07T11:54:22.829Z</time></trkpt><trkpt lat="46.04664" lon="-110.30009"><ele>0</ele><time>2026-10-07T11:54:22.829Z</time></trkpt><trkpt lat="46.04663" lon="-110.30029"><ele>0</ele><time>2026-10-07T11:54:22.829Z</time></trkpt><trkpt lat="46.04665" lon="-110.30052"><ele>0</ele><time>2026-10-07T11:54:22.829Z</time></trkpt><trkpt lat="46.04662" lon="-110.3006"><ele>0</ele><time>2026-10-07T11:54:22.829Z</time></trkpt><trkpt lat="46.0466" lon="-110.30073"><ele>0</ele><time>2026-10-07T11:54:22.829Z</time></trkpt><trkpt lat="46.04662" lon="-110.30085"><ele>0</ele><time>2026-10-07T11:54:22.829Z</time></trkpt><trkpt lat="46.04666" lon="-110.30097"><ele>0</ele><time>2026-10-07T11:54:22.829Z</time></trkpt><trkpt lat="46.04682" lon="-110.30119"><ele>0</ele><time>2026-10-07T11:54:22.829Z</time></trkpt><trkpt lat="46.0469" lon="-110.30139"><ele>0</ele><time>2026-10-07T11:54:22.829Z</time></trkpt><trkpt lat="46.04695" lon="-110.30181"><ele>0</ele><time>2026-10-07T11:54:22.829Z</time></trkpt><trkpt lat="46.04718" lon="-110.30223"><ele>0</ele><time>2026-10-07T11:54:22.829Z</time></trkpt><trkpt lat="46.0472" lon="-110.30231"><ele>0</ele><time>2026-10-07T11:54:22.829Z</time></trkpt><trkpt lat="46.04719" lon="-110.30239"><ele>0</ele><time>2026-10-07T11:54:22.829Z</time></trkpt><trkpt lat="46.04721" lon="-110.30273"><ele>0</ele><time>2026-10-07T11:54:22.829Z</time></trkpt><trkpt lat="46.04719" lon="-110.30295"><ele>0</ele><time>2026-10-07T11:54:22.829Z</time></trkpt><trkpt lat="46.04711" lon="-110.3032"><ele>0</ele><time>2026-10-07T11:54:22.829Z</time></trkpt><trkpt lat="46.04708" lon="-110.30344"><ele>0</ele><time>2026-10-07T11:54:22.829Z</time></trkpt><trkpt lat="46.04713" lon="-110.30423"><ele>0</ele><time>2026-10-07T11:54:22.829Z</time></trkpt><trkpt lat="46.0471" lon="-110.30439"><ele>0</ele><time>2026-10-07T11:54:22.829Z</time></trkpt><trkpt lat="46.04701" lon="-110.30451"><ele>0</ele><time>2026-10-07T11:54:22.829Z</time></trkpt><trkpt lat="46.04677" lon="-110.30465"><ele>0</ele><time>2026-10-07T11:54:22.829Z</time></trkpt><trkpt lat="46.04674" lon="-110.30471"><ele>0</ele><time>2026-10-07T11:54:22.829Z</time></trkpt><trkpt lat="46.04673" lon="-110.3049"><ele>0</ele><time>2026-10-07T11:54:22.829Z</time></trkpt><trkpt lat="46.04668" lon="-110.30504"><ele>0</ele><time>2026-10-07T11:54:22.829Z</time></trkpt><trkpt lat="46.04665" lon="-110.30529"><ele>0</ele><time>2026-10-07T11:54:22.829Z</time></trkpt><trkpt lat="46.04646" lon="-110.30565"><ele>0</ele><time>2026-10-07T11:54:22.829Z</time></trkpt><trkpt lat="46.04647" lon="-110.30645"><ele>0</ele><time>2026-10-07T11:54:22.829Z</time></trkpt><trkpt lat="46.04656" lon="-110.30692"><ele>0</ele><time>2026-10-07T11:54:22.829Z</time></trkpt><trkpt lat="46.04659" lon="-110.30697"><ele>0</ele><time>2026-10-07T11:54:22.829Z</time></trkpt><trkpt lat="46.04662" lon="-110.3073"><ele>0</ele><time>2026-10-07T11:54:22.829Z</time></trkpt><trkpt lat="46.0466" lon="-110.3074"><ele>0</ele><time>2026-10-07T11:54:22.829Z</time></trkpt><trkpt lat="46.04648" lon="-110.30769"><ele>0</ele><time>2026-10-07T11:54:22.829Z</time></trkpt><trkpt lat="46.04646" lon="-110.30789"><ele>0</ele><time>2026-10-07T11:54:22.829Z</time></trkpt><trkpt lat="46.04635" lon="-110.30824"><ele>0</ele><time>2026-10-07T11:54:22.829Z</time></trkpt><trkpt lat="46.04632" lon="-110.30851"><ele>0</ele><time>2026-10-07T11:54:22.829Z</time></trkpt><trkpt lat="46.04634" lon="-110.30866"><ele>0</ele><time>2026-10-07T11:54:22.829Z</time></trkpt><trkpt lat="46.0463" lon="-110.30892"><ele>0</ele><time>2026-10-07T11:54:22.829Z</time></trkpt><trkpt lat="46.04617" lon="-110.30902"><ele>0</ele><time>2026-10-07T11:54:22.829Z</time></trkpt><trkpt lat="46.04594" lon="-110.30927"><ele>0</ele><time>2026-10-07T11:54:22.829Z</time></trkpt><trkpt lat="46.04582" lon="-110.30955"><ele>0</ele><time>2026-10-07T11:54:22.829Z</time></trkpt><trkpt lat="46.04578" lon="-110.30984"><ele>0</ele><time>2026-10-07T11:54:22.829Z</time></trkpt><trkpt lat="46.04567" lon="-110.31015"><ele>0</ele><time>2026-10-07T11:54:22.829Z</time></trkpt><trkpt lat="46.04557" lon="-110.31028"><ele>0</ele><time>2026-10-07T11:54:22.829Z</time></trkpt><trkpt lat="46.04553" lon="-110.3105"><ele>0</ele><time>2026-10-07T11:54:22.829Z</time></trkpt><trkpt lat="46.04547" lon="-110.31057"><ele>0</ele><time>2026-10-07T11:54:22.829Z</time></trkpt><trkpt lat="46.04542" lon="-110.31072"><ele>0</ele><time>2026-10-07T11:54:22.829Z</time></trkpt><trkpt lat="46.04486" lon="-110.31112"><ele>0</ele><time>2026-10-07T11:54:22.829Z</time></trkpt><trkpt lat="46.04451" lon="-110.31158"><ele>0</ele><time>2026-10-07T11:54:22.829Z</time></trkpt><trkpt lat="46.04429" lon="-110.31208"><ele>0</ele><time>2026-10-07T11:54:22.829Z</time></trkpt><trkpt lat="46.04428" lon="-110.31235"><ele>0</ele><time>2026-10-07T11:54:22.829Z</time></trkpt><trkpt lat="46.04423" lon="-110.31268"><ele>0</ele><time>2026-10-07T11:54:22.829Z</time></trkpt><trkpt lat="46.04404" lon="-110.31322"><ele>0</ele><time>2026-10-07T11:54:22.829Z</time></trkpt><trkpt lat="46.04397" lon="-110.31332"><ele>0</ele><time>2026-10-07T11:54:22.829Z</time></trkpt><trkpt lat="46.04389" lon="-110.31339"><ele>0</ele><time>2026-10-07T11:54:22.829Z</time></trkpt><trkpt lat="46.04377" lon="-110.31344"><ele>0</ele><time>2026-10-07T11:54:22.829Z</time></trkpt><trkpt lat="46.04369" lon="-110.31353"><ele>0</ele><time>2026-10-07T11:54:22.829Z</time></trkpt><trkpt lat="46.04355" lon="-110.31387"><ele>0</ele><time>2026-10-07T11:54:22.829Z</time></trkpt><trkpt lat="46.04343" lon="-110.31402"><ele>0</ele><time>2026-10-07T11:54:22.829Z</time></trkpt><trkpt lat="46.04338" lon="-110.31416"><ele>0</ele><time>2026-10-07T11:54:22.829Z</time></trkpt><trkpt lat="46.04307" lon="-110.31464"><ele>0</ele><time>2026-10-07T11:54:22.829Z</time></trkpt><trkpt lat="46.04303" lon="-110.31485"><ele>0</ele><time>2026-10-07T11:54:22.829Z</time></trkpt><trkpt lat="46.04303" lon="-110.31519"><ele>0</ele><time>2026-10-07T11:54:22.829Z</time></trkpt><trkpt lat="46.043" lon="-110.31528"><ele>0</ele><time>2026-10-07T11:54:22.829Z</time></trkpt><trkpt lat="46.04274" lon="-110.3154"><ele>0</ele><time>2026-10-07T11:54:22.829Z</time></trkpt><trkpt lat="46.04257" lon="-110.31556"><ele>0</ele><time>2026-10-07T11:54:22.829Z</time></trkpt><trkpt lat="46.04248" lon="-110.31573"><ele>0</ele><time>2026-10-07T11:54:22.829Z</time></trkpt><trkpt lat="46.04248" lon="-110.3158"><ele>0</ele><time>2026-10-07T11:54:22.829Z</time></trkpt><trkpt lat="46.04262" lon="-110.31586"><ele>0</ele><time>2026-10-07T11:54:22.829Z</time></trkpt><trkpt lat="46.04269" lon="-110.31595"><ele>0</ele><time>2026-10-07T11:54:22.829Z</time></trkpt><trkpt lat="46.0427" lon="-110.31604"><ele>0</ele><time>2026-10-07T11:54:22.829Z</time></trkpt><trkpt lat="46.04269" lon="-110.31622"><ele>0</ele><time>2026-10-07T11:54:22.829Z</time></trkpt><trkpt lat="46.04274" lon="-110.31628"><ele>0</ele><time>2026-10-07T11:54:22.829Z</time></trkpt><trkpt lat="46.04275" lon="-110.31633"><ele>0</ele><time>2026-10-07T11:54:22.829Z</time></trkpt><trkpt lat="46.04264" lon="-110.31654"><ele>0</ele><time>2026-10-07T11:54:22.829Z</time></trkpt><trkpt lat="46.04273" lon="-110.31673"><ele>0</ele><time>2026-10-07T11:54:22.829Z</time></trkpt><trkpt lat="46.04273" lon="-110.31677"><ele>0</ele><time>2026-10-07T11:54:22.829Z</time></trkpt><trkpt lat="46.04267" lon="-110.31694"><ele>0</ele><time>2026-10-07T11:54:22.829Z</time></trkpt><trkpt lat="46.04251" lon="-110.31724"><ele>0</ele><time>2026-10-07T11:54:22.829Z</time></trkpt><trkpt lat="46.04241" lon="-110.31734"><ele>0</ele><time>2026-10-07T11:54:22.829Z</time></trkpt><trkpt lat="46.04241" lon="-110.31766"><ele>0</ele><time>2026-10-07T11:54:22.829Z</time></trkpt><trkpt lat="46.04248" lon="-110.31776"><ele>0</ele><time>2026-10-07T11:54:22.829Z</time></trkpt><trkpt lat="46.0425" lon="-110.31782"><ele>0</ele><time>2026-10-07T11:54:22.829Z</time></trkpt><trkpt lat="46.04265" lon="-110.31782"><ele>0</ele><time>2026-10-07T11:54:22.829Z</time></trkpt><trkpt lat="46.04261" lon="-110.3179"><ele>0</ele><time>2026-10-07T11:54:22.829Z</time></trkpt><trkpt lat="46.0427" lon="-110.31794"><ele>0</ele><time>2026-10-07T11:54:22.829Z</time></trkpt><trkpt lat="46.04264" lon="-110.31807"><ele>0</ele><time>2026-10-07T11:54:22.829Z</time></trkpt><trkpt lat="46.04268" lon="-110.31808"><ele>0</ele><time>2026-10-07T11:54:22.829Z</time></trkpt><trkpt lat="46.04274" lon="-110.31803"><ele>0</ele><time>2026-10-07T11:54:22.829Z</time></trkpt><trkpt lat="46.04276" lon="-110.31807"><ele>0</ele><time>2026-10-07T11:54:22.829Z</time></trkpt><trkpt lat="46.04271" lon="-110.31815"><ele>0</ele><time>2026-10-07T11:54:22.829Z</time></trkpt><trkpt lat="46.04274" lon="-110.31821"><ele>0</ele><time>2026-10-07T11:54:22.829Z</time></trkpt><trkpt lat="46.0428" lon="-110.31821"><ele>0</ele><time>2026-10-07T11:54:22.829Z</time></trkpt><trkpt lat="46.04279" lon="-110.31827"><ele>0</ele><time>2026-10-07T11:54:22.829Z</time></trkpt><trkpt lat="46.04274" lon="-110.31839"><ele>0</ele><time>2026-10-07T11:54:22.829Z</time></trkpt><trkpt lat="46.04264" lon="-110.31852"><ele>0</ele><time>2026-10-07T11:54:22.829Z</time></trkpt><trkpt lat="46.04263" lon="-110.3186"><ele>0</ele><time>2026-10-07T11:54:22.829Z</time></trkpt><trkpt lat="46.04265" lon="-110.31864"><ele>0</ele><time>2026-10-07T11:54:22.829Z</time></trkpt><trkpt lat="46.04274" lon="-110.31864"><ele>0</ele><time>2026-10-07T11:54:22.829Z</time></trkpt><trkpt lat="46.04282" lon="-110.31862"><ele>0</ele><time>2026-10-07T11:54:22.829Z</time></trkpt><trkpt lat="46.04286" lon="-110.31855"><ele>0</ele><time>2026-10-07T11:54:22.829Z</time></trkpt><trkpt lat="46.04288" lon="-110.31856"><ele>0</ele><time>2026-10-07T11:54:22.829Z</time></trkpt><trkpt lat="46.04289" lon="-110.31859"><ele>0</ele><time>2026-10-07T11:54:22.829Z</time></trkpt><trkpt lat="46.04285" lon="-110.31874"><ele>0</ele><time>2026-10-07T11:54:22.829Z</time></trkpt><trkpt lat="46.04285" lon="-110.3188"><ele>0</ele><time>2026-10-07T11:54:22.829Z</time></trkpt><trkpt lat="46.04286" lon="-110.31882"><ele>0</ele><time>2026-10-07T11:54:22.829Z</time></trkpt><trkpt lat="46.04295" lon="-110.31878"><ele>0</ele><time>2026-10-07T11:54:22.829Z</time></trkpt><trkpt lat="46.04297" lon="-110.319"><ele>0</ele><time>2026-10-07T11:54:22.829Z</time></trkpt><trkpt lat="46.0431" lon="-110.31884"><ele>0</ele><time>2026-10-07T11:54:22.829Z</time></trkpt><trkpt lat="46.04346" lon="-110.31867"><ele>0</ele><time>2026-10-07T11:54:22.829Z</time></trkpt><trkpt lat="46.04355" lon="-110.31854"><ele>0</ele><time>2026-10-07T11:54:22.829Z</time></trkpt><trkpt lat="46.04365" lon="-110.31848"><ele>0</ele><time>2026-10-07T11:54:22.829Z</time></trkpt><trkpt lat="46.04366" lon="-110.31851"><ele>0</ele><time>2026-10-07T11:54:22.829Z</time></trkpt><trkpt lat="46.04365" lon="-110.31862"><ele>0</ele><time>2026-10-07T11:54:22.829Z</time></trkpt><trkpt lat="46.04357" lon="-110.31874"><ele>0</ele><time>2026-10-07T11:54:22.829Z</time></trkpt><trkpt lat="46.04354" lon="-110.31885"><ele>0</ele><time>2026-10-07T11:54:22.829Z</time></trkpt><trkpt lat="46.04395" lon="-110.31861"><ele>0</ele><time>2026-10-07T11:54:22.829Z</time></trkpt><trkpt lat="46.04409" lon="-110.31856"><ele>0</ele><time>2026-10-07T11:54:22.829Z</time></trkpt><trkpt lat="46.04402" lon="-110.31879"><ele>0</ele><time>2026-10-07T11:54:22.829Z</time></trkpt><trkpt lat="46.04383" lon="-110.31908"><ele>0</ele><time>2026-10-07T11:54:22.829Z</time></trkpt><trkpt lat="46.04377" lon="-110.31924"><ele>0</ele><time>2026-10-07T11:54:22.829Z</time></trkpt><trkpt lat="46.04375" lon="-110.31945"><ele>0</ele><time>2026-10-07T11:54:22.829Z</time></trkpt><trkpt lat="46.04376" lon="-110.31951"><ele>0</ele><time>2026-10-07T11:54:22.829Z</time></trkpt><trkpt lat="46.04383" lon="-110.31942"><ele>0</ele><time>2026-10-07T11:54:22.829Z</time></trkpt><trkpt lat="46.04415" lon="-110.31918"><ele>0</ele><time>2026-10-07T11:54:22.829Z</time></trkpt><trkpt lat="46.04434" lon="-110.31897"><ele>0</ele><time>2026-10-07T11:54:22.829Z</time></trkpt><trkpt lat="46.04437" lon="-110.31896"><ele>0</ele><time>2026-10-07T11:54:22.829Z</time></trkpt><trkpt lat="46.04436" lon="-110.31913"><ele>0</ele><time>2026-10-07T11:54:22.829Z</time></trkpt><trkpt lat="46.04451" lon="-110.31895"><ele>0</ele><time>2026-10-07T11:54:22.829Z</time></trkpt><trkpt lat="46.04456" lon="-110.31897"><ele>0</ele><time>2026-10-07T11:54:22.829Z</time></trkpt><trkpt lat="46.0446" lon="-110.3191"><ele>0</ele><time>2026-10-07T11:54:22.829Z</time></trkpt><trkpt lat="46.04448" lon="-110.31948"><ele>0</ele><time>2026-10-07T11:54:22.829Z</time></trkpt><trkpt lat="46.04449" lon="-110.31958"><ele>0</ele><time>2026-10-07T11:54:22.829Z</time></trkpt><trkpt lat="46.04451" lon="-110.31959"><ele>0</ele><time>2026-10-07T11:54:22.829Z</time></trkpt><trkpt lat="46.0446" lon="-110.31941"><ele>0</ele><time>2026-10-07T11:54:22.829Z</time></trkpt><trkpt lat="46.04462" lon="-110.31943"><ele>0</ele><time>2026-10-07T11:54:22.829Z</time></trkpt><trkpt lat="46.0446" lon="-110.3195"><ele>0</ele><time>2026-10-07T11:54:22.829Z</time></trkpt><trkpt lat="46.04462" lon="-110.31955"><ele>0</ele><time>2026-10-07T11:54:22.829Z</time></trkpt><trkpt lat="46.04474" lon="-110.3195"><ele>0</ele><time>2026-10-07T11:54:22.829Z</time></trkpt><trkpt lat="46.04495" lon="-110.31934"><ele>0</ele><time>2026-10-07T11:54:22.829Z</time></trkpt><trkpt lat="46.04514" lon="-110.31912"><ele>0</ele><time>2026-10-07T11:54:22.829Z</time></trkpt><trkpt lat="46.04515" lon="-110.31918"><ele>0</ele><time>2026-10-07T11:54:22.829Z</time></trkpt><trkpt lat="46.04507" lon="-110.3195"><ele>0</ele><time>2026-10-07T11:54:22.829Z</time></trkpt><trkpt lat="46.04507" lon="-110.31963"><ele>0</ele><time>2026-10-07T11:54:22.829Z</time></trkpt><trkpt lat="46.04551" lon="-110.3191"><ele>0</ele><time>2026-10-07T11:54:22.829Z</time></trkpt><trkpt lat="46.04563" lon="-110.31903"><ele>0</ele><time>2026-10-07T11:54:22.829Z</time></trkpt><trkpt lat="46.04566" lon="-110.3191"><ele>0</ele><time>2026-10-07T11:54:22.829Z</time></trkpt><trkpt lat="46.04555" lon="-110.31931"><ele>0</ele><time>2026-10-07T11:54:22.829Z</time></trkpt><trkpt lat="46.04551" lon="-110.3195"><ele>0</ele><time>2026-10-07T11:54:22.829Z</time></trkpt><trkpt lat="46.04545" lon="-110.31966"><ele>0</ele><time>2026-10-07T11:54:22.829Z</time></trkpt><trkpt lat="46.04546" lon="-110.31971"><ele>0</ele><time>2026-10-07T11:54:22.829Z</time></trkpt><trkpt lat="46.04565" lon="-110.31953"><ele>0</ele><time>2026-10-07T11:54:22.829Z</time></trkpt><trkpt lat="46.04592" lon="-110.31951"><ele>0</ele><time>2026-10-07T11:54:22.829Z</time></trkpt><trkpt lat="46.04607" lon="-110.31946"><ele>0</ele><time>2026-10-07T11:54:22.829Z</time></trkpt><trkpt lat="46.04618" lon="-110.31917"><ele>0</ele><time>2026-10-07T11:54:22.829Z</time></trkpt><trkpt lat="46.04642" lon="-110.31895"><ele>0</ele><time>2026-10-07T11:54:22.829Z</time></trkpt><trkpt lat="46.04643" lon="-110.31909"><ele>0</ele><time>2026-10-07T11:54:22.829Z</time></trkpt><trkpt lat="46.04635" lon="-110.31918"><ele>0</ele><time>2026-10-07T11:54:22.829Z</time></trkpt><trkpt lat="46.04631" lon="-110.31935"><ele>0</ele><time>2026-10-07T11:54:22.829Z</time></trkpt><trkpt lat="46.04643" lon="-110.31929"><ele>0</ele><time>2026-10-07T11:54:22.829Z</time></trkpt><trkpt lat="46.0465" lon="-110.31932"><ele>0</ele><time>2026-10-07T11:54:22.829Z</time></trkpt><trkpt lat="46.04639" lon="-110.31957"><ele>0</ele><time>2026-10-07T11:54:22.829Z</time></trkpt><trkpt lat="46.04637" lon="-110.31965"><ele>0</ele><time>2026-10-07T11:54:22.829Z</time></trkpt><trkpt lat="46.04642" lon="-110.31962"><ele>0</ele><time>2026-10-07T11:54:22.829Z</time></trkpt><trkpt lat="46.04652" lon="-110.3196"><ele>0</ele><time>2026-10-07T11:54:22.829Z</time></trkpt><trkpt lat="46.04678" lon="-110.31963"><ele>0</ele><time>2026-10-07T11:54:22.829Z</time></trkpt><trkpt lat="46.04653" lon="-110.31997"><ele>0</ele><time>2026-10-07T11:54:22.829Z</time></trkpt><trkpt lat="46.0465" lon="-110.32009"><ele>0</ele><time>2026-10-07T11:54:22.829Z</time></trkpt><trkpt lat="46.04659" lon="-110.32011"><ele>0</ele><time>2026-10-07T11:54:22.829Z</time></trkpt><trkpt lat="46.04664" lon="-110.3202"><ele>0</ele><time>2026-10-07T11:54:22.829Z</time></trkpt><trkpt lat="46.04675" lon="-110.32026"><ele>0</ele><time>2026-10-07T11:54:22.829Z</time></trkpt><trkpt lat="46.04673" lon="-110.32037"><ele>0</ele><time>2026-10-07T11:54:22.829Z</time></trkpt><trkpt lat="46.04665" lon="-110.32042"><ele>0</ele><time>2026-10-07T11:54:22.829Z</time></trkpt><trkpt lat="46.04663" lon="-110.32056"><ele>0</ele><time>2026-10-07T11:54:22.829Z</time></trkpt><trkpt lat="46.04658" lon="-110.32061"><ele>0</ele><time>2026-10-07T11:54:22.829Z</time></trkpt><trkpt lat="46.04658" lon="-110.3207"><ele>0</ele><time>2026-10-07T11:54:22.829Z</time></trkpt><trkpt lat="46.04662" lon="-110.32076"><ele>0</ele><time>2026-10-07T11:54:22.829Z</time></trkpt><trkpt lat="46.04668" lon="-110.32078"><ele>0</ele><time>2026-10-07T11:54:22.829Z</time></trkpt><trkpt lat="46.04671" lon="-110.32087"><ele>0</ele><time>2026-10-07T11:54:22.829Z</time></trkpt><trkpt lat="46.04674" lon="-110.32112"><ele>0</ele><time>2026-10-07T11:54:22.829Z</time></trkpt><trkpt lat="46.04672" lon="-110.3213"><ele>0</ele><time>2026-10-07T11:54:22.829Z</time></trkpt><trkpt lat="46.04662" lon="-110.32154"><ele>0</ele><time>2026-10-07T11:54:22.829Z</time></trkpt><trkpt lat="46.04656" lon="-110.3218"><ele>0</ele><time>2026-10-07T11:54:22.829Z</time></trkpt><trkpt lat="46.04661" lon="-110.32201"><ele>0</ele><time>2026-10-07T11:54:22.829Z</time></trkpt><trkpt lat="46.04671" lon="-110.32214"><ele>0</ele><time>2026-10-07T11:54:22.829Z</time></trkpt><trkpt lat="46.04672" lon="-110.32231"><ele>0</ele><time>2026-10-07T11:54:22.829Z</time></trkpt><trkpt lat="46.04679" lon="-110.3224"><ele>0</ele><time>2026-10-07T11:54:22.829Z</time></trkpt><trkpt lat="46.04681" lon="-110.32246"><ele>0</ele><time>2026-10-07T11:54:22.829Z</time></trkpt><trkpt lat="46.04679" lon="-110.32268"><ele>0</ele><time>2026-10-07T11:54:22.829Z</time></trkpt><trkpt lat="46.04672" lon="-110.32269"><ele>0</ele><time>2026-10-07T11:54:22.829Z</time></trkpt><trkpt lat="46.04666" lon="-110.32286"><ele>0</ele><time>2026-10-07T11:54:22.829Z</time></trkpt><trkpt lat="46.04666" lon="-110.32301"><ele>0</ele><time>2026-10-07T11:54:22.829Z</time></trkpt><trkpt lat="46.04662" lon="-110.32307"><ele>0</ele><time>2026-10-07T11:54:22.829Z</time></trkpt><trkpt lat="46.04662" lon="-110.32316"><ele>0</ele><time>2026-10-07T11:54:22.829Z</time></trkpt><trkpt lat="46.04669" lon="-110.32333"><ele>0</ele><time>2026-10-07T11:54:22.829Z</time></trkpt><trkpt lat="46.04677" lon="-110.32333"><ele>0</ele><time>2026-10-07T11:54:22.829Z</time></trkpt><trkpt lat="46.0468" lon="-110.32348"><ele>0</ele><time>2026-10-07T11:54:22.829Z</time></trkpt><trkpt lat="46.04687" lon="-110.32348"><ele>0</ele><time>2026-10-07T11:54:22.829Z</time></trkpt><trkpt lat="46.0469" lon="-110.32342"><ele>0</ele><time>2026-10-07T11:54:22.829Z</time></trkpt><trkpt lat="46.04695" lon="-110.3234"><ele>0</ele><time>2026-10-07T11:54:22.829Z</time></trkpt><trkpt lat="46.04695" lon="-110.32346"><ele>0</ele><time>2026-10-07T11:54:22.829Z</time></trkpt><trkpt lat="46.047" lon="-110.3235"><ele>0</ele><time>2026-10-07T11:54:22.829Z</time></trkpt><trkpt lat="46.04699" lon="-110.32356"><ele>0</ele><time>2026-10-07T11:54:22.829Z</time></trkpt><trkpt lat="46.04702" lon="-110.32362"><ele>0</ele><time>2026-10-07T11:54:22.829Z</time></trkpt><trkpt lat="46.04707" lon="-110.32363"><ele>0</ele><time>2026-10-07T11:54:22.829Z</time></trkpt><trkpt lat="46.04709" lon="-110.32366"><ele>0</ele><time>2026-10-07T11:54:22.829Z</time></trkpt><trkpt lat="46.04699" lon="-110.32373"><ele>0</ele><time>2026-10-07T11:54:22.829Z</time></trkpt><trkpt lat="46.04693" lon="-110.32387"><ele>0</ele><time>2026-10-07T11:54:22.829Z</time></trkpt><trkpt lat="46.04691" lon="-110.32409"><ele>0</ele><time>2026-10-07T11:54:22.829Z</time></trkpt><trkpt lat="46.04687" lon="-110.32414"><ele>0</ele><time>2026-10-07T11:54:22.829Z</time></trkpt><trkpt lat="46.04693" lon="-110.32428"><ele>0</ele><time>2026-10-07T11:54:22.829Z</time></trkpt><trkpt lat="46.04698" lon="-110.32429"><ele>0</ele><time>2026-10-07T11:54:22.829Z</time></trkpt><trkpt lat="46.047" lon="-110.32444"><ele>0</ele><time>2026-10-07T11:54:22.829Z</time></trkpt><trkpt lat="46.04712" lon="-110.32445"><ele>0</ele><time>2026-10-07T11:54:22.829Z</time></trkpt><trkpt lat="46.04715" lon="-110.32451"><ele>0</ele><time>2026-10-07T11:54:22.829Z</time></trkpt><trkpt lat="46.04711" lon="-110.32457"><ele>0</ele><time>2026-10-07T11:54:22.829Z</time></trkpt><trkpt lat="46.04694" lon="-110.32463"><ele>0</ele><time>2026-10-07T11:54:22.829Z</time></trkpt><trkpt lat="46.04689" lon="-110.32476"><ele>0</ele><time>2026-10-07T11:54:22.829Z</time></trkpt><trkpt lat="46.04683" lon="-110.32474"><ele>0</ele><time>2026-10-07T11:54:22.829Z</time></trkpt><trkpt lat="46.04678" lon="-110.32481"><ele>0</ele><time>2026-10-07T11:54:22.829Z</time></trkpt><trkpt lat="46.04681" lon="-110.3249"><ele>0</ele><time>2026-10-07T11:54:22.829Z</time></trkpt><trkpt lat="46.04681" lon="-110.32504"><ele>0</ele><time>2026-10-07T11:54:22.829Z</time></trkpt><trkpt lat="46.04689" lon="-110.32521"><ele>0</ele><time>2026-10-07T11:54:22.829Z</time></trkpt><trkpt lat="46.04683" lon="-110.32539"><ele>0</ele><time>2026-10-07T11:54:22.829Z</time></trkpt><trkpt lat="46.04678" lon="-110.32543"><ele>0</ele><time>2026-10-07T11:54:22.829Z</time></trkpt><trkpt lat="46.04674" lon="-110.32541"><ele>0</ele><time>2026-10-07T11:54:22.829Z</time></trkpt><trkpt lat="46.04673" lon="-110.32554"><ele>0</ele><time>2026-10-07T11:54:22.829Z</time></trkpt><trkpt lat="46.04669" lon="-110.32551"><ele>0</ele><time>2026-10-07T11:54:22.829Z</time></trkpt><trkpt lat="46.04661" lon="-110.32552"><ele>0</ele><time>2026-10-07T11:54:22.829Z</time></trkpt><trkpt lat="46.04657" lon="-110.32563"><ele>0</ele><time>2026-10-07T11:54:22.829Z</time></trkpt><trkpt lat="46.04645" lon="-110.32571"><ele>0</ele><time>2026-10-07T11:54:22.829Z</time></trkpt><trkpt lat="46.04643" lon="-110.32579"><ele>0</ele><time>2026-10-07T11:54:22.829Z</time></trkpt><trkpt lat="46.04631" lon="-110.32589"><ele>0</ele><time>2026-10-07T11:54:22.829Z</time></trkpt><trkpt lat="46.04625" lon="-110.32612"><ele>0</ele><time>2026-10-07T11:54:22.829Z</time></trkpt><trkpt lat="46.04613" lon="-110.32625"><ele>0</ele><time>2026-10-07T11:54:22.829Z</time></trkpt><trkpt lat="46.04607" lon="-110.32636"><ele>0</ele><time>2026-10-07T11:54:22.829Z</time></trkpt><trkpt lat="46.04606" lon="-110.32654"><ele>0</ele><time>2026-10-07T11:54:22.829Z</time></trkpt><trkpt lat="46.04625" lon="-110.32658"><ele>0</ele><time>2026-10-07T11:54:22.829Z</time></trkpt><trkpt lat="46.04642" lon="-110.32654"><ele>0</ele><time>2026-10-07T11:54:22.829Z</time></trkpt><trkpt lat="46.04646" lon="-110.32655"><ele>0</ele><time>2026-10-07T11:54:22.829Z</time></trkpt><trkpt lat="46.04655" lon="-110.32664"><ele>0</ele><time>2026-10-07T11:54:22.829Z</time></trkpt><trkpt lat="46.04661" lon="-110.32663"><ele>0</ele><time>2026-10-07T11:54:22.829Z</time></trkpt><trkpt lat="46.04674" lon="-110.32667"><ele>0</ele><time>2026-10-07T11:54:22.829Z</time></trkpt><trkpt lat="46.04678" lon="-110.32664"><ele>0</ele><time>2026-10-07T11:54:22.829Z</time></trkpt><trkpt lat="46.04684" lon="-110.32648"><ele>0</ele><time>2026-10-07T11:54:22.829Z</time></trkpt><trkpt lat="46.04691" lon="-110.32645"><ele>0</ele><time>2026-10-07T11:54:22.829Z</time></trkpt><trkpt lat="46.04708" lon="-110.32653"><ele>0</ele><time>2026-10-07T11:54:22.829Z</time></trkpt><trkpt lat="46.04712" lon="-110.3266"><ele>0</ele><time>2026-10-07T11:54:22.829Z</time></trkpt><trkpt lat="46.04719" lon="-110.32658"><ele>0</ele><time>2026-10-07T11:54:22.829Z</time></trkpt><trkpt lat="46.04725" lon="-110.32668"><ele>0</ele><time>2026-10-07T11:54:22.829Z</time></trkpt><trkpt lat="46.04745" lon="-110.32674"><ele>0</ele><time>2026-10-07T11:54:22.829Z</time></trkpt><trkpt lat="46.04753" lon="-110.32685"><ele>0</ele><time>2026-10-07T11:54:22.829Z</time></trkpt><trkpt lat="46.04758" lon="-110.32686"><ele>0</ele><time>2026-10-07T11:54:22.829Z</time></trkpt><trkpt lat="46.04762" lon="-110.32681"><ele>0</ele><time>2026-10-07T11:54:22.829Z</time></trkpt><trkpt lat="46.04771" lon="-110.32695"><ele>0</ele><time>2026-10-07T11:54:22.829Z</time></trkpt><trkpt lat="46.04779" lon="-110.3269"><ele>0</ele><time>2026-10-07T11:54:22.829Z</time></trkpt><trkpt lat="46.04786" lon="-110.32668"><ele>0</ele><time>2026-10-07T11:54:22.829Z</time></trkpt><trkpt lat="46.04787" lon="-110.32652"><ele>0</ele><time>2026-10-07T11:54:22.829Z</time></trkpt><trkpt lat="46.04794" lon="-110.32645"><ele>0</ele><time>2026-10-07T11:54:22.829Z</time></trkpt><trkpt lat="46.04801" lon="-110.32631"><ele>0</ele><time>2026-10-07T11:54:22.829Z</time></trkpt><trkpt lat="46.04813" lon="-110.3263"><ele>0</ele><time>2026-10-07T11:54:22.829Z</time></trkpt><trkpt lat="46.04817" lon="-110.32626"><ele>0</ele><time>2026-10-07T11:54:22.829Z</time></trkpt><trkpt lat="46.0483" lon="-110.32621"><ele>0</ele><time>2026-10-07T11:54:22.829Z</time></trkpt><trkpt lat="46.04834" lon="-110.32625"><ele>0</ele><time>2026-10-07T11:54:22.829Z</time></trkpt><trkpt lat="46.04837" lon="-110.32636"><ele>0</ele><time>2026-10-07T11:54:22.829Z</time></trkpt><trkpt lat="46.0484" lon="-110.32639"><ele>0</ele><time>2026-10-07T11:54:22.829Z</time></trkpt><trkpt lat="46.04843" lon="-110.32648"><ele>0</ele><time>2026-10-07T11:54:22.829Z</time></trkpt><trkpt lat="46.04844" lon="-110.32661"><ele>0</ele><time>2026-10-07T11:54:22.829Z</time></trkpt><trkpt lat="46.0484" lon="-110.32693"><ele>0</ele><time>2026-10-07T11:54:22.829Z</time></trkpt><trkpt lat="46.04846" lon="-110.32718"><ele>0</ele><time>2026-10-07T11:54:22.829Z</time></trkpt><trkpt lat="46.0485" lon="-110.3275"><ele>0</ele><time>2026-10-07T11:54:22.829Z</time></trkpt><trkpt lat="46.04854" lon="-110.3276"><ele>0</ele><time>2026-10-07T11:54:22.829Z</time></trkpt><trkpt lat="46.0486" lon="-110.32746"><ele>0</ele><time>2026-10-07T11:54:22.829Z</time></trkpt><trkpt lat="46.0487" lon="-110.32735"><ele>0</ele><time>2026-10-07T11:54:22.829Z</time></trkpt><trkpt lat="46.04874" lon="-110.32764"><ele>0</ele><time>2026-10-07T11:54:22.829Z</time></trkpt><trkpt lat="46.04876" lon="-110.32764"><ele>0</ele><time>2026-10-07T11:54:22.829Z</time></trkpt><trkpt lat="46.04885" lon="-110.32745"><ele>0</ele><time>2026-10-07T11:54:22.829Z</time></trkpt><trkpt lat="46.04892" lon="-110.32734"><ele>0</ele><time>2026-10-07T11:54:22.829Z</time></trkpt><trkpt lat="46.04895" lon="-110.32733"><ele>0</ele><time>2026-10-07T11:54:22.829Z</time></trkpt><trkpt lat="46.04904" lon="-110.32763"><ele>0</ele><time>2026-10-07T11:54:22.829Z</time></trkpt><trkpt lat="46.04917" lon="-110.3278"><ele>0</ele><time>2026-10-07T11:54:22.829Z</time></trkpt><trkpt lat="46.04929" lon="-110.32746"><ele>0</ele><time>2026-10-07T11:54:22.829Z</time></trkpt><trkpt lat="46.04933" lon="-110.32725"><ele>0</ele><time>2026-10-07T11:54:22.829Z</time></trkpt><trkpt lat="46.04939" lon="-110.32707"><ele>0</ele><time>2026-10-07T11:54:22.829Z</time></trkpt><trkpt lat="46.04974" lon="-110.32789"><ele>0</ele><time>2026-10-07T11:54:22.829Z</time></trkpt><trkpt lat="46.04976" lon="-110.32789"><ele>0</ele><time>2026-10-07T11:54:22.829Z</time></trkpt><trkpt lat="46.04984" lon="-110.32768"><ele>0</ele><time>2026-10-07T11:54:22.829Z</time></trkpt><trkpt lat="46.04994" lon="-110.32782"><ele>0</ele><time>2026-10-07T11:54:22.829Z</time></trkpt><trkpt lat="46.05003" lon="-110.32787"><ele>0</ele><time>2026-10-07T11:54:22.829Z</time></trkpt><trkpt lat="46.05008" lon="-110.32765"><ele>0</ele><time>2026-10-07T11:54:22.829Z</time></trkpt><trkpt lat="46.05009" lon="-110.32751"><ele>0</ele><time>2026-10-07T11:54:22.829Z</time></trkpt><trkpt lat="46.05015" lon="-110.32746"><ele>0</ele><time>2026-10-07T11:54:22.829Z</time></trkpt><trkpt lat="46.05022" lon="-110.32746"><ele>0</ele><time>2026-10-07T11:54:22.829Z</time></trkpt><trkpt lat="46.05044" lon="-110.32774"><ele>0</ele><time>2026-10-07T11:54:22.829Z</time></trkpt><trkpt lat="46.05063" lon="-110.32763"><ele>0</ele><time>2026-10-07T11:54:22.829Z</time></trkpt><trkpt lat="46.05069" lon="-110.32763"><ele>0</ele><time>2026-10-07T11:54:22.829Z</time></trkpt><trkpt lat="46.05078" lon="-110.32753"><ele>0</ele><time>2026-10-07T11:54:22.829Z</time></trkpt><trkpt lat="46.05085" lon="-110.32752"><ele>0</ele><time>2026-10-07T11:54:22.829Z</time></trkpt><trkpt lat="46.05086" lon="-110.32761"><ele>0</ele><time>2026-10-07T11:54:22.829Z</time></trkpt><trkpt lat="46.05081" lon="-110.32769"><ele>0</ele><time>2026-10-07T11:54:22.829Z</time></trkpt><trkpt lat="46.05089" lon="-110.32772"><ele>0</ele><time>2026-10-07T11:54:22.829Z</time></trkpt><trkpt lat="46.05093" lon="-110.32771"><ele>0</ele><time>2026-10-07T11:54:22.829Z</time></trkpt><trkpt lat="46.05096" lon="-110.32764"><ele>0</ele><time>2026-10-07T11:54:22.829Z</time></trkpt><trkpt lat="46.05103" lon="-110.32758"><ele>0</ele><time>2026-10-07T11:54:22.829Z</time></trkpt><trkpt lat="46.05109" lon="-110.3276"><ele>0</ele><time>2026-10-07T11:54:22.829Z</time></trkpt><trkpt lat="46.05113" lon="-110.32772"><ele>0</ele><time>2026-10-07T11:54:22.829Z</time></trkpt><trkpt lat="46.05135" lon="-110.32763"><ele>0</ele><time>2026-10-07T11:54:22.829Z</time></trkpt><trkpt lat="46.05138" lon="-110.32789"><ele>0</ele><time>2026-10-07T11:54:22.829Z</time></trkpt><trkpt lat="46.05137" lon="-110.32807"><ele>0</ele><time>2026-10-07T11:54:22.829Z</time></trkpt><trkpt lat="46.05129" lon="-110.32828"><ele>0</ele><time>2026-10-07T11:54:22.829Z</time></trkpt><trkpt lat="46.05109" lon="-110.32844"><ele>0</ele><time>2026-10-07T11:54:22.829Z</time></trkpt><trkpt lat="46.05102" lon="-110.32858"><ele>0</ele><time>2026-10-07T11:54:22.829Z</time></trkpt><trkpt lat="46.05092" lon="-110.32959"><ele>0</ele><time>2026-10-07T11:54:22.829Z</time></trkpt><trkpt lat="46.05095" lon="-110.32959"><ele>0</ele><time>2026-10-07T11:54:22.829Z</time></trkpt><trkpt lat="46.051" lon="-110.32948"><ele>0</ele><time>2026-10-07T11:54:22.829Z</time></trkpt><trkpt lat="46.05112" lon="-110.32934"><ele>0</ele><time>2026-10-07T11:54:22.829Z</time></trkpt><trkpt lat="46.05115" lon="-110.32923"><ele>0</ele><time>2026-10-07T11:54:22.829Z</time></trkpt><trkpt lat="46.05139" lon="-110.32894"><ele>0</ele><time>2026-10-07T11:54:22.829Z</time></trkpt><trkpt lat="46.05144" lon="-110.32892"><ele>0</ele><time>2026-10-07T11:54:22.829Z</time></trkpt><trkpt lat="46.05145" lon="-110.32895"><ele>0</ele><time>2026-10-07T11:54:22.829Z</time></trkpt><trkpt lat="46.0514" lon="-110.32909"><ele>0</ele><time>2026-10-07T11:54:22.829Z</time></trkpt><trkpt lat="46.05139" lon="-110.32927"><ele>0</ele><time>2026-10-07T11:54:22.829Z</time></trkpt><trkpt lat="46.05115" lon="-110.32994"><ele>0</ele><time>2026-10-07T11:54:22.829Z</time></trkpt><trkpt lat="46.05115" lon="-110.33001"><ele>0</ele><time>2026-10-07T11:54:22.829Z</time></trkpt><trkpt lat="46.05102" lon="-110.33038"><ele>0</ele><time>2026-10-07T11:54:22.829Z</time></trkpt><trkpt lat="46.05097" lon="-110.33064"><ele>0</ele><time>2026-10-07T11:54:22.829Z</time></trkpt><trkpt lat="46.05088" lon="-110.3309"><ele>0</ele><time>2026-10-07T11:54:22.829Z</time></trkpt><trkpt lat="46.05085" lon="-110.3311"><ele>0</ele><time>2026-10-07T11:54:22.829Z</time></trkpt><trkpt lat="46.05067" lon="-110.33146"><ele>0</ele><time>2026-10-07T11:54:22.829Z</time></trkpt><trkpt lat="46.0505" lon="-110.33191"><ele>0</ele><time>2026-10-07T11:54:22.829Z</time></trkpt><trkpt lat="46.05041" lon="-110.33223"><ele>0</ele><time>2026-10-07T11:54:22.829Z</time></trkpt><trkpt lat="46.05053" lon="-110.33216"><ele>0</ele><time>2026-10-07T11:54:22.829Z</time></trkpt><trkpt lat="46.05065" lon="-110.33203"><ele>0</ele><time>2026-10-07T11:54:22.829Z</time></trkpt><trkpt lat="46.05083" lon="-110.33175"><ele>0</ele><time>2026-10-07T11:54:22.829Z</time></trkpt><trkpt lat="46.05089" lon="-110.33171"><ele>0</ele><time>2026-10-07T11:54:22.829Z</time></trkpt><trkpt lat="46.05089" lon="-110.33199"><ele>0</ele><time>2026-10-07T11:54:22.829Z</time></trkpt><trkpt lat="46.05085" lon="-110.33206"><ele>0</ele><time>2026-10-07T11:54:22.829Z</time></trkpt><trkpt lat="46.05077" lon="-110.33242"><ele>0</ele><time>2026-10-07T11:54:22.829Z</time></trkpt><trkpt lat="46.05065" lon="-110.33265"><ele>0</ele><time>2026-10-07T11:54:22.829Z</time></trkpt><trkpt lat="46.05041" lon="-110.33276"><ele>0</ele><time>2026-10-07T11:54:22.829Z</time></trkpt><trkpt lat="46.0502" lon="-110.33309"><ele>0</ele><time>2026-10-07T11:54:22.829Z</time></trkpt><trkpt lat="46.05027" lon="-110.33333"><ele>0</ele><time>2026-10-07T11:54:22.829Z</time></trkpt><trkpt lat="46.05013" lon="-110.33331"><ele>0</ele><time>2026-10-07T11:54:22.829Z</time></trkpt><trkpt lat="46.05012" lon="-110.33334"><ele>0</ele><time>2026-10-07T11:54:22.829Z</time></trkpt><trkpt lat="46.05049" lon="-110.33407"><ele>0</ele><time>2026-10-07T11:54:22.829Z</time></trkpt><trkpt lat="46.05061" lon="-110.33421"><ele>0</ele><time>2026-10-07T11:54:22.829Z</time></trkpt><trkpt lat="46.05064" lon="-110.33427"><ele>0</ele><time>2026-10-07T11:54:22.829Z</time></trkpt><trkpt lat="46.05057" lon="-110.33427"><ele>0</ele><time>2026-10-07T11:54:22.829Z</time></trkpt><trkpt lat="46.05047" lon="-110.33421"><ele>0</ele><time>2026-10-07T11:54:22.829Z</time></trkpt><trkpt lat="46.05024" lon="-110.33413"><ele>0</ele><time>2026-10-07T11:54:22.829Z</time></trkpt><trkpt lat="46.05008" lon="-110.33401"><ele>0</ele><time>2026-10-07T11:54:22.829Z</time></trkpt><trkpt lat="46.0499" lon="-110.33399"><ele>0</ele><time>2026-10-07T11:54:22.829Z</time></trkpt><trkpt lat="46.04965" lon="-110.33385"><ele>0</ele><time>2026-10-07T11:54:22.829Z</time></trkpt><trkpt lat="46.04943" lon="-110.33378"><ele>0</ele><time>2026-10-07T11:54:22.829Z</time></trkpt><trkpt lat="46.04929" lon="-110.33378"><ele>0</ele><time>2026-10-07T11:54:22.829Z</time></trkpt><trkpt lat="46.04937" lon="-110.33386"><ele>0</ele><time>2026-10-07T11:54:22.829Z</time></trkpt><trkpt lat="46.04943" lon="-110.33402"><ele>0</ele><time>2026-10-07T11:54:22.829Z</time></trkpt><trkpt lat="46.04972" lon="-110.33447"><ele>0</ele><time>2026-10-07T11:54:22.829Z</time></trkpt><trkpt lat="46.04992" lon="-110.33473"><ele>0</ele><time>2026-10-07T11:54:22.829Z</time></trkpt><trkpt lat="46.05005" lon="-110.33485"><ele>0</ele><time>2026-10-07T11:54:22.829Z</time></trkpt><trkpt lat="46.05046" lon="-110.33532"><ele>0</ele><time>2026-10-07T11:54:22.829Z</time></trkpt><trkpt lat="46.05028" lon="-110.33532"><ele>0</ele><time>2026-10-07T11:54:22.829Z</time></trkpt><trkpt lat="46.05014" lon="-110.33525"><ele>0</ele><time>2026-10-07T11:54:22.829Z</time></trkpt><trkpt lat="46.04989" lon="-110.33523"><ele>0</ele><time>2026-10-07T11:54:22.829Z</time></trkpt><trkpt lat="46.0501" lon="-110.3355"><ele>0</ele><time>2026-10-07T11:54:22.829Z</time></trkpt><trkpt lat="46.04977" lon="-110.33551"><ele>0</ele><time>2026-10-07T11:54:22.829Z</time></trkpt><trkpt lat="46.04996" lon="-110.33574"><ele>0</ele><time>2026-10-07T11:54:22.829Z</time></trkpt><trkpt lat="46.04994" lon="-110.33576"><ele>0</ele><time>2026-10-07T11:54:22.829Z</time></trkpt><trkpt lat="46.04955" lon="-110.33565"><ele>0</ele><time>2026-10-07T11:54:22.829Z</time></trkpt><trkpt lat="46.04943" lon="-110.33557"><ele>0</ele><time>2026-10-07T11:54:22.829Z</time></trkpt><trkpt lat="46.04918" lon="-110.33536"><ele>0</ele><time>2026-10-07T11:54:22.829Z</time></trkpt><trkpt lat="46.04879" lon="-110.33519"><ele>0</ele><time>2026-10-07T11:54:22.829Z</time></trkpt><trkpt lat="46.04849" lon="-110.33517"><ele>0</ele><time>2026-10-07T11:54:22.829Z</time></trkpt><trkpt lat="46.04832" lon="-110.33508"><ele>0</ele><time>2026-10-07T11:54:22.829Z</time></trkpt><trkpt lat="46.04814" lon="-110.33511"><ele>0</ele><time>2026-10-07T11:54:22.829Z</time></trkpt><trkpt lat="46.04816" lon="-110.33515"><ele>0</ele><time>2026-10-07T11:54:22.829Z</time></trkpt><trkpt lat="46.04824" lon="-110.33517"><ele>0</ele><time>2026-10-07T11:54:22.829Z</time></trkpt><trkpt lat="46.0483" lon="-110.33522"><ele>0</ele><time>2026-10-07T11:54:22.829Z</time></trkpt><trkpt lat="46.04838" lon="-110.33537"><ele>0</ele><time>2026-10-07T11:54:22.829Z</time></trkpt><trkpt lat="46.04855" lon="-110.3355"><ele>0</ele><time>2026-10-07T11:54:22.829Z</time></trkpt><trkpt lat="46.0489" lon="-110.33591"><ele>0</ele><time>2026-10-07T11:54:22.829Z</time></trkpt><trkpt lat="46.0489" lon="-110.33593"><ele>0</ele><time>2026-10-07T11:54:22.829Z</time></trkpt><trkpt lat="46.04888" lon="-110.33593"><ele>0</ele><time>2026-10-07T11:54:22.829Z</time></trkpt><trkpt lat="46.04867" lon="-110.33581"><ele>0</ele><time>2026-10-07T11:54:22.829Z</time></trkpt><trkpt lat="46.04845" lon="-110.33577"><ele>0</ele><time>2026-10-07T11:54:22.829Z</time></trkpt><trkpt lat="46.04869" lon="-110.33625"><ele>0</ele><time>2026-10-07T11:54:22.829Z</time></trkpt><trkpt lat="46.04887" lon="-110.33655"><ele>0</ele><time>2026-10-07T11:54:22.829Z</time></trkpt><trkpt lat="46.04906" lon="-110.33676"><ele>0</ele><time>2026-10-07T11:54:22.829Z</time></trkpt><trkpt lat="46.04915" lon="-110.33679"><ele>0</ele><time>2026-10-07T11:54:22.829Z</time></trkpt><trkpt lat="46.04917" lon="-110.33683"><ele>0</ele><time>2026-10-07T11:54:22.829Z</time></trkpt><trkpt lat="46.04899" lon="-110.33685"><ele>0</ele><time>2026-10-07T11:54:22.829Z</time></trkpt><trkpt lat="46.04812" lon="-110.33676"><ele>0</ele><time>2026-10-07T11:54:22.829Z</time></trkpt><trkpt lat="46.0478" lon="-110.33681"><ele>0</ele><time>2026-10-07T11:54:22.829Z</time></trkpt><trkpt lat="46.04781" lon="-110.33691"><ele>0</ele><time>2026-10-07T11:54:22.829Z</time></trkpt><trkpt lat="46.04805" lon="-110.33732"><ele>0</ele><time>2026-10-07T11:54:22.829Z</time></trkpt><trkpt lat="46.04829" lon="-110.33753"><ele>0</ele><time>2026-10-07T11:54:22.829Z</time></trkpt><trkpt lat="46.04819" lon="-110.33761"><ele>0</ele><time>2026-10-07T11:54:22.829Z</time></trkpt><trkpt lat="46.04812" lon="-110.3377"><ele>0</ele><time>2026-10-07T11:54:22.829Z</time></trkpt><trkpt lat="46.04798" lon="-110.3378"><ele>0</ele><time>2026-10-07T11:54:22.829Z</time></trkpt><trkpt lat="46.04795" lon="-110.33786"><ele>0</ele><time>2026-10-07T11:54:22.829Z</time></trkpt><trkpt lat="46.04801" lon="-110.33804"><ele>0</ele><time>2026-10-07T11:54:22.829Z</time></trkpt><trkpt lat="46.04845" lon="-110.3383"><ele>0</ele><time>2026-10-07T11:54:22.829Z</time></trkpt><trkpt lat="46.0485" lon="-110.3386"><ele>0</ele><time>2026-10-07T11:54:22.829Z</time></trkpt><trkpt lat="46.04856" lon="-110.33866"><ele>0</ele><time>2026-10-07T11:54:22.829Z</time></trkpt><trkpt lat="46.04872" lon="-110.33896"><ele>0</ele><time>2026-10-07T11:54:22.829Z</time></trkpt><trkpt lat="46.04886" lon="-110.33915"><ele>0</ele><time>2026-10-07T11:54:22.829Z</time></trkpt><trkpt lat="46.04895" lon="-110.33914"><ele>0</ele><time>2026-10-07T11:54:22.829Z</time></trkpt><trkpt lat="46.04905" lon="-110.33925"><ele>0</ele><time>2026-10-07T11:54:22.829Z</time></trkpt><trkpt lat="46.04914" lon="-110.33922"><ele>0</ele><time>2026-10-07T11:54:22.829Z</time></trkpt><trkpt lat="46.0493" lon="-110.33942"><ele>0</ele><time>2026-10-07T11:54:22.829Z</time></trkpt><trkpt lat="46.04925" lon="-110.33954"><ele>0</ele><time>2026-10-07T11:54:22.829Z</time></trkpt><trkpt lat="46.04927" lon="-110.33967"><ele>0</ele><time>2026-10-07T11:54:22.829Z</time></trkpt><trkpt lat="46.04925" lon="-110.3398"><ele>0</ele><time>2026-10-07T11:54:22.829Z</time></trkpt><trkpt lat="46.04919" lon="-110.33995"><ele>0</ele><time>2026-10-07T11:54:22.829Z</time></trkpt><trkpt lat="46.04911" lon="-110.34003"><ele>0</ele><time>2026-10-07T11:54:22.829Z</time></trkpt><trkpt lat="46.04901" lon="-110.34025"><ele>0</ele><time>2026-10-07T11:54:22.829Z</time></trkpt><trkpt lat="46.04892" lon="-110.34047"><ele>0</ele><time>2026-10-07T11:54:22.829Z</time></trkpt><trkpt lat="46.04893" lon="-110.34052"><ele>0</ele><time>2026-10-07T11:54:22.829Z</time></trkpt><trkpt lat="46.04901" lon="-110.34056"><ele>0</ele><time>2026-10-07T11:54:22.829Z</time></trkpt><trkpt lat="46.04913" lon="-110.34044"><ele>0</ele><time>2026-10-07T11:54:22.829Z</time></trkpt><trkpt lat="46.04922" lon="-110.34039"><ele>0</ele><time>2026-10-07T11:54:22.829Z</time></trkpt><trkpt lat="46.04925" lon="-110.34041"><ele>0</ele><time>2026-10-07T11:54:22.829Z</time></trkpt><trkpt lat="46.0492" lon="-110.34051"><ele>0</ele><time>2026-10-07T11:54:22.829Z</time></trkpt><trkpt lat="46.04933" lon="-110.34045"><ele>0</ele><time>2026-10-07T11:54:22.829Z</time></trkpt><trkpt lat="46.04943" lon="-110.34045"><ele>0</ele><time>2026-10-07T11:54:22.829Z</time></trkpt><trkpt lat="46.04948" lon="-110.34042"><ele>0</ele><time>2026-10-07T11:54:22.829Z</time></trkpt><trkpt lat="46.04966" lon="-110.34042"><ele>0</ele><time>2026-10-07T11:54:22.829Z</time></trkpt><trkpt lat="46.04983" lon="-110.34037"><ele>0</ele><time>2026-10-07T11:54:22.829Z</time></trkpt><trkpt lat="46.04985" lon="-110.34042"><ele>0</ele><time>2026-10-07T11:54:22.829Z</time></trkpt><trkpt lat="46.04982" lon="-110.34048"><ele>0</ele><time>2026-10-07T11:54:22.829Z</time></trkpt><trkpt lat="46.04955" lon="-110.34081"><ele>0</ele><time>2026-10-07T11:54:22.829Z</time></trkpt><trkpt lat="46.04955" lon="-110.34083"><ele>0</ele><time>2026-10-07T11:54:22.829Z</time></trkpt><trkpt lat="46.04972" lon="-110.34086"><ele>0</ele><time>2026-10-07T11:54:22.829Z</time></trkpt><trkpt lat="46.04984" lon="-110.34084"><ele>0</ele><time>2026-10-07T11:54:22.829Z</time></trkpt><trkpt lat="46.04986" lon="-110.34085"><ele>0</ele><time>2026-10-07T11:54:22.829Z</time></trkpt><trkpt lat="46.04978" lon="-110.34094"><ele>0</ele><time>2026-10-07T11:54:22.829Z</time></trkpt><trkpt lat="46.04978" lon="-110.34098"><ele>0</ele><time>2026-10-07T11:54:22.829Z</time></trkpt><trkpt lat="46.04995" lon="-110.34095"><ele>0</ele><time>2026-10-07T11:54:22.829Z</time></trkpt><trkpt lat="46.04988" lon="-110.34111"><ele>0</ele><time>2026-10-07T11:54:22.829Z</time></trkpt><trkpt lat="46.04941" lon="-110.34161"><ele>0</ele><time>2026-10-07T11:54:22.829Z</time></trkpt><trkpt lat="46.04926" lon="-110.34173"><ele>0</ele><time>2026-10-07T11:54:22.829Z</time></trkpt><trkpt lat="46.04917" lon="-110.34186"><ele>0</ele><time>2026-10-07T11:54:22.829Z</time></trkpt><trkpt lat="46.049" lon="-110.34195"><ele>0</ele><time>2026-10-07T11:54:22.829Z</time></trkpt><trkpt lat="46.04879" lon="-110.34194"><ele>0</ele><time>2026-10-07T11:54:22.829Z</time></trkpt><trkpt lat="46.0487" lon="-110.34197"><ele>0</ele><time>2026-10-07T11:54:22.829Z</time></trkpt><trkpt lat="46.04858" lon="-110.34193"><ele>0</ele><time>2026-10-07T11:54:22.829Z</time></trkpt><trkpt lat="46.04858" lon="-110.34195"><ele>0</ele><time>2026-10-07T11:54:22.829Z</time></trkpt><trkpt lat="46.04869" lon="-110.34211"><ele>0</ele><time>2026-10-07T11:54:22.829Z</time></trkpt><trkpt lat="46.04873" lon="-110.34232"><ele>0</ele><time>2026-10-07T11:54:22.829Z</time></trkpt><trkpt lat="46.04897" lon="-110.34268"><ele>0</ele><time>2026-10-07T11:54:22.829Z</time></trkpt><trkpt lat="46.04911" lon="-110.34281"><ele>0</ele><time>2026-10-07T11:54:22.829Z</time></trkpt><trkpt lat="46.04927" lon="-110.34287"><ele>0</ele><time>2026-10-07T11:54:22.829Z</time></trkpt><trkpt lat="46.04951" lon="-110.3428"><ele>0</ele><time>2026-10-07T11:54:22.829Z</time></trkpt><trkpt lat="46.04948" lon="-110.34302"><ele>0</ele><time>2026-10-07T11:54:22.829Z</time></trkpt><trkpt lat="46.04967" lon="-110.34298"><ele>0</ele><time>2026-10-07T11:54:22.829Z</time></trkpt><trkpt lat="46.04997" lon="-110.34282"><ele>0</ele><time>2026-10-07T11:54:22.829Z</time></trkpt><trkpt lat="46.05022" lon="-110.34264"><ele>0</ele><time>2026-10-07T11:54:22.829Z</time></trkpt><trkpt lat="46.05038" lon="-110.34263"><ele>0</ele><time>2026-10-07T11:54:22.829Z</time></trkpt><trkpt lat="46.05045" lon="-110.34268"><ele>0</ele><time>2026-10-07T11:54:22.829Z</time></trkpt><trkpt lat="46.05075" lon="-110.34265"><ele>0</ele><time>2026-10-07T11:54:22.829Z</time></trkpt><trkpt lat="46.05088" lon="-110.34276"><ele>0</ele><time>2026-10-07T11:54:22.829Z</time></trkpt><trkpt lat="46.05094" lon="-110.34294"><ele>0</ele><time>2026-10-07T11:54:22.829Z</time></trkpt><trkpt lat="46.051" lon="-110.34297"><ele>0</ele><time>2026-10-07T11:54:22.829Z</time></trkpt><trkpt lat="46.05114" lon="-110.34315"><ele>0</ele><time>2026-10-07T11:54:22.829Z</time></trkpt><trkpt lat="46.0513" lon="-110.34326"><ele>0</ele><time>2026-10-07T11:54:22.829Z</time></trkpt><trkpt lat="46.05156" lon="-110.34351"><ele>0</ele><time>2026-10-07T11:54:22.829Z</time></trkpt><trkpt lat="46.0517" lon="-110.34354"><ele>0</ele><time>2026-10-07T11:54:22.829Z</time></trkpt><trkpt lat="46.05186" lon="-110.34351"><ele>0</ele><time>2026-10-07T11:54:22.829Z</time></trkpt><trkpt lat="46.05205" lon="-110.34353"><ele>0</ele><time>2026-10-07T11:54:22.829Z</time></trkpt><trkpt lat="46.05224" lon="-110.34366"><ele>0</ele><time>2026-10-07T11:54:22.829Z</time></trkpt><trkpt lat="46.05234" lon="-110.34378"><ele>0</ele><time>2026-10-07T11:54:22.829Z</time></trkpt><trkpt lat="46.05268" lon="-110.34434"><ele>0</ele><time>2026-10-07T11:54:22.829Z</time></trkpt><trkpt lat="46.05277" lon="-110.3444"><ele>0</ele><time>2026-10-07T11:54:22.829Z</time></trkpt><trkpt lat="46.0531" lon="-110.34449"><ele>0</ele><time>2026-10-07T11:54:22.829Z</time></trkpt><trkpt lat="46.0533" lon="-110.34449"><ele>0</ele><time>2026-10-07T11:54:22.829Z</time></trkpt><trkpt lat="46.05334" lon="-110.34454"><ele>0</ele><time>2026-10-07T11:54:22.829Z</time></trkpt><trkpt lat="46.05352" lon="-110.34463"><ele>0</ele><time>2026-10-07T11:54:22.829Z</time></trkpt><trkpt lat="46.05374" lon="-110.34482"><ele>0</ele><time>2026-10-07T11:54:22.829Z</time></trkpt><trkpt lat="46.05387" lon="-110.34499"><ele>0</ele><time>2026-10-07T11:54:22.829Z</time></trkpt><trkpt lat="46.054" lon="-110.3451"><ele>0</ele><time>2026-10-07T11:54:22.829Z</time></trkpt><trkpt lat="46.05423" lon="-110.34513"><ele>0</ele><time>2026-10-07T11:54:22.829Z</time></trkpt><trkpt lat="46.05436" lon="-110.34523"><ele>0</ele><time>2026-10-07T11:54:22.829Z</time></trkpt><trkpt lat="46.05457" lon="-110.34557"><ele>0</ele><time>2026-10-07T11:54:22.829Z</time></trkpt><trkpt lat="46.05471" lon="-110.34571"><ele>0</ele><time>2026-10-07T11:54:22.829Z</time></trkpt><trkpt lat="46.05487" lon="-110.34596"><ele>0</ele><time>2026-10-07T11:54:22.829Z</time></trkpt><trkpt lat="46.05497" lon="-110.34607"><ele>0</ele><time>2026-10-07T11:54:22.829Z</time></trkpt><trkpt lat="46.055" lon="-110.34621"><ele>0</ele><time>2026-10-07T11:54:22.829Z</time></trkpt><trkpt lat="46.05505" lon="-110.34628"><ele>0</ele><time>2026-10-07T11:54:22.829Z</time></trkpt><trkpt lat="46.05518" lon="-110.34644"><ele>0</ele><time>2026-10-07T11:54:22.829Z</time></trkpt><trkpt lat="46.05539" lon="-110.34657"><ele>0</ele><time>2026-10-07T11:54:22.829Z</time></trkpt><trkpt lat="46.05554" lon="-110.34718"><ele>0</ele><time>2026-10-07T11:54:22.829Z</time></trkpt><trkpt lat="46.05571" lon="-110.34736"><ele>0</ele><time>2026-10-07T11:54:22.829Z</time></trkpt><trkpt lat="46.0557" lon="-110.34739"><ele>0</ele><time>2026-10-07T11:54:22.829Z</time></trkpt><trkpt lat="46.0556" lon="-110.34744"><ele>0</ele><time>2026-10-07T11:54:22.829Z</time></trkpt><trkpt lat="46.0556" lon="-110.34747"><ele>0</ele><time>2026-10-07T11:54:22.829Z</time></trkpt><trkpt lat="46.05578" lon="-110.34767"><ele>0</ele><time>2026-10-07T11:54:22.829Z</time></trkpt><trkpt lat="46.05579" lon="-110.34771"><ele>0</ele><time>2026-10-07T11:54:22.829Z</time></trkpt><trkpt lat="46.05575" lon="-110.34783"><ele>0</ele><time>2026-10-07T11:54:22.829Z</time></trkpt><trkpt lat="46.05584" lon="-110.34792"><ele>0</ele><time>2026-10-07T11:54:22.829Z</time></trkpt><trkpt lat="46.05586" lon="-110.34816"><ele>0</ele><time>2026-10-07T11:54:22.829Z</time></trkpt><trkpt lat="46.05599" lon="-110.34838"><ele>0</ele><time>2026-10-07T11:54:22.829Z</time></trkpt><trkpt lat="46.05621" lon="-110.34859"><ele>0</ele><time>2026-10-07T11:54:22.829Z</time></trkpt><trkpt lat="46.05623" lon="-110.34869"><ele>0</ele><time>2026-10-07T11:54:22.829Z</time></trkpt><trkpt lat="46.05622" lon="-110.34876"><ele>0</ele><time>2026-10-07T11:54:22.829Z</time></trkpt><trkpt lat="46.05618" lon="-110.3488"><ele>0</ele><time>2026-10-07T11:54:22.829Z</time></trkpt><trkpt lat="46.05592" lon="-110.34876"><ele>0</ele><time>2026-10-07T11:54:22.829Z</time></trkpt><trkpt lat="46.05582" lon="-110.34884"><ele>0</ele><time>2026-10-07T11:54:22.829Z</time></trkpt><trkpt lat="46.0557" lon="-110.34884"><ele>0</ele><time>2026-10-07T11:54:22.829Z</time></trkpt><trkpt lat="46.05562" lon="-110.34898"><ele>0</ele><time>2026-10-07T11:54:22.829Z</time></trkpt><trkpt lat="46.05558" lon="-110.34902"><ele>0</ele><time>2026-10-07T11:54:22.829Z</time></trkpt><trkpt lat="46.0555" lon="-110.34899"><ele>0</ele><time>2026-10-07T11:54:22.829Z</time></trkpt><trkpt lat="46.05546" lon="-110.349"><ele>0</ele><time>2026-10-07T11:54:22.829Z</time></trkpt><trkpt lat="46.05544" lon="-110.34914"><ele>0</ele><time>2026-10-07T11:54:22.829Z</time></trkpt><trkpt lat="46.05556" lon="-110.34951"><ele>0</ele><time>2026-10-07T11:54:22.829Z</time></trkpt><trkpt lat="46.05553" lon="-110.34964"><ele>0</ele><time>2026-10-07T11:54:22.829Z</time></trkpt><trkpt lat="46.05554" lon="-110.34967"><ele>0</ele><time>2026-10-07T11:54:22.829Z</time></trkpt><trkpt lat="46.0557" lon="-110.34971"><ele>0</ele><time>2026-10-07T11:54:22.829Z</time></trkpt><trkpt lat="46.05608" lon="-110.34999"><ele>0</ele><time>2026-10-07T11:54:22.829Z</time></trkpt><trkpt lat="46.05621" lon="-110.35017"><ele>0</ele><time>2026-10-07T11:54:22.829Z</time></trkpt><trkpt lat="46.05636" lon="-110.35025"><ele>0</ele><time>2026-10-07T11:54:22.829Z</time></trkpt><trkpt lat="46.05671" lon="-110.3506"><ele>0</ele><time>2026-10-07T11:54:22.829Z</time></trkpt><trkpt lat="46.05682" lon="-110.35068"><ele>0</ele><time>2026-10-07T11:54:22.829Z</time></trkpt><trkpt lat="46.05707" lon="-110.3508"><ele>0</ele><time>2026-10-07T11:54:22.829Z</time></trkpt><trkpt lat="46.05763" lon="-110.35123"><ele>0</ele><time>2026-10-07T11:54:22.829Z</time></trkpt><trkpt lat="46.05766" lon="-110.3513"><ele>0</ele><time>2026-10-07T11:54:22.829Z</time></trkpt><trkpt lat="46.05768" lon="-110.35147"><ele>0</ele><time>2026-10-07T11:54:22.829Z</time></trkpt><trkpt lat="46.05773" lon="-110.35155"><ele>0</ele><time>2026-10-07T11:54:22.829Z</time></trkpt><trkpt lat="46.0578" lon="-110.35178"><ele>0</ele><time>2026-10-07T11:54:22.829Z</time></trkpt><trkpt lat="46.05781" lon="-110.35184"><ele>0</ele><time>2026-10-07T11:54:22.829Z</time></trkpt><trkpt lat="46.05777" lon="-110.35196"><ele>0</ele><time>2026-10-07T11:54:22.829Z</time></trkpt><trkpt lat="46.0579" lon="-110.35205"><ele>0</ele><time>2026-10-07T11:54:22.829Z</time></trkpt><trkpt lat="46.05799" lon="-110.35207"><ele>0</ele><time>2026-10-07T11:54:22.829Z</time></trkpt><trkpt lat="46.05811" lon="-110.35205"><ele>0</ele><time>2026-10-07T11:54:22.829Z</time></trkpt><trkpt lat="46.05817" lon="-110.35211"><ele>0</ele><time>2026-10-07T11:54:22.829Z</time></trkpt><trkpt lat="46.05815" lon="-110.35219"><ele>0</ele><time>2026-10-07T11:54:22.829Z</time></trkpt><trkpt lat="46.058" lon="-110.35244"><ele>0</ele><time>2026-10-07T11:54:22.829Z</time></trkpt><trkpt lat="46.05817" lon="-110.35246"><ele>0</ele><time>2026-10-07T11:54:22.829Z</time></trkpt><trkpt lat="46.05847" lon="-110.35257"><ele>0</ele><time>2026-10-07T11:54:22.829Z</time></trkpt><trkpt lat="46.05868" lon="-110.35256"><ele>0</ele><time>2026-10-07T11:54:22.829Z</time></trkpt><trkpt lat="46.05892" lon="-110.3527"><ele>0</ele><time>2026-10-07T11:54:22.829Z</time></trkpt><trkpt lat="46.059" lon="-110.35272"><ele>0</ele><time>2026-10-07T11:54:22.829Z</time></trkpt><trkpt lat="46.05907" lon="-110.35271"><ele>0</ele><time>2026-10-07T11:54:22.829Z</time></trkpt><trkpt lat="46.05909" lon="-110.35265"><ele>0</ele><time>2026-10-07T11:54:22.829Z</time></trkpt><trkpt lat="46.05913" lon="-110.35264"><ele>0</ele><time>2026-10-07T11:54:22.829Z</time></trkpt><trkpt lat="46.05917" lon="-110.35275"><ele>0</ele><time>2026-10-07T11:54:22.829Z</time></trkpt><trkpt lat="46.05928" lon="-110.35228"><ele>0</ele><time>2026-10-07T11:54:22.829Z</time></trkpt><trkpt lat="46.05933" lon="-110.35222"><ele>0</ele><time>2026-10-07T11:54:22.829Z</time></trkpt><trkpt lat="46.05954" lon="-110.35226"><ele>0</ele><time>2026-10-07T11:54:22.829Z</time></trkpt><trkpt lat="46.05957" lon="-110.35234"><ele>0</ele><time>2026-10-07T11:54:22.829Z</time></trkpt><trkpt lat="46.05966" lon="-110.35239"><ele>0</ele><time>2026-10-07T11:54:22.829Z</time></trkpt><trkpt lat="46.05976" lon="-110.35228"><ele>0</ele><time>2026-10-07T11:54:22.829Z</time></trkpt><trkpt lat="46.06024" lon="-110.35214"><ele>0</ele><time>2026-10-07T11:54:22.829Z</time></trkpt><trkpt lat="46.06037" lon="-110.35217"><ele>0</ele><time>2026-10-07T11:54:22.829Z</time></trkpt><trkpt lat="46.0606" lon="-110.35232"><ele>0</ele><time>2026-10-07T11:54:22.829Z</time></trkpt><trkpt lat="46.06085" lon="-110.35236"><ele>0</ele><time>2026-10-07T11:54:22.829Z</time></trkpt><trkpt lat="46.06099" lon="-110.35247"><ele>0</ele><time>2026-10-07T11:54:22.829Z</time></trkpt><trkpt lat="46.06133" lon="-110.35255"><ele>0</ele><time>2026-10-07T11:54:22.829Z</time></trkpt><trkpt lat="46.06179" lon="-110.35277"><ele>0</ele><time>2026-10-07T11:54:22.829Z</time></trkpt><trkpt lat="46.06209" lon="-110.3528"><ele>0</ele><time>2026-10-07T11:54:22.829Z</time></trkpt><trkpt lat="46.06219" lon="-110.35278"><ele>0</ele><time>2026-10-07T11:54:22.829Z</time></trkpt><trkpt lat="46.06273" lon="-110.35236"><ele>0</ele><time>2026-10-07T11:54:22.829Z</time></trkpt><trkpt lat="46.06299" lon="-110.35236"><ele>0</ele><time>2026-10-07T11:54:22.829Z</time></trkpt><trkpt lat="46.06313" lon="-110.35226"><ele>0</ele><time>2026-10-07T11:54:22.829Z</time></trkpt><trkpt lat="46.06337" lon="-110.3523"><ele>0</ele><time>2026-10-07T11:54:22.829Z</time></trkpt><trkpt lat="46.0635" lon="-110.35239"><ele>0</ele><time>2026-10-07T11:54:22.829Z</time></trkpt><trkpt lat="46.06387" lon="-110.35255"><ele>0</ele><time>2026-10-07T11:54:22.829Z</time></trkpt><trkpt lat="46.06415" lon="-110.3526"><ele>0</ele><time>2026-10-07T11:54:22.829Z</time></trkpt><trkpt lat="46.06433" lon="-110.35259"><ele>0</ele><time>2026-10-07T11:54:22.829Z</time></trkpt><trkpt lat="46.06439" lon="-110.35254"><ele>0</ele><time>2026-10-07T11:54:22.829Z</time></trkpt><trkpt lat="46.06444" lon="-110.35257"><ele>0</ele><time>2026-10-07T11:54:22.829Z</time></trkpt><trkpt lat="46.06457" lon="-110.35292"><ele>0</ele><time>2026-10-07T11:54:22.829Z</time></trkpt><trkpt lat="46.06466" lon="-110.35302"><ele>0</ele><time>2026-10-07T11:54:22.829Z</time></trkpt><trkpt lat="46.06477" lon="-110.3531"><ele>0</ele><time>2026-10-07T11:54:22.829Z</time></trkpt><trkpt lat="46.06521" lon="-110.35334"><ele>0</ele><time>2026-10-07T11:54:22.829Z</time></trkpt><trkpt lat="46.06583" lon="-110.35318"><ele>0</ele><time>2026-10-07T11:54:22.829Z</time></trkpt><trkpt lat="46.06596" lon="-110.35331"><ele>0</ele><time>2026-10-07T11:54:22.829Z</time></trkpt><trkpt lat="46.066" lon="-110.3533"><ele>0</ele><time>2026-10-07T11:54:22.829Z</time></trkpt><trkpt lat="46.06605" lon="-110.35322"><ele>0</ele><time>2026-10-07T11:54:22.829Z</time></trkpt><trkpt lat="46.06629" lon="-110.35322"><ele>0</ele><time>2026-10-07T11:54:22.829Z</time></trkpt><trkpt lat="46.0665" lon="-110.35314"><ele>0</ele><time>2026-10-07T11:54:22.829Z</time></trkpt><trkpt lat="46.06672" lon="-110.35316"><ele>0</ele><time>2026-10-07T11:54:22.829Z</time></trkpt><trkpt lat="46.06729" lon="-110.35311"><ele>0</ele><time>2026-10-07T11:54:22.829Z</time></trkpt><trkpt lat="46.06752" lon="-110.35312"><ele>0</ele><time>2026-10-07T11:54:22.829Z</time></trkpt><trkpt lat="46.06766" lon="-110.35307"><ele>0</ele><time>2026-10-07T11:54:22.829Z</time></trkpt><trkpt lat="46.06782" lon="-110.35312"><ele>0</ele><time>2026-10-07T11:54:22.829Z</time></trkpt><trkpt lat="46.06824" lon="-110.35296"><ele>0</ele><time>2026-10-07T11:54:22.829Z</time></trkpt><trkpt lat="46.06847" lon="-110.35295"><ele>0</ele><time>2026-10-07T11:54:22.829Z</time></trkpt><trkpt lat="46.06868" lon="-110.35279"><ele>0</ele><time>2026-10-07T11:54:22.829Z</time></trkpt><trkpt lat="46.06885" lon="-110.35289"><ele>0</ele><time>2026-10-07T11:54:22.829Z</time></trkpt><trkpt lat="46.0692" lon="-110.35271"><ele>0</ele><time>2026-10-07T11:54:22.829Z</time></trkpt><trkpt lat="46.06933" lon="-110.35269"><ele>0</ele><time>2026-10-07T11:54:22.829Z</time></trkpt><trkpt lat="46.06939" lon="-110.35269"><ele>0</ele><time>2026-10-07T11:54:22.829Z</time></trkpt><trkpt lat="46.06982" lon="-110.35289"><ele>0</ele><time>2026-10-07T11:54:22.829Z</time></trkpt><trkpt lat="46.07003" lon="-110.35286"><ele>0</ele><time>2026-10-07T11:54:22.829Z</time></trkpt><trkpt lat="46.07037" lon="-110.35288"><ele>0</ele><time>2026-10-07T11:54:22.829Z</time></trkpt><trkpt lat="46.07048" lon="-110.35286"><ele>0</ele><time>2026-10-07T11:54:22.829Z</time></trkpt><trkpt lat="46.0706" lon="-110.35296"><ele>0</ele><time>2026-10-07T11:54:22.829Z</time></trkpt><trkpt lat="46.07069" lon="-110.353"><ele>0</ele><time>2026-10-07T11:54:22.829Z</time></trkpt><trkpt lat="46.07074" lon="-110.35306"><ele>0</ele><time>2026-10-07T11:54:22.829Z</time></trkpt><trkpt lat="46.07078" lon="-110.35321"><ele>0</ele><time>2026-10-07T11:54:22.829Z</time></trkpt><trkpt lat="46.07082" lon="-110.35327"><ele>0</ele><time>2026-10-07T11:54:22.829Z</time></trkpt><trkpt lat="46.07113" lon="-110.35361"><ele>0</ele><time>2026-10-07T11:54:22.829Z</time></trkpt><trkpt lat="46.0714" lon="-110.35382"><ele>0</ele><time>2026-10-07T11:54:22.829Z</time></trkpt><trkpt lat="46.07149" lon="-110.35393"><ele>0</ele><time>2026-10-07T11:54:22.829Z</time></trkpt><trkpt lat="46.07181" lon="-110.35396"><ele>0</ele><time>2026-10-07T11:54:22.829Z</time></trkpt><trkpt lat="46.0719" lon="-110.354"><ele>0</ele><time>2026-10-07T11:54:22.829Z</time></trkpt><trkpt lat="46.07215" lon="-110.35418"><ele>0</ele><time>2026-10-07T11:54:22.829Z</time></trkpt><trkpt lat="46.07219" lon="-110.35425"><ele>0</ele><time>2026-10-07T11:54:22.829Z</time></trkpt><trkpt lat="46.07222" lon="-110.35439"><ele>0</ele><time>2026-10-07T11:54:22.829Z</time></trkpt><trkpt lat="46.07229" lon="-110.35449"><ele>0</ele><time>2026-10-07T11:54:22.829Z</time></trkpt><trkpt lat="46.07238" lon="-110.35456"><ele>0</ele><time>2026-10-07T11:54:22.829Z</time></trkpt><trkpt lat="46.07257" lon="-110.35461"><ele>0</ele><time>2026-10-07T11:54:22.829Z</time></trkpt><trkpt lat="46.07279" lon="-110.35482"><ele>0</ele><time>2026-10-07T11:54:22.829Z</time></trkpt><trkpt lat="46.07312" lon="-110.35497"><ele>0</ele><time>2026-10-07T11:54:22.829Z</time></trkpt><trkpt lat="46.07323" lon="-110.35505"><ele>0</ele><time>2026-10-07T11:54:22.829Z</time></trkpt><trkpt lat="46.0733" lon="-110.35515"><ele>0</ele><time>2026-10-07T11:54:22.829Z</time></trkpt><trkpt lat="46.07345" lon="-110.35523"><ele>0</ele><time>2026-10-07T11:54:22.829Z</time></trkpt><trkpt lat="46.07362" lon="-110.35542"><ele>0</ele><time>2026-10-07T11:54:22.829Z</time></trkpt><trkpt lat="46.07378" lon="-110.35543"><ele>0</ele><time>2026-10-07T11:54:22.829Z</time></trkpt><trkpt lat="46.07401" lon="-110.35549"><ele>0</ele><time>2026-10-07T11:54:22.829Z</time></trkpt><trkpt lat="46.07411" lon="-110.35545"><ele>0</ele><time>2026-10-07T11:54:22.829Z</time></trkpt><trkpt lat="46.07435" lon="-110.35516"><ele>0</ele><time>2026-10-07T11:54:22.829Z</time></trkpt><trkpt lat="46.07444" lon="-110.3551"><ele>0</ele><time>2026-10-07T11:54:22.829Z</time></trkpt><trkpt lat="46.07458" lon="-110.35508"><ele>0</ele><time>2026-10-07T11:54:22.829Z</time></trkpt><trkpt lat="46.07479" lon="-110.35512"><ele>0</ele><time>2026-10-07T11:54:22.829Z</time></trkpt><trkpt lat="46.07489" lon="-110.35517"><ele>0</ele><time>2026-10-07T11:54:22.829Z</time></trkpt><trkpt lat="46.07495" lon="-110.35524"><ele>0</ele><time>2026-10-07T11:54:22.829Z</time></trkpt><trkpt lat="46.07523" lon="-110.35529"><ele>0</ele><time>2026-10-07T11:54:22.829Z</time></trkpt><trkpt lat="46.07545" lon="-110.35548"><ele>0</ele><time>2026-10-07T11:54:22.829Z</time></trkpt><trkpt lat="46.07559" lon="-110.35552"><ele>0</ele><time>2026-10-07T11:54:22.829Z</time></trkpt><trkpt lat="46.07568" lon="-110.35559"><ele>0</ele><time>2026-10-07T11:54:22.829Z</time></trkpt><trkpt lat="46.0759" lon="-110.35562"><ele>0</ele><time>2026-10-07T11:54:22.829Z</time></trkpt><trkpt lat="46.07629" lon="-110.35608"><ele>0</ele><time>2026-10-07T11:54:22.829Z</time></trkpt><trkpt lat="46.07635" lon="-110.35606"><ele>0</ele><time>2026-10-07T11:54:22.829Z</time></trkpt><trkpt lat="46.0765" lon="-110.35619"><ele>0</ele><time>2026-10-07T11:54:22.829Z</time></trkpt><trkpt lat="46.0767" lon="-110.35616"><ele>0</ele><time>2026-10-07T11:54:22.829Z</time></trkpt><trkpt lat="46.07676" lon="-110.35619"><ele>0</ele><time>2026-10-07T11:54:22.829Z</time></trkpt><trkpt lat="46.07682" lon="-110.35641"><ele>0</ele><time>2026-10-07T11:54:22.829Z</time></trkpt><trkpt lat="46.07689" lon="-110.3565"><ele>0</ele><time>2026-10-07T11:54:22.829Z</time></trkpt><trkpt lat="46.07705" lon="-110.3566"><ele>0</ele><time>2026-10-07T11:54:22.829Z</time></trkpt><trkpt lat="46.07727" lon="-110.35681"><ele>0</ele><time>2026-10-07T11:54:22.829Z</time></trkpt><trkpt lat="46.07732" lon="-110.35692"><ele>0</ele><time>2026-10-07T11:54:22.829Z</time></trkpt><trkpt lat="46.07738" lon="-110.357"><ele>0</ele><time>2026-10-07T11:54:22.829Z</time></trkpt><trkpt lat="46.07774" lon="-110.35706"><ele>0</ele><time>2026-10-07T11:54:22.829Z</time></trkpt><trkpt lat="46.07786" lon="-110.35705"><ele>0</ele><time>2026-10-07T11:54:22.829Z</time></trkpt><trkpt lat="46.07805" lon="-110.35691"><ele>0</ele><time>2026-10-07T11:54:22.829Z</time></trkpt><trkpt lat="46.07822" lon="-110.35688"><ele>0</ele><time>2026-10-07T11:54:22.829Z</time></trkpt><trkpt lat="46.07859" lon="-110.35694"><ele>0</ele><time>2026-10-07T11:54:22.829Z</time></trkpt><trkpt lat="46.07883" lon="-110.35689"><ele>0</ele><time>2026-10-07T11:54:22.829Z</time></trkpt><trkpt lat="46.07899" lon="-110.35694"><ele>0</ele><time>2026-10-07T11:54:22.829Z</time></trkpt><trkpt lat="46.07907" lon="-110.35692"><ele>0</ele><time>2026-10-07T11:54:22.829Z</time></trkpt><trkpt lat="46.07917" lon="-110.35694"><ele>0</ele><time>2026-10-07T11:54:22.829Z</time></trkpt><trkpt lat="46.07927" lon="-110.35702"><ele>0</ele><time>2026-10-07T11:54:22.829Z</time></trkpt><trkpt lat="46.07957" lon="-110.3571"><ele>0</ele><time>2026-10-07T11:54:22.829Z</time></trkpt><trkpt lat="46.08" lon="-110.35738"><ele>0</ele><time>2026-10-07T11:54:22.829Z</time></trkpt><trkpt lat="46.08032" lon="-110.35732"><ele>0</ele><time>2026-10-07T11:54:22.829Z</time></trkpt><trkpt lat="46.08053" lon="-110.35737"><ele>0</ele><time>2026-10-07T11:54:22.829Z</time></trkpt><trkpt lat="46.08062" lon="-110.35736"><ele>0</ele><time>2026-10-07T11:54:22.829Z</time></trkpt><trkpt lat="46.08081" lon="-110.35742"><ele>0</ele><time>2026-10-07T11:54:22.829Z</time></trkpt><trkpt lat="46.08094" lon="-110.35742"><ele>0</ele><time>2026-10-07T11:54:22.829Z</time></trkpt><trkpt lat="46.08123" lon="-110.35758"><ele>0</ele><time>2026-10-07T11:54:22.829Z</time></trkpt><trkpt lat="46.08149" lon="-110.35763"><ele>0</ele><time>2026-10-07T11:54:22.829Z</time></trkpt><trkpt lat="46.08158" lon="-110.35767"><ele>0</ele><time>2026-10-07T11:54:22.829Z</time></trkpt><trkpt lat="46.08174" lon="-110.35782"><ele>0</ele><time>2026-10-07T11:54:22.829Z</time></trkpt><trkpt lat="46.08191" lon="-110.3579"><ele>0</ele><time>2026-10-07T11:54:22.829Z</time></trkpt><trkpt lat="46.08255" lon="-110.358"><ele>0</ele><time>2026-10-07T11:54:22.829Z</time></trkpt><trkpt lat="46.08276" lon="-110.3581"><ele>0</ele><time>2026-10-07T11:54:22.829Z</time></trkpt><trkpt lat="46.08287" lon="-110.35811"><ele>0</ele><time>2026-10-07T11:54:22.829Z</time></trkpt><trkpt lat="46.0832" lon="-110.35823"><ele>0</ele><time>2026-10-07T11:54:22.829Z</time></trkpt><trkpt lat="46.08342" lon="-110.35825"><ele>0</ele><time>2026-10-07T11:54:22.829Z</time></trkpt><trkpt lat="46.08359" lon="-110.35837"><ele>0</ele><time>2026-10-07T11:54:22.829Z</time></trkpt><trkpt lat="46.08385" lon="-110.35833"><ele>0</ele><time>2026-10-07T11:54:22.829Z</time></trkpt><trkpt lat="46.08422" lon="-110.35832"><ele>0</ele><time>2026-10-07T11:54:22.829Z</time></trkpt><trkpt lat="46.0844" lon="-110.35811"><ele>0</ele><time>2026-10-07T11:54:22.829Z</time></trkpt><trkpt lat="46.08464" lon="-110.35805"><ele>0</ele><time>2026-10-07T11:54:22.829Z</time></trkpt><trkpt lat="46.08478" lon="-110.35798"><ele>0</ele><time>2026-10-07T11:54:22.829Z</time></trkpt><trkpt lat="46.08497" lon="-110.35778"><ele>0</ele><time>2026-10-07T11:54:22.829Z</time></trkpt><trkpt lat="46.08507" lon="-110.35774"><ele>0</ele><time>2026-10-07T11:54:22.829Z</time></trkpt><trkpt lat="46.08529" lon="-110.35775"><ele>0</ele><time>2026-10-07T11:54:22.829Z</time></trkpt><trkpt lat="46.08545" lon="-110.35771"><ele>0</ele><time>2026-10-07T11:54:22.829Z</time></trkpt><trkpt lat="46.08557" lon="-110.35775"><ele>0</ele><time>2026-10-07T11:54:22.829Z</time></trkpt><trkpt lat="46.08568" lon="-110.35768"><ele>0</ele><time>2026-10-07T11:54:22.829Z</time></trkpt><trkpt lat="46.08572" lon="-110.35769"><ele>0</ele><time>2026-10-07T11:54:22.829Z</time></trkpt><trkpt lat="46.08584" lon="-110.35778"><ele>0</ele><time>2026-10-07T11:54:22.829Z</time></trkpt><trkpt lat="46.08606" lon="-110.35778"><ele>0</ele><time>2026-10-07T11:54:22.829Z</time></trkpt><trkpt lat="46.08618" lon="-110.35782"><ele>0</ele><time>2026-10-07T11:54:22.829Z</time></trkpt><trkpt lat="46.08621" lon="-110.35793"><ele>0</ele><time>2026-10-07T11:54:22.829Z</time></trkpt><trkpt lat="46.08637" lon="-110.35805"><ele>0</ele><time>2026-10-07T11:54:22.829Z</time></trkpt><trkpt lat="46.08644" lon="-110.35804"><ele>0</ele><time>2026-10-07T11:54:22.829Z</time></trkpt><trkpt lat="46.08674" lon="-110.35779"><ele>0</ele><time>2026-10-07T11:54:22.829Z</time></trkpt><trkpt lat="46.08701" lon="-110.35772"><ele>0</ele><time>2026-10-07T11:54:22.829Z</time></trkpt><trkpt lat="46.08708" lon="-110.35767"><ele>0</ele><time>2026-10-07T11:54:22.829Z</time></trkpt><trkpt lat="46.08719" lon="-110.35765"><ele>0</ele><time>2026-10-07T11:54:22.829Z</time></trkpt><trkpt lat="46.08723" lon="-110.35745"><ele>0</ele><time>2026-10-07T11:54:22.829Z</time></trkpt><trkpt lat="46.08736" lon="-110.35739"><ele>0</ele><time>2026-10-07T11:54:22.829Z</time></trkpt><trkpt lat="46.08748" lon="-110.35727"><ele>0</ele><time>2026-10-07T11:54:22.829Z</time></trkpt><trkpt lat="46.08766" lon="-110.35719"><ele>0</ele><time>2026-10-07T11:54:22.829Z</time></trkpt><trkpt lat="46.08779" lon="-110.35722"><ele>0</ele><time>2026-10-07T11:54:22.829Z</time></trkpt><trkpt lat="46.08828" lon="-110.35705"><ele>0</ele><time>2026-10-07T11:54:22.829Z</time></trkpt><trkpt lat="46.08847" lon="-110.35707"><ele>0</ele><time>2026-10-07T11:54:22.829Z</time></trkpt><trkpt lat="46.08884" lon="-110.35702"><ele>0</ele><time>2026-10-07T11:54:22.829Z</time></trkpt><trkpt lat="46.08891" lon="-110.35694"><ele>0</ele><time>2026-10-07T11:54:22.829Z</time></trkpt><trkpt lat="46.08898" lon="-110.3567"><ele>0</ele><time>2026-10-07T11:54:22.829Z</time></trkpt><trkpt lat="46.08907" lon="-110.35653"><ele>0</ele><time>2026-10-07T11:54:22.829Z</time></trkpt><trkpt lat="46.08916" lon="-110.35624"><ele>0</ele><time>2026-10-07T11:54:22.829Z</time></trkpt><trkpt lat="46.08926" lon="-110.3562"><ele>0</ele><time>2026-10-07T11:54:22.829Z</time></trkpt><trkpt lat="46.08933" lon="-110.35624"><ele>0</ele><time>2026-10-07T11:54:22.829Z</time></trkpt><trkpt lat="46.08939" lon="-110.35618"><ele>0</ele><time>2026-10-07T11:54:22.830Z</time></trkpt><trkpt lat="46.0895" lon="-110.35612"><ele>0</ele><time>2026-10-07T11:54:22.830Z</time></trkpt><trkpt lat="46.08997" lon="-110.35576"><ele>0</ele><time>2026-10-07T11:54:22.830Z</time></trkpt><trkpt lat="46.09005" lon="-110.35566"><ele>0</ele><time>2026-10-07T11:54:22.830Z</time></trkpt><trkpt lat="46.09013" lon="-110.3556"><ele>0</ele><time>2026-10-07T11:54:22.830Z</time></trkpt><trkpt lat="46.09023" lon="-110.35522"><ele>0</ele><time>2026-10-07T11:54:22.830Z</time></trkpt><trkpt lat="46.09031" lon="-110.35501"><ele>0</ele><time>2026-10-07T11:54:22.830Z</time></trkpt><trkpt lat="46.0904" lon="-110.35491"><ele>0</ele><time>2026-10-07T11:54:22.830Z</time></trkpt><trkpt lat="46.0905" lon="-110.3549"><ele>0</ele><time>2026-10-07T11:54:22.830Z</time></trkpt><trkpt lat="46.09078" lon="-110.35493"><ele>0</ele><time>2026-10-07T11:54:22.830Z</time></trkpt><trkpt lat="46.09086" lon="-110.3549"><ele>0</ele><time>2026-10-07T11:54:22.830Z</time></trkpt><trkpt lat="46.09107" lon="-110.35469"><ele>0</ele><time>2026-10-07T11:54:22.830Z</time></trkpt><trkpt lat="46.09117" lon="-110.35456"><ele>0</ele><time>2026-10-07T11:54:22.830Z</time></trkpt><trkpt lat="46.09127" lon="-110.35436"><ele>0</ele><time>2026-10-07T11:54:22.830Z</time></trkpt><trkpt lat="46.09136" lon="-110.35404"><ele>0</ele><time>2026-10-07T11:54:22.830Z</time></trkpt><trkpt lat="46.09161" lon="-110.35381"><ele>0</ele><time>2026-10-07T11:54:22.830Z</time></trkpt><trkpt lat="46.09205" lon="-110.35319"><ele>0</ele><time>2026-10-07T11:54:22.830Z</time></trkpt><trkpt lat="46.09214" lon="-110.3529"><ele>0</ele><time>2026-10-07T11:54:22.830Z</time></trkpt><trkpt lat="46.09211" lon="-110.35255"><ele>0</ele><time>2026-10-07T11:54:22.830Z</time></trkpt><trkpt lat="46.09214" lon="-110.35224"><ele>0</ele><time>2026-10-07T11:54:22.830Z</time></trkpt><trkpt lat="46.0922" lon="-110.35204"><ele>0</ele><time>2026-10-07T11:54:22.830Z</time></trkpt><trkpt lat="46.09221" lon="-110.35192"><ele>0</ele><time>2026-10-07T11:54:22.830Z</time></trkpt><trkpt lat="46.09218" lon="-110.35181"><ele>0</ele><time>2026-10-07T11:54:22.830Z</time></trkpt><trkpt lat="46.09213" lon="-110.35173"><ele>0</ele><time>2026-10-07T11:54:22.830Z</time></trkpt><trkpt lat="46.09211" lon="-110.35162"><ele>0</ele><time>2026-10-07T11:54:22.830Z</time></trkpt><trkpt lat="46.09212" lon="-110.35147"><ele>0</ele><time>2026-10-07T11:54:22.830Z</time></trkpt><trkpt lat="46.09226" lon="-110.3507"><ele>0</ele><time>2026-10-07T11:54:22.830Z</time></trkpt><trkpt lat="46.09247" lon="-110.35011"><ele>0</ele><time>2026-10-07T11:54:22.830Z</time></trkpt><trkpt lat="46.09269" lon="-110.34965"><ele>0</ele><time>2026-10-07T11:54:22.830Z</time></trkpt><trkpt lat="46.09278" lon="-110.34933"><ele>0</ele><time>2026-10-07T11:54:22.830Z</time></trkpt><trkpt lat="46.09284" lon="-110.34903"><ele>0</ele><time>2026-10-07T11:54:22.830Z</time></trkpt><trkpt lat="46.09293" lon="-110.34884"><ele>0</ele><time>2026-10-07T11:54:22.830Z</time></trkpt><trkpt lat="46.09298" lon="-110.34851"><ele>0</ele><time>2026-10-07T11:54:22.830Z</time></trkpt><trkpt lat="46.09312" lon="-110.34808"><ele>0</ele><time>2026-10-07T11:54:22.830Z</time></trkpt><trkpt lat="46.09317" lon="-110.34784"><ele>0</ele><time>2026-10-07T11:54:22.830Z</time></trkpt><trkpt lat="46.09355" lon="-110.34668"><ele>0</ele><time>2026-10-07T11:54:22.830Z</time></trkpt><trkpt lat="46.09357" lon="-110.34648"><ele>0</ele><time>2026-10-07T11:54:22.830Z</time></trkpt><trkpt lat="46.09371" lon="-110.34588"><ele>0</ele><time>2026-10-07T11:54:22.830Z</time></trkpt><trkpt lat="46.09383" lon="-110.34564"><ele>0</ele><time>2026-10-07T11:54:22.830Z</time></trkpt><trkpt lat="46.09388" lon="-110.34547"><ele>0</ele><time>2026-10-07T11:54:22.830Z</time></trkpt><trkpt lat="46.09402" lon="-110.34527"><ele>0</ele><time>2026-10-07T11:54:22.830Z</time></trkpt><trkpt lat="46.09427" lon="-110.34448"><ele>0</ele><time>2026-10-07T11:54:22.830Z</time></trkpt><trkpt lat="46.09452" lon="-110.3438"><ele>0</ele><time>2026-10-07T11:54:22.830Z</time></trkpt><trkpt lat="46.09495" lon="-110.34248"><ele>0</ele><time>2026-10-07T11:54:22.830Z</time></trkpt><trkpt lat="46.09507" lon="-110.34225"><ele>0</ele><time>2026-10-07T11:54:22.830Z</time></trkpt><trkpt lat="46.09514" lon="-110.34192"><ele>0</ele><time>2026-10-07T11:54:22.830Z</time></trkpt><trkpt lat="46.09523" lon="-110.34166"><ele>0</ele><time>2026-10-07T11:54:22.830Z</time></trkpt><trkpt lat="46.0953" lon="-110.34167"><ele>0</ele><time>2026-10-07T11:54:22.830Z</time></trkpt><trkpt lat="46.0954" lon="-110.34183"><ele>0</ele><time>2026-10-07T11:54:22.830Z</time></trkpt><trkpt lat="46.09549" lon="-110.34193"><ele>0</ele><time>2026-10-07T11:54:22.830Z</time></trkpt><trkpt lat="46.0956" lon="-110.34199"><ele>0</ele><time>2026-10-07T11:54:22.830Z</time></trkpt><trkpt lat="46.09611" lon="-110.34201"><ele>0</ele><time>2026-10-07T11:54:22.830Z</time></trkpt><trkpt lat="46.0962" lon="-110.34206"><ele>0</ele><time>2026-10-07T11:54:22.830Z</time></trkpt><trkpt lat="46.09639" lon="-110.34225"><ele>0</ele><time>2026-10-07T11:54:22.830Z</time></trkpt><trkpt lat="46.09655" lon="-110.34231"><ele>0</ele><time>2026-10-07T11:54:22.830Z</time></trkpt><trkpt lat="46.09671" lon="-110.34276"><ele>0</ele><time>2026-10-07T11:54:22.830Z</time></trkpt><trkpt lat="46.09674" lon="-110.34281"><ele>0</ele><time>2026-10-07T11:54:22.830Z</time></trkpt><trkpt lat="46.0968" lon="-110.34283"><ele>0</ele><time>2026-10-07T11:54:22.830Z</time></trkpt><trkpt lat="46.09687" lon="-110.34281"><ele>0</ele><time>2026-10-07T11:54:22.830Z</time></trkpt><trkpt lat="46.09703" lon="-110.34268"><ele>0</ele><time>2026-10-07T11:54:22.830Z</time></trkpt><trkpt lat="46.09711" lon="-110.34267"><ele>0</ele><time>2026-10-07T11:54:22.830Z</time></trkpt><trkpt lat="46.09718" lon="-110.34273"><ele>0</ele><time>2026-10-07T11:54:22.830Z</time></trkpt><trkpt lat="46.09721" lon="-110.34285"><ele>0</ele><time>2026-10-07T11:54:22.830Z</time></trkpt><trkpt lat="46.09723" lon="-110.34317"><ele>0</ele><time>2026-10-07T11:54:22.830Z</time></trkpt><trkpt lat="46.09717" lon="-110.34418"><ele>0</ele><time>2026-10-07T11:54:22.830Z</time></trkpt><trkpt lat="46.0972" lon="-110.34436"><ele>0</ele><time>2026-10-07T11:54:22.830Z</time></trkpt><trkpt lat="46.09719" lon="-110.34446"><ele>0</ele><time>2026-10-07T11:54:22.830Z</time></trkpt><trkpt lat="46.0971" lon="-110.34472"><ele>0</ele><time>2026-10-07T11:54:22.830Z</time></trkpt><trkpt lat="46.09704" lon="-110.34512"><ele>0</ele><time>2026-10-07T11:54:22.830Z</time></trkpt><trkpt lat="46.09711" lon="-110.34552"><ele>0</ele><time>2026-10-07T11:54:22.830Z</time></trkpt><trkpt lat="46.09707" lon="-110.34711"><ele>0</ele><time>2026-10-07T11:54:22.830Z</time></trkpt><trkpt lat="46.09702" lon="-110.3474"><ele>0</ele><time>2026-10-07T11:54:22.830Z</time></trkpt><trkpt lat="46.09701" lon="-110.34757"><ele>0</ele><time>2026-10-07T11:54:22.830Z</time></trkpt><trkpt lat="46.09704" lon="-110.3478"><ele>0</ele><time>2026-10-07T11:54:22.830Z</time></trkpt><trkpt lat="46.09702" lon="-110.34803"><ele>0</ele><time>2026-10-07T11:54:22.830Z</time></trkpt><trkpt lat="46.09693" lon="-110.34838"><ele>0</ele><time>2026-10-07T11:54:22.830Z</time></trkpt><trkpt lat="46.09692" lon="-110.34867"><ele>0</ele><time>2026-10-07T11:54:22.830Z</time></trkpt><trkpt lat="46.09678" lon="-110.34916"><ele>0</ele><time>2026-10-07T11:54:22.830Z</time></trkpt><trkpt lat="46.09676" lon="-110.34932"><ele>0</ele><time>2026-10-07T11:54:22.830Z</time></trkpt><trkpt lat="46.09679" lon="-110.34936"><ele>0</ele><time>2026-10-07T11:54:22.830Z</time></trkpt><trkpt lat="46.09692" lon="-110.34929"><ele>0</ele><time>2026-10-07T11:54:22.830Z</time></trkpt><trkpt lat="46.09745" lon="-110.3487"><ele>0</ele><time>2026-10-07T11:54:22.830Z</time></trkpt><trkpt lat="46.09758" lon="-110.3485"><ele>0</ele><time>2026-10-07T11:54:22.830Z</time></trkpt><trkpt lat="46.09781" lon="-110.34834"><ele>0</ele><time>2026-10-07T11:54:22.830Z</time></trkpt><trkpt lat="46.09799" lon="-110.3481"><ele>0</ele><time>2026-10-07T11:54:22.830Z</time></trkpt><trkpt lat="46.09806" lon="-110.34806"><ele>0</ele><time>2026-10-07T11:54:22.830Z</time></trkpt><trkpt lat="46.09829" lon="-110.34779"><ele>0</ele><time>2026-10-07T11:54:22.830Z</time></trkpt><trkpt lat="46.09849" lon="-110.34765"><ele>0</ele><time>2026-10-07T11:54:22.830Z</time></trkpt><trkpt lat="46.09863" lon="-110.34759"><ele>0</ele><time>2026-10-07T11:54:22.830Z</time></trkpt><trkpt lat="46.09901" lon="-110.34765"><ele>0</ele><time>2026-10-07T11:54:22.830Z</time></trkpt><trkpt lat="46.09902" lon="-110.34769"><ele>0</ele><time>2026-10-07T11:54:22.830Z</time></trkpt><trkpt lat="46.09886" lon="-110.34791"><ele>0</ele><time>2026-10-07T11:54:22.830Z</time></trkpt><trkpt lat="46.09869" lon="-110.3483"><ele>0</ele><time>2026-10-07T11:54:22.830Z</time></trkpt><trkpt lat="46.09861" lon="-110.34837"><ele>0</ele><time>2026-10-07T11:54:22.830Z</time></trkpt><trkpt lat="46.09854" lon="-110.34867"><ele>0</ele><time>2026-10-07T11:54:22.830Z</time></trkpt><trkpt lat="46.09852" lon="-110.34903"><ele>0</ele><time>2026-10-07T11:54:22.830Z</time></trkpt><trkpt lat="46.09844" lon="-110.34922"><ele>0</ele><time>2026-10-07T11:54:22.830Z</time></trkpt><trkpt lat="46.09845" lon="-110.34936"><ele>0</ele><time>2026-10-07T11:54:22.830Z</time></trkpt><trkpt lat="46.09856" lon="-110.34934"><ele>0</ele><time>2026-10-07T11:54:22.830Z</time></trkpt><trkpt lat="46.09884" lon="-110.3492"><ele>0</ele><time>2026-10-07T11:54:22.830Z</time></trkpt><trkpt lat="46.09921" lon="-110.34921"><ele>0</ele><time>2026-10-07T11:54:22.830Z</time></trkpt><trkpt lat="46.09929" lon="-110.34925"><ele>0</ele><time>2026-10-07T11:54:22.830Z</time></trkpt><trkpt lat="46.09938" lon="-110.34936"><ele>0</ele><time>2026-10-07T11:54:22.830Z</time></trkpt><trkpt lat="46.09948" lon="-110.34967"><ele>0</ele><time>2026-10-07T11:54:22.830Z</time></trkpt><trkpt lat="46.09972" lon="-110.35001"><ele>0</ele><time>2026-10-07T11:54:22.830Z</time></trkpt><trkpt lat="46.10002" lon="-110.35055"><ele>0</ele><time>2026-10-07T11:54:22.830Z</time></trkpt><trkpt lat="46.10036" lon="-110.35133"><ele>0</ele><time>2026-10-07T11:54:22.830Z</time></trkpt><trkpt lat="46.1007" lon="-110.35198"><ele>0</ele><time>2026-10-07T11:54:22.830Z</time></trkpt><trkpt lat="46.10089" lon="-110.35217"><ele>0</ele><time>2026-10-07T11:54:22.830Z</time></trkpt><trkpt lat="46.10135" lon="-110.35274"><ele>0</ele><time>2026-10-07T11:54:22.830Z</time></trkpt><trkpt lat="46.1017" lon="-110.35321"><ele>0</ele><time>2026-10-07T11:54:22.830Z</time></trkpt><trkpt lat="46.10205" lon="-110.35349"><ele>0</ele><time>2026-10-07T11:54:22.830Z</time></trkpt><trkpt lat="46.10239" lon="-110.35389"><ele>0</ele><time>2026-10-07T11:54:22.830Z</time></trkpt><trkpt lat="46.10251" lon="-110.35397"><ele>0</ele><time>2026-10-07T11:54:22.830Z</time></trkpt><trkpt lat="46.10269" lon="-110.35395"><ele>0</ele><time>2026-10-07T11:54:22.830Z</time></trkpt><trkpt lat="46.10279" lon="-110.35401"><ele>0</ele><time>2026-10-07T11:54:22.830Z</time></trkpt><trkpt lat="46.10298" lon="-110.35432"><ele>0</ele><time>2026-10-07T11:54:22.830Z</time></trkpt><trkpt lat="46.10329" lon="-110.35438"><ele>0</ele><time>2026-10-07T11:54:22.830Z</time></trkpt><trkpt lat="46.10371" lon="-110.35466"><ele>0</ele><time>2026-10-07T11:54:22.830Z</time></trkpt><trkpt lat="46.10454" lon="-110.35515"><ele>0</ele><time>2026-10-07T11:54:22.830Z</time></trkpt><trkpt lat="46.10472" lon="-110.35531"><ele>0</ele><time>2026-10-07T11:54:22.830Z</time></trkpt><trkpt lat="46.1048" lon="-110.35543"><ele>0</ele><time>2026-10-07T11:54:22.830Z</time></trkpt><trkpt lat="46.10516" lon="-110.35567"><ele>0</ele><time>2026-10-07T11:54:22.830Z</time></trkpt><trkpt lat="46.10532" lon="-110.35557"><ele>0</ele><time>2026-10-07T11:54:22.830Z</time></trkpt><trkpt lat="46.10537" lon="-110.35556"><ele>0</ele><time>2026-10-07T11:54:22.830Z</time></trkpt><trkpt lat="46.10544" lon="-110.35565"><ele>0</ele><time>2026-10-07T11:54:22.830Z</time></trkpt><trkpt lat="46.1055" lon="-110.35579"><ele>0</ele><time>2026-10-07T11:54:22.830Z</time></trkpt><trkpt lat="46.10562" lon="-110.35596"><ele>0</ele><time>2026-10-07T11:54:22.830Z</time></trkpt><trkpt lat="46.10593" lon="-110.35614"><ele>0</ele><time>2026-10-07T11:54:22.830Z</time></trkpt><trkpt lat="46.10614" lon="-110.3562"><ele>0</ele><time>2026-10-07T11:54:22.830Z</time></trkpt><trkpt lat="46.10683" lon="-110.35691"><ele>0</ele><time>2026-10-07T11:54:22.830Z</time></trkpt><trkpt lat="46.10703" lon="-110.35703"><ele>0</ele><time>2026-10-07T11:54:22.830Z</time></trkpt><trkpt lat="46.10715" lon="-110.35719"><ele>0</ele><time>2026-10-07T11:54:22.830Z</time></trkpt><trkpt lat="46.10726" lon="-110.35728"><ele>0</ele><time>2026-10-07T11:54:22.830Z</time></trkpt><trkpt lat="46.10734" lon="-110.35741"><ele>0</ele><time>2026-10-07T11:54:22.830Z</time></trkpt><trkpt lat="46.10743" lon="-110.35745"><ele>0</ele><time>2026-10-07T11:54:22.830Z</time></trkpt><trkpt lat="46.10763" lon="-110.35772"><ele>0</ele><time>2026-10-07T11:54:22.830Z</time></trkpt><trkpt lat="46.10785" lon="-110.35778"><ele>0</ele><time>2026-10-07T11:54:22.830Z</time></trkpt><trkpt lat="46.10807" lon="-110.3578"><ele>0</ele><time>2026-10-07T11:54:22.830Z</time></trkpt><trkpt lat="46.10812" lon="-110.35783"><ele>0</ele><time>2026-10-07T11:54:22.830Z</time></trkpt><trkpt lat="46.10818" lon="-110.35797"><ele>0</ele><time>2026-10-07T11:54:22.830Z</time></trkpt><trkpt lat="46.10819" lon="-110.35806"><ele>0</ele><time>2026-10-07T11:54:22.830Z</time></trkpt><trkpt lat="46.10822" lon="-110.35812"><ele>0</ele><time>2026-10-07T11:54:22.830Z</time></trkpt><trkpt lat="46.10832" lon="-110.35814"><ele>0</ele><time>2026-10-07T11:54:22.830Z</time></trkpt><trkpt lat="46.10835" lon="-110.35817"><ele>0</ele><time>2026-10-07T11:54:22.830Z</time></trkpt><trkpt lat="46.10837" lon="-110.35825"><ele>0</ele><time>2026-10-07T11:54:22.830Z</time></trkpt><trkpt lat="46.1084" lon="-110.35828"><ele>0</ele><time>2026-10-07T11:54:22.830Z</time></trkpt><trkpt lat="46.10846" lon="-110.35829"><ele>0</ele><time>2026-10-07T11:54:22.830Z</time></trkpt><trkpt lat="46.1086" lon="-110.35842"><ele>0</ele><time>2026-10-07T11:54:22.830Z</time></trkpt><trkpt lat="46.10876" lon="-110.35849"><ele>0</ele><time>2026-10-07T11:54:22.830Z</time></trkpt><trkpt lat="46.10898" lon="-110.35866"><ele>0</ele><time>2026-10-07T11:54:22.830Z</time></trkpt><trkpt lat="46.10902" lon="-110.3589"><ele>0</ele><time>2026-10-07T11:54:22.830Z</time></trkpt><trkpt lat="46.10912" lon="-110.35907"><ele>0</ele><time>2026-10-07T11:54:22.830Z</time></trkpt><trkpt lat="46.10917" lon="-110.3591"><ele>0</ele><time>2026-10-07T11:54:22.830Z</time></trkpt><trkpt lat="46.10927" lon="-110.35908"><ele>0</ele><time>2026-10-07T11:54:22.830Z</time></trkpt><trkpt lat="46.1093" lon="-110.35912"><ele>0</ele><time>2026-10-07T11:54:22.830Z</time></trkpt><trkpt lat="46.10939" lon="-110.35929"><ele>0</ele><time>2026-10-07T11:54:22.830Z</time></trkpt><trkpt lat="46.10944" lon="-110.35944"><ele>0</ele><time>2026-10-07T11:54:22.830Z</time></trkpt><trkpt lat="46.10962" lon="-110.35965"><ele>0</ele><time>2026-10-07T11:54:22.830Z</time></trkpt><trkpt lat="46.10982" lon="-110.36012"><ele>0</ele><time>2026-10-07T11:54:22.830Z</time></trkpt><trkpt lat="46.10995" lon="-110.36025"><ele>0</ele><time>2026-10-07T11:54:22.830Z</time></trkpt><trkpt lat="46.11002" lon="-110.36023"><ele>0</ele><time>2026-10-07T11:54:22.830Z</time></trkpt><trkpt lat="46.11007" lon="-110.36016"><ele>0</ele><time>2026-10-07T11:54:22.830Z</time></trkpt><trkpt lat="46.11015" lon="-110.36019"><ele>0</ele><time>2026-10-07T11:54:22.830Z</time></trkpt><trkpt lat="46.11022" lon="-110.36046"><ele>0</ele><time>2026-10-07T11:54:22.830Z</time></trkpt><trkpt lat="46.1103" lon="-110.3605"><ele>0</ele><time>2026-10-07T11:54:22.830Z</time></trkpt><trkpt lat="46.11039" lon="-110.36046"><ele>0</ele><time>2026-10-07T11:54:22.830Z</time></trkpt><trkpt lat="46.11043" lon="-110.36049"><ele>0</ele><time>2026-10-07T11:54:22.830Z</time></trkpt><trkpt lat="46.11044" lon="-110.36059"><ele>0</ele><time>2026-10-07T11:54:22.830Z</time></trkpt><trkpt lat="46.1105" lon="-110.36071"><ele>0</ele><time>2026-10-07T11:54:22.830Z</time></trkpt><trkpt lat="46.11047" lon="-110.36087"><ele>0</ele><time>2026-10-07T11:54:22.830Z</time></trkpt><trkpt lat="46.11048" lon="-110.36101"><ele>0</ele><time>2026-10-07T11:54:22.830Z</time></trkpt><trkpt lat="46.11056" lon="-110.36114"><ele>0</ele><time>2026-10-07T11:54:22.830Z</time></trkpt><trkpt lat="46.11079" lon="-110.36133"><ele>0</ele><time>2026-10-07T11:54:22.830Z</time></trkpt><trkpt lat="46.11086" lon="-110.36151"><ele>0</ele><time>2026-10-07T11:54:22.830Z</time></trkpt><trkpt lat="46.11089" lon="-110.36174"><ele>0</ele><time>2026-10-07T11:54:22.830Z</time></trkpt><trkpt lat="46.11104" lon="-110.36196"><ele>0</ele><time>2026-10-07T11:54:22.830Z</time></trkpt><trkpt lat="46.11114" lon="-110.36229"><ele>0</ele><time>2026-10-07T11:54:22.830Z</time></trkpt><trkpt lat="46.11123" lon="-110.3625"><ele>0</ele><time>2026-10-07T11:54:22.830Z</time></trkpt><trkpt lat="46.11136" lon="-110.36273"><ele>0</ele><time>2026-10-07T11:54:22.830Z</time></trkpt><trkpt lat="46.11144" lon="-110.36281"><ele>0</ele><time>2026-10-07T11:54:22.830Z</time></trkpt><trkpt lat="46.11147" lon="-110.36293"><ele>0</ele><time>2026-10-07T11:54:22.830Z</time></trkpt><trkpt lat="46.11146" lon="-110.36307"><ele>0</ele><time>2026-10-07T11:54:22.830Z</time></trkpt><trkpt lat="46.11142" lon="-110.36316"><ele>0</ele><time>2026-10-07T11:54:22.830Z</time></trkpt><trkpt lat="46.11143" lon="-110.36327"><ele>0</ele><time>2026-10-07T11:54:22.830Z</time></trkpt><trkpt lat="46.11162" lon="-110.36368"><ele>0</ele><time>2026-10-07T11:54:22.830Z</time></trkpt><trkpt lat="46.11162" lon="-110.36374"><ele>0</ele><time>2026-10-07T11:54:22.830Z</time></trkpt><trkpt lat="46.11159" lon="-110.36376"><ele>0</ele><time>2026-10-07T11:54:22.830Z</time></trkpt><trkpt lat="46.11145" lon="-110.36377"><ele>0</ele><time>2026-10-07T11:54:22.830Z</time></trkpt><trkpt lat="46.11142" lon="-110.3638"><ele>0</ele><time>2026-10-07T11:54:22.830Z</time></trkpt><trkpt lat="46.11142" lon="-110.36389"><ele>0</ele><time>2026-10-07T11:54:22.830Z</time></trkpt><trkpt lat="46.11155" lon="-110.36428"><ele>0</ele><time>2026-10-07T11:54:22.830Z</time></trkpt><trkpt lat="46.11153" lon="-110.36445"><ele>0</ele><time>2026-10-07T11:54:22.830Z</time></trkpt><trkpt lat="46.11156" lon="-110.36458"><ele>0</ele><time>2026-10-07T11:54:22.830Z</time></trkpt><trkpt lat="46.11175" lon="-110.36484"><ele>0</ele><time>2026-10-07T11:54:22.830Z</time></trkpt><trkpt lat="46.11179" lon="-110.36496"><ele>0</ele><time>2026-10-07T11:54:22.830Z</time></trkpt><trkpt lat="46.11188" lon="-110.3651"><ele>0</ele><time>2026-10-07T11:54:22.830Z</time></trkpt><trkpt lat="46.11191" lon="-110.36521"><ele>0</ele><time>2026-10-07T11:54:22.830Z</time></trkpt><trkpt lat="46.11191" lon="-110.36535"><ele>0</ele><time>2026-10-07T11:54:22.830Z</time></trkpt><trkpt lat="46.11188" lon="-110.36557"><ele>0</ele><time>2026-10-07T11:54:22.830Z</time></trkpt><trkpt lat="46.11195" lon="-110.36567"><ele>0</ele><time>2026-10-07T11:54:22.830Z</time></trkpt><trkpt lat="46.11197" lon="-110.36608"><ele>0</ele><time>2026-10-07T11:54:22.830Z</time></trkpt><trkpt lat="46.11204" lon="-110.36651"><ele>0</ele><time>2026-10-07T11:54:22.830Z</time></trkpt><trkpt lat="46.11219" lon="-110.3668"><ele>0</ele><time>2026-10-07T11:54:22.830Z</time></trkpt><trkpt lat="46.11235" lon="-110.36693"><ele>0</ele><time>2026-10-07T11:54:22.830Z</time></trkpt><trkpt lat="46.11237" lon="-110.36712"><ele>0</ele><time>2026-10-07T11:54:22.830Z</time></trkpt><trkpt lat="46.11245" lon="-110.36727"><ele>0</ele><time>2026-10-07T11:54:22.830Z</time></trkpt><trkpt lat="46.11257" lon="-110.36782"><ele>0</ele><time>2026-10-07T11:54:22.830Z</time></trkpt><trkpt lat="46.11261" lon="-110.36812"><ele>0</ele><time>2026-10-07T11:54:22.830Z</time></trkpt><trkpt lat="46.11259" lon="-110.36847"><ele>0</ele><time>2026-10-07T11:54:22.830Z</time></trkpt><trkpt lat="46.11266" lon="-110.36938"><ele>0</ele><time>2026-10-07T11:54:22.830Z</time></trkpt><trkpt lat="46.11264" lon="-110.37001"><ele>0</ele><time>2026-10-07T11:54:22.830Z</time></trkpt><trkpt lat="46.11269" lon="-110.3703"><ele>0</ele><time>2026-10-07T11:54:22.830Z</time></trkpt><trkpt lat="46.11271" lon="-110.37069"><ele>0</ele><time>2026-10-07T11:54:22.830Z</time></trkpt><trkpt lat="46.11274" lon="-110.37081"><ele>0</ele><time>2026-10-07T11:54:22.830Z</time></trkpt><trkpt lat="46.11279" lon="-110.37089"><ele>0</ele><time>2026-10-07T11:54:22.830Z</time></trkpt><trkpt lat="46.11283" lon="-110.37101"><ele>0</ele><time>2026-10-07T11:54:22.830Z</time></trkpt><trkpt lat="46.11289" lon="-110.37104"><ele>0</ele><time>2026-10-07T11:54:22.830Z</time></trkpt><trkpt lat="46.11298" lon="-110.37101"><ele>0</ele><time>2026-10-07T11:54:22.830Z</time></trkpt><trkpt lat="46.11307" lon="-110.37105"><ele>0</ele><time>2026-10-07T11:54:22.830Z</time></trkpt><trkpt lat="46.11315" lon="-110.37112"><ele>0</ele><time>2026-10-07T11:54:22.830Z</time></trkpt><trkpt lat="46.11318" lon="-110.37126"><ele>0</ele><time>2026-10-07T11:54:22.830Z</time></trkpt><trkpt lat="46.11327" lon="-110.37141"><ele>0</ele><time>2026-10-07T11:54:22.830Z</time></trkpt><trkpt lat="46.11332" lon="-110.37162"><ele>0</ele><time>2026-10-07T11:54:22.830Z</time></trkpt><trkpt lat="46.11332" lon="-110.3719"><ele>0</ele><time>2026-10-07T11:54:22.830Z</time></trkpt><trkpt lat="46.11329" lon="-110.37208"><ele>0</ele><time>2026-10-07T11:54:22.830Z</time></trkpt><trkpt lat="46.11333" lon="-110.37239"><ele>0</ele><time>2026-10-07T11:54:22.830Z</time></trkpt><trkpt lat="46.11341" lon="-110.37259"><ele>0</ele><time>2026-10-07T11:54:22.830Z</time></trkpt><trkpt lat="46.11348" lon="-110.37294"><ele>0</ele><time>2026-10-07T11:54:22.830Z</time></trkpt><trkpt lat="46.11347" lon="-110.37335"><ele>0</ele><time>2026-10-07T11:54:22.830Z</time></trkpt><trkpt lat="46.11345" lon="-110.37347"><ele>0</ele><time>2026-10-07T11:54:22.830Z</time></trkpt><trkpt lat="46.1134" lon="-110.37357"><ele>0</ele><time>2026-10-07T11:54:22.830Z</time></trkpt><trkpt lat="46.11331" lon="-110.37368"><ele>0</ele><time>2026-10-07T11:54:22.830Z</time></trkpt><trkpt lat="46.11316" lon="-110.37376"><ele>0</ele><time>2026-10-07T11:54:22.830Z</time></trkpt><trkpt lat="46.11312" lon="-110.37383"><ele>0</ele><time>2026-10-07T11:54:22.830Z</time></trkpt><trkpt lat="46.1131" lon="-110.37392"><ele>0</ele><time>2026-10-07T11:54:22.830Z</time></trkpt><trkpt lat="46.11311" lon="-110.37402"><ele>0</ele><time>2026-10-07T11:54:22.830Z</time></trkpt><trkpt lat="46.11334" lon="-110.37433"><ele>0</ele><time>2026-10-07T11:54:22.830Z</time></trkpt><trkpt lat="46.11343" lon="-110.37471"><ele>0</ele><time>2026-10-07T11:54:22.830Z</time></trkpt><trkpt lat="46.11356" lon="-110.37505"><ele>0</ele><time>2026-10-07T11:54:22.830Z</time></trkpt><trkpt lat="46.11358" lon="-110.37528"><ele>0</ele><time>2026-10-07T11:54:22.830Z</time></trkpt><trkpt lat="46.11351" lon="-110.37555"><ele>0</ele><time>2026-10-07T11:54:22.830Z</time></trkpt><trkpt lat="46.11347" lon="-110.37613"><ele>0</ele><time>2026-10-07T11:54:22.830Z</time></trkpt><trkpt lat="46.11342" lon="-110.37634"><ele>0</ele><time>2026-10-07T11:54:22.830Z</time></trkpt><trkpt lat="46.11343" lon="-110.37706"><ele>0</ele><time>2026-10-07T11:54:22.830Z</time></trkpt><trkpt lat="46.11337" lon="-110.3779"><ele>0</ele><time>2026-10-07T11:54:22.830Z</time></trkpt><trkpt lat="46.11324" lon="-110.37829"><ele>0</ele><time>2026-10-07T11:54:22.830Z</time></trkpt><trkpt lat="46.11328" lon="-110.37873"><ele>0</ele><time>2026-10-07T11:54:22.830Z</time></trkpt><trkpt lat="46.11327" lon="-110.37891"><ele>0</ele><time>2026-10-07T11:54:22.830Z</time></trkpt><trkpt lat="46.11321" lon="-110.37912"><ele>0</ele><time>2026-10-07T11:54:22.830Z</time></trkpt><trkpt lat="46.11303" lon="-110.37945"><ele>0</ele><time>2026-10-07T11:54:22.830Z</time></trkpt><trkpt lat="46.11292" lon="-110.37979"><ele>0</ele><time>2026-10-07T11:54:22.830Z</time></trkpt><trkpt lat="46.1128" lon="-110.37995"><ele>0</ele><time>2026-10-07T11:54:22.830Z</time></trkpt><trkpt lat="46.11265" lon="-110.38008"><ele>0</ele><time>2026-10-07T11:54:22.830Z</time></trkpt><trkpt lat="46.1125" lon="-110.38016"><ele>0</ele><time>2026-10-07T11:54:22.830Z</time></trkpt><trkpt lat="46.11237" lon="-110.38027"><ele>0</ele><time>2026-10-07T11:54:22.830Z</time></trkpt><trkpt lat="46.11228" lon="-110.38029"><ele>0</ele><time>2026-10-07T11:54:22.830Z</time></trkpt><trkpt lat="46.11208" lon="-110.38064"><ele>0</ele><time>2026-10-07T11:54:22.830Z</time></trkpt><trkpt lat="46.11212" lon="-110.38072"><ele>0</ele><time>2026-10-07T11:54:22.830Z</time></trkpt><trkpt lat="46.11223" lon="-110.38084"><ele>0</ele><time>2026-10-07T11:54:22.830Z</time></trkpt><trkpt lat="46.11238" lon="-110.38106"><ele>0</ele><time>2026-10-07T11:54:22.830Z</time></trkpt><trkpt lat="46.11263" lon="-110.38156"><ele>0</ele><time>2026-10-07T11:54:22.830Z</time></trkpt><trkpt lat="46.11267" lon="-110.38175"><ele>0</ele><time>2026-10-07T11:54:22.830Z</time></trkpt><trkpt lat="46.1128" lon="-110.38212"><ele>0</ele><time>2026-10-07T11:54:22.830Z</time></trkpt><trkpt lat="46.11282" lon="-110.38252"><ele>0</ele><time>2026-10-07T11:54:22.830Z</time></trkpt><trkpt lat="46.11287" lon="-110.38263"><ele>0</ele><time>2026-10-07T11:54:22.830Z</time></trkpt><trkpt lat="46.11286" lon="-110.38284"><ele>0</ele><time>2026-10-07T11:54:22.830Z</time></trkpt><trkpt lat="46.11282" lon="-110.38294"><ele>0</ele><time>2026-10-07T11:54:22.830Z</time></trkpt><trkpt lat="46.11281" lon="-110.38322"><ele>0</ele><time>2026-10-07T11:54:22.830Z</time></trkpt><trkpt lat="46.11272" lon="-110.38335"><ele>0</ele><time>2026-10-07T11:54:22.830Z</time></trkpt><trkpt lat="46.11256" lon="-110.38375"><ele>0</ele><time>2026-10-07T11:54:22.830Z</time></trkpt><trkpt lat="46.11251" lon="-110.38381"><ele>0</ele><time>2026-10-07T11:54:22.830Z</time></trkpt><trkpt lat="46.11239" lon="-110.38383"><ele>0</ele><time>2026-10-07T11:54:22.830Z</time></trkpt><trkpt lat="46.11236" lon="-110.38389"><ele>0</ele><time>2026-10-07T11:54:22.830Z</time></trkpt><trkpt lat="46.11232" lon="-110.38415"><ele>0</ele><time>2026-10-07T11:54:22.830Z</time></trkpt><trkpt lat="46.11225" lon="-110.38419"><ele>0</ele><time>2026-10-07T11:54:22.830Z</time></trkpt><trkpt lat="46.1121" lon="-110.38415"><ele>0</ele><time>2026-10-07T11:54:22.830Z</time></trkpt><trkpt lat="46.11204" lon="-110.3842"><ele>0</ele><time>2026-10-07T11:54:22.830Z</time></trkpt><trkpt lat="46.11202" lon="-110.38454"><ele>0</ele><time>2026-10-07T11:54:22.830Z</time></trkpt><trkpt lat="46.11191" lon="-110.38483"><ele>0</ele><time>2026-10-07T11:54:22.830Z</time></trkpt><trkpt lat="46.11202" lon="-110.38503"><ele>0</ele><time>2026-10-07T11:54:22.830Z</time></trkpt><trkpt lat="46.11209" lon="-110.38522"><ele>0</ele><time>2026-10-07T11:54:22.830Z</time></trkpt><trkpt lat="46.11213" lon="-110.38555"><ele>0</ele><time>2026-10-07T11:54:22.830Z</time></trkpt><trkpt lat="46.11217" lon="-110.38562"><ele>0</ele><time>2026-10-07T11:54:22.830Z</time></trkpt><trkpt lat="46.11216" lon="-110.3858"><ele>0</ele><time>2026-10-07T11:54:22.830Z</time></trkpt><trkpt lat="46.11218" lon="-110.38625"><ele>0</ele><time>2026-10-07T11:54:22.830Z</time></trkpt><trkpt lat="46.11223" lon="-110.38637"><ele>0</ele><time>2026-10-07T11:54:22.830Z</time></trkpt><trkpt lat="46.11241" lon="-110.38636"><ele>0</ele><time>2026-10-07T11:54:22.830Z</time></trkpt><trkpt lat="46.11243" lon="-110.38642"><ele>0</ele><time>2026-10-07T11:54:22.830Z</time></trkpt><trkpt lat="46.11243" lon="-110.38651"><ele>0</ele><time>2026-10-07T11:54:22.830Z</time></trkpt><trkpt lat="46.11237" lon="-110.38666"><ele>0</ele><time>2026-10-07T11:54:22.830Z</time></trkpt><trkpt lat="46.11216" lon="-110.38683"><ele>0</ele><time>2026-10-07T11:54:22.830Z</time></trkpt><trkpt lat="46.11205" lon="-110.38697"><ele>0</ele><time>2026-10-07T11:54:22.830Z</time></trkpt><trkpt lat="46.11189" lon="-110.38727"><ele>0</ele><time>2026-10-07T11:54:22.830Z</time></trkpt><trkpt lat="46.11177" lon="-110.38756"><ele>0</ele><time>2026-10-07T11:54:22.830Z</time></trkpt><trkpt lat="46.11162" lon="-110.38781"><ele>0</ele><time>2026-10-07T11:54:22.830Z</time></trkpt><trkpt lat="46.1116" lon="-110.38794"><ele>0</ele><time>2026-10-07T11:54:22.830Z</time></trkpt><trkpt lat="46.11163" lon="-110.38869"><ele>0</ele><time>2026-10-07T11:54:22.830Z</time></trkpt><trkpt lat="46.11167" lon="-110.38876"><ele>0</ele><time>2026-10-07T11:54:22.830Z</time></trkpt><trkpt lat="46.11171" lon="-110.38877"><ele>0</ele><time>2026-10-07T11:54:22.830Z</time></trkpt><trkpt lat="46.11201" lon="-110.38855"><ele>0</ele><time>2026-10-07T11:54:22.830Z</time></trkpt><trkpt lat="46.11234" lon="-110.3882"><ele>0</ele><time>2026-10-07T11:54:22.830Z</time></trkpt><trkpt lat="46.11247" lon="-110.3879"><ele>0</ele><time>2026-10-07T11:54:22.830Z</time></trkpt><trkpt lat="46.11259" lon="-110.38779"><ele>0</ele><time>2026-10-07T11:54:22.830Z</time></trkpt><trkpt lat="46.11275" lon="-110.38772"><ele>0</ele><time>2026-10-07T11:54:22.830Z</time></trkpt><trkpt lat="46.11286" lon="-110.38769"><ele>0</ele><time>2026-10-07T11:54:22.830Z</time></trkpt><trkpt lat="46.11296" lon="-110.38775"><ele>0</ele><time>2026-10-07T11:54:22.830Z</time></trkpt><trkpt lat="46.11305" lon="-110.38788"><ele>0</ele><time>2026-10-07T11:54:22.830Z</time></trkpt><trkpt lat="46.11306" lon="-110.38808"><ele>0</ele><time>2026-10-07T11:54:22.830Z</time></trkpt><trkpt lat="46.11289" lon="-110.38883"><ele>0</ele><time>2026-10-07T11:54:22.830Z</time></trkpt><trkpt lat="46.11284" lon="-110.38889"><ele>0</ele><time>2026-10-07T11:54:22.830Z</time></trkpt><trkpt lat="46.1127" lon="-110.38926"><ele>0</ele><time>2026-10-07T11:54:22.830Z</time></trkpt><trkpt lat="46.11237" lon="-110.38981"><ele>0</ele><time>2026-10-07T11:54:22.830Z</time></trkpt><trkpt lat="46.11233" lon="-110.38994"><ele>0</ele><time>2026-10-07T11:54:22.830Z</time></trkpt><trkpt lat="46.11216" lon="-110.39023"><ele>0</ele><time>2026-10-07T11:54:22.830Z</time></trkpt><trkpt lat="46.11203" lon="-110.39062"><ele>0</ele><time>2026-10-07T11:54:22.830Z</time></trkpt><trkpt lat="46.11197" lon="-110.39075"><ele>0</ele><time>2026-10-07T11:54:22.830Z</time></trkpt><trkpt lat="46.11155" lon="-110.39234"><ele>0</ele><time>2026-10-07T11:54:22.830Z</time></trkpt><trkpt lat="46.11153" lon="-110.3926"><ele>0</ele><time>2026-10-07T11:54:22.830Z</time></trkpt><trkpt lat="46.11158" lon="-110.39273"><ele>0</ele><time>2026-10-07T11:54:22.830Z</time></trkpt><trkpt lat="46.11163" lon="-110.39278"><ele>0</ele><time>2026-10-07T11:54:22.830Z</time></trkpt><trkpt lat="46.11166" lon="-110.39278"><ele>0</ele><time>2026-10-07T11:54:22.830Z</time></trkpt><trkpt lat="46.11174" lon="-110.39264"><ele>0</ele><time>2026-10-07T11:54:22.830Z</time></trkpt><trkpt lat="46.11191" lon="-110.39248"><ele>0</ele><time>2026-10-07T11:54:22.830Z</time></trkpt><trkpt lat="46.11196" lon="-110.39246"><ele>0</ele><time>2026-10-07T11:54:22.830Z</time></trkpt><trkpt lat="46.11209" lon="-110.39246"><ele>0</ele><time>2026-10-07T11:54:22.830Z</time></trkpt><trkpt lat="46.11218" lon="-110.39232"><ele>0</ele><time>2026-10-07T11:54:22.830Z</time></trkpt><trkpt lat="46.1124" lon="-110.39211"><ele>0</ele><time>2026-10-07T11:54:22.830Z</time></trkpt><trkpt lat="46.11259" lon="-110.39209"><ele>0</ele><time>2026-10-07T11:54:22.830Z</time></trkpt><trkpt lat="46.11276" lon="-110.39202"><ele>0</ele><time>2026-10-07T11:54:22.830Z</time></trkpt><trkpt lat="46.1131" lon="-110.39179"><ele>0</ele><time>2026-10-07T11:54:22.830Z</time></trkpt><trkpt lat="46.11322" lon="-110.39174"><ele>0</ele><time>2026-10-07T11:54:22.830Z</time></trkpt><trkpt lat="46.11356" lon="-110.3917"><ele>0</ele><time>2026-10-07T11:54:22.830Z</time></trkpt><trkpt lat="46.1141" lon="-110.39208"><ele>0</ele><time>2026-10-07T11:54:22.830Z</time></trkpt><trkpt lat="46.11457" lon="-110.392"><ele>0</ele><time>2026-10-07T11:54:22.830Z</time></trkpt><trkpt lat="46.11479" lon="-110.3922"><ele>0</ele><time>2026-10-07T11:54:22.830Z</time></trkpt><trkpt lat="46.11486" lon="-110.39234"><ele>0</ele><time>2026-10-07T11:54:22.830Z</time></trkpt><trkpt lat="46.11499" lon="-110.39268"><ele>0</ele><time>2026-10-07T11:54:22.830Z</time></trkpt><trkpt lat="46.11512" lon="-110.39279"><ele>0</ele><time>2026-10-07T11:54:22.830Z</time></trkpt><trkpt lat="46.11494" lon="-110.39284"><ele>0</ele><time>2026-10-07T11:54:22.830Z</time></trkpt><trkpt lat="46.11481" lon="-110.39282"><ele>0</ele><time>2026-10-07T11:54:22.830Z</time></trkpt><trkpt lat="46.1149" lon="-110.3931"><ele>0</ele><time>2026-10-07T11:54:22.830Z</time></trkpt><trkpt lat="46.11502" lon="-110.39326"><ele>0</ele><time>2026-10-07T11:54:22.830Z</time></trkpt><trkpt lat="46.11515" lon="-110.39336"><ele>0</ele><time>2026-10-07T11:54:22.830Z</time></trkpt><trkpt lat="46.11518" lon="-110.39348"><ele>0</ele><time>2026-10-07T11:54:22.830Z</time></trkpt><trkpt lat="46.11531" lon="-110.39369"><ele>0</ele><time>2026-10-07T11:54:22.830Z</time></trkpt><trkpt lat="46.11539" lon="-110.39377"><ele>0</ele><time>2026-10-07T11:54:22.830Z</time></trkpt><trkpt lat="46.11552" lon="-110.39381"><ele>0</ele><time>2026-10-07T11:54:22.830Z</time></trkpt><trkpt lat="46.1157" lon="-110.39383"><ele>0</ele><time>2026-10-07T11:54:22.830Z</time></trkpt><trkpt lat="46.11595" lon="-110.39411"><ele>0</ele><time>2026-10-07T11:54:22.830Z</time></trkpt><trkpt lat="46.11629" lon="-110.39428"><ele>0</ele><time>2026-10-07T11:54:22.830Z</time></trkpt><trkpt lat="46.11674" lon="-110.39468"><ele>0</ele><time>2026-10-07T11:54:22.830Z</time></trkpt><trkpt lat="46.11713" lon="-110.39487"><ele>0</ele><time>2026-10-07T11:54:22.830Z</time></trkpt><trkpt lat="46.11722" lon="-110.39495"><ele>0</ele><time>2026-10-07T11:54:22.830Z</time></trkpt><trkpt lat="46.11774" lon="-110.39571"><ele>0</ele><time>2026-10-07T11:54:22.830Z</time></trkpt><trkpt lat="46.118" lon="-110.39623"><ele>0</ele><time>2026-10-07T11:54:22.830Z</time></trkpt><trkpt lat="46.11809" lon="-110.39648"><ele>0</ele><time>2026-10-07T11:54:22.830Z</time></trkpt><trkpt lat="46.1182" lon="-110.39669"><ele>0</ele><time>2026-10-07T11:54:22.830Z</time></trkpt><trkpt lat="46.11827" lon="-110.39679"><ele>0</ele><time>2026-10-07T11:54:22.830Z</time></trkpt><trkpt lat="46.11848" lon="-110.39728"><ele>0</ele><time>2026-10-07T11:54:22.830Z</time></trkpt><trkpt lat="46.11857" lon="-110.39736"><ele>0</ele><time>2026-10-07T11:54:22.830Z</time></trkpt><trkpt lat="46.11865" lon="-110.39754"><ele>0</ele><time>2026-10-07T11:54:22.830Z</time></trkpt><trkpt lat="46.11885" lon="-110.39784"><ele>0</ele><time>2026-10-07T11:54:22.830Z</time></trkpt><trkpt lat="46.11894" lon="-110.39794"><ele>0</ele><time>2026-10-07T11:54:22.830Z</time></trkpt><trkpt lat="46.11898" lon="-110.39806"><ele>0</ele><time>2026-10-07T11:54:22.830Z</time></trkpt><trkpt lat="46.11926" lon="-110.39851"><ele>0</ele><time>2026-10-07T11:54:22.830Z</time></trkpt><trkpt lat="46.11936" lon="-110.39875"><ele>0</ele><time>2026-10-07T11:54:22.830Z</time></trkpt><trkpt lat="46.11963" lon="-110.3992"><ele>0</ele><time>2026-10-07T11:54:22.830Z</time></trkpt><trkpt lat="46.12" lon="-110.40005"><ele>0</ele><time>2026-10-07T11:54:22.830Z</time></trkpt><trkpt lat="46.12008" lon="-110.40019"><ele>0</ele><time>2026-10-07T11:54:22.830Z</time></trkpt><trkpt lat="46.12014" lon="-110.40023"><ele>0</ele><time>2026-10-07T11:54:22.830Z</time></trkpt><trkpt lat="46.12024" lon="-110.40041"><ele>0</ele><time>2026-10-07T11:54:22.830Z</time></trkpt><trkpt lat="46.12031" lon="-110.40046"><ele>0</ele><time>2026-10-07T11:54:22.830Z</time></trkpt><trkpt lat="46.12042" lon="-110.40067"><ele>0</ele><time>2026-10-07T11:54:22.830Z</time></trkpt><trkpt lat="46.12061" lon="-110.40089"><ele>0</ele><time>2026-10-07T11:54:22.830Z</time></trkpt><trkpt lat="46.12106" lon="-110.40167"><ele>0</ele><time>2026-10-07T11:54:22.830Z</time></trkpt><trkpt lat="46.12112" lon="-110.40186"><ele>0</ele><time>2026-10-07T11:54:22.830Z</time></trkpt><trkpt lat="46.12117" lon="-110.40191"><ele>0</ele><time>2026-10-07T11:54:22.830Z</time></trkpt><trkpt lat="46.12122" lon="-110.40213"><ele>0</ele><time>2026-10-07T11:54:22.830Z</time></trkpt><trkpt lat="46.12129" lon="-110.40221"><ele>0</ele><time>2026-10-07T11:54:22.830Z</time></trkpt><trkpt lat="46.12143" lon="-110.40248"><ele>0</ele><time>2026-10-07T11:54:22.830Z</time></trkpt><trkpt lat="46.12156" lon="-110.40256"><ele>0</ele><time>2026-10-07T11:54:22.830Z</time></trkpt><trkpt lat="46.12164" lon="-110.40283"><ele>0</ele><time>2026-10-07T11:54:22.830Z</time></trkpt><trkpt lat="46.12179" lon="-110.40277"><ele>0</ele><time>2026-10-07T11:54:22.830Z</time></trkpt><trkpt lat="46.12186" lon="-110.40267"><ele>0</ele><time>2026-10-07T11:54:22.830Z</time></trkpt><trkpt lat="46.12196" lon="-110.40276"><ele>0</ele><time>2026-10-07T11:54:22.830Z</time></trkpt><trkpt lat="46.12206" lon="-110.40265"><ele>0</ele><time>2026-10-07T11:54:22.830Z</time></trkpt><trkpt lat="46.12213" lon="-110.40266"><ele>0</ele><time>2026-10-07T11:54:22.830Z</time></trkpt><trkpt lat="46.12225" lon="-110.40281"><ele>0</ele><time>2026-10-07T11:54:22.830Z</time></trkpt><trkpt lat="46.12232" lon="-110.40296"><ele>0</ele><time>2026-10-07T11:54:22.830Z</time></trkpt><trkpt lat="46.12238" lon="-110.40319"><ele>0</ele><time>2026-10-07T11:54:22.830Z</time></trkpt><trkpt lat="46.12241" lon="-110.40322"><ele>0</ele><time>2026-10-07T11:54:22.830Z</time></trkpt><trkpt lat="46.12245" lon="-110.40354"><ele>0</ele><time>2026-10-07T11:54:22.830Z</time></trkpt><trkpt lat="46.1225" lon="-110.40356"><ele>0</ele><time>2026-10-07T11:54:22.830Z</time></trkpt><trkpt lat="46.12255" lon="-110.4035"><ele>0</ele><time>2026-10-07T11:54:22.830Z</time></trkpt><trkpt lat="46.12263" lon="-110.4036"><ele>0</ele><time>2026-10-07T11:54:22.830Z</time></trkpt><trkpt lat="46.12271" lon="-110.40361"><ele>0</ele><time>2026-10-07T11:54:22.830Z</time></trkpt><trkpt lat="46.12274" lon="-110.40364"><ele>0</ele><time>2026-10-07T11:54:22.830Z</time></trkpt><trkpt lat="46.12278" lon="-110.40383"><ele>0</ele><time>2026-10-07T11:54:22.830Z</time></trkpt><trkpt lat="46.12283" lon="-110.40388"><ele>0</ele><time>2026-10-07T11:54:22.830Z</time></trkpt><trkpt lat="46.12293" lon="-110.40383"><ele>0</ele><time>2026-10-07T11:54:22.830Z</time></trkpt><trkpt lat="46.12294" lon="-110.4039"><ele>0</ele><time>2026-10-07T11:54:22.830Z</time></trkpt><trkpt lat="46.12306" lon="-110.40395"><ele>0</ele><time>2026-10-07T11:54:22.830Z</time></trkpt><trkpt lat="46.1231" lon="-110.40394"><ele>0</ele><time>2026-10-07T11:54:22.830Z</time></trkpt><trkpt lat="46.12317" lon="-110.40384"><ele>0</ele><time>2026-10-07T11:54:22.830Z</time></trkpt><trkpt lat="46.12319" lon="-110.40384"><ele>0</ele><time>2026-10-07T11:54:22.830Z</time></trkpt><trkpt lat="46.12334" lon="-110.40401"><ele>0</ele><time>2026-10-07T11:54:22.830Z</time></trkpt><trkpt lat="46.12336" lon="-110.40409"><ele>0</ele><time>2026-10-07T11:54:22.830Z</time></trkpt><trkpt lat="46.12339" lon="-110.40411"><ele>0</ele><time>2026-10-07T11:54:22.830Z</time></trkpt><trkpt lat="46.1235" lon="-110.40409"><ele>0</ele><time>2026-10-07T11:54:22.830Z</time></trkpt><trkpt lat="46.12351" lon="-110.40413"><ele>0</ele><time>2026-10-07T11:54:22.830Z</time></trkpt><trkpt lat="46.1235" lon="-110.4043"><ele>0</ele><time>2026-10-07T11:54:22.830Z</time></trkpt><trkpt lat="46.12367" lon="-110.40456"><ele>0</ele><time>2026-10-07T11:54:22.830Z</time></trkpt><trkpt lat="46.12402" lon="-110.40459"><ele>0</ele><time>2026-10-07T11:54:22.830Z</time></trkpt><trkpt lat="46.12405" lon="-110.40465"><ele>0</ele><time>2026-10-07T11:54:22.830Z</time></trkpt><trkpt lat="46.12408" lon="-110.40493"><ele>0</ele><time>2026-10-07T11:54:22.830Z</time></trkpt><trkpt lat="46.12414" lon="-110.40498"><ele>0</ele><time>2026-10-07T11:54:22.830Z</time></trkpt><trkpt lat="46.12418" lon="-110.40498"><ele>0</ele><time>2026-10-07T11:54:22.830Z</time></trkpt><trkpt lat="46.12424" lon="-110.40492"><ele>0</ele><time>2026-10-07T11:54:22.830Z</time></trkpt><trkpt lat="46.12451" lon="-110.40487"><ele>0</ele><time>2026-10-07T11:54:22.830Z</time></trkpt><trkpt lat="46.12469" lon="-110.40477"><ele>0</ele><time>2026-10-07T11:54:22.830Z</time></trkpt><trkpt lat="46.12478" lon="-110.40483"><ele>0</ele><time>2026-10-07T11:54:22.830Z</time></trkpt><trkpt lat="46.12488" lon="-110.40486"><ele>0</ele><time>2026-10-07T11:54:22.830Z</time></trkpt><trkpt lat="46.12499" lon="-110.40502"><ele>0</ele><time>2026-10-07T11:54:22.830Z</time></trkpt><trkpt lat="46.12524" lon="-110.40508"><ele>0</ele><time>2026-10-07T11:54:22.830Z</time></trkpt><trkpt lat="46.12531" lon="-110.40517"><ele>0</ele><time>2026-10-07T11:54:22.830Z</time></trkpt><trkpt lat="46.12561" lon="-110.40539"><ele>0</ele><time>2026-10-07T11:54:22.830Z</time></trkpt><trkpt lat="46.12567" lon="-110.40548"><ele>0</ele><time>2026-10-07T11:54:22.830Z</time></trkpt><trkpt lat="46.12576" lon="-110.40555"><ele>0</ele><time>2026-10-07T11:54:22.830Z</time></trkpt><trkpt lat="46.12618" lon="-110.40564"><ele>0</ele><time>2026-10-07T11:54:22.830Z</time></trkpt><trkpt lat="46.12628" lon="-110.40578"><ele>0</ele><time>2026-10-07T11:54:22.830Z</time></trkpt><trkpt lat="46.12639" lon="-110.4057"><ele>0</ele><time>2026-10-07T11:54:22.830Z</time></trkpt><trkpt lat="46.12643" lon="-110.40572"><ele>0</ele><time>2026-10-07T11:54:22.830Z</time></trkpt><trkpt lat="46.12653" lon="-110.40568"><ele>0</ele><time>2026-10-07T11:54:22.830Z</time></trkpt><trkpt lat="46.12656" lon="-110.40574"><ele>0</ele><time>2026-10-07T11:54:22.830Z</time></trkpt><trkpt lat="46.12675" lon="-110.40587"><ele>0</ele><time>2026-10-07T11:54:22.830Z</time></trkpt><trkpt lat="46.12688" lon="-110.4058"><ele>0</ele><time>2026-10-07T11:54:22.830Z</time></trkpt><trkpt lat="46.12704" lon="-110.40583"><ele>0</ele><time>2026-10-07T11:54:22.830Z</time></trkpt><trkpt lat="46.12707" lon="-110.40597"><ele>0</ele><time>2026-10-07T11:54:22.830Z</time></trkpt><trkpt lat="46.12715" lon="-110.406"><ele>0</ele><time>2026-10-07T11:54:22.830Z</time></trkpt><trkpt lat="46.12728" lon="-110.40596"><ele>0</ele><time>2026-10-07T11:54:22.830Z</time></trkpt><trkpt lat="46.12746" lon="-110.40605"><ele>0</ele><time>2026-10-07T11:54:22.830Z</time></trkpt><trkpt lat="46.12767" lon="-110.406"><ele>0</ele><time>2026-10-07T11:54:22.830Z</time></trkpt><trkpt lat="46.12778" lon="-110.40619"><ele>0</ele><time>2026-10-07T11:54:22.830Z</time></trkpt><trkpt lat="46.12798" lon="-110.40613"><ele>0</ele><time>2026-10-07T11:54:22.830Z</time></trkpt><trkpt lat="46.12819" lon="-110.40617"><ele>0</ele><time>2026-10-07T11:54:22.830Z</time></trkpt><trkpt lat="46.12849" lon="-110.40633"><ele>0</ele><time>2026-10-07T11:54:22.830Z</time></trkpt><trkpt lat="46.12874" lon="-110.40639"><ele>0</ele><time>2026-10-07T11:54:22.830Z</time></trkpt><trkpt lat="46.12912" lon="-110.40661"><ele>0</ele><time>2026-10-07T11:54:22.830Z</time></trkpt><trkpt lat="46.12926" lon="-110.40676"><ele>0</ele><time>2026-10-07T11:54:22.830Z</time></trkpt><trkpt lat="46.12935" lon="-110.4068"><ele>0</ele><time>2026-10-07T11:54:22.830Z</time></trkpt><trkpt lat="46.12946" lon="-110.40697"><ele>0</ele><time>2026-10-07T11:54:22.830Z</time></trkpt><trkpt lat="46.12952" lon="-110.40702"><ele>0</ele><time>2026-10-07T11:54:22.830Z</time></trkpt><trkpt lat="46.1297" lon="-110.40702"><ele>0</ele><time>2026-10-07T11:54:22.830Z</time></trkpt><trkpt lat="46.12976" lon="-110.40697"><ele>0</ele><time>2026-10-07T11:54:22.830Z</time></trkpt><trkpt lat="46.12982" lon="-110.40699"><ele>0</ele><time>2026-10-07T11:54:22.830Z</time></trkpt><trkpt lat="46.12987" lon="-110.40707"><ele>0</ele><time>2026-10-07T11:54:22.830Z</time></trkpt><trkpt lat="46.13" lon="-110.4075"><ele>0</ele><time>2026-10-07T11:54:22.830Z</time></trkpt><trkpt lat="46.13019" lon="-110.40764"><ele>0</ele><time>2026-10-07T11:54:22.830Z</time></trkpt><trkpt lat="46.13029" lon="-110.40796"><ele>0</ele><time>2026-10-07T11:54:22.830Z</time></trkpt><trkpt lat="46.13038" lon="-110.40801"><ele>0</ele><time>2026-10-07T11:54:22.830Z</time></trkpt><trkpt lat="46.13048" lon="-110.40798"><ele>0</ele><time>2026-10-07T11:54:22.830Z</time></trkpt><trkpt lat="46.13052" lon="-110.40801"><ele>0</ele><time>2026-10-07T11:54:22.830Z</time></trkpt><trkpt lat="46.13083" lon="-110.4086"><ele>0</ele><time>2026-10-07T11:54:22.830Z</time></trkpt><trkpt lat="46.13086" lon="-110.40876"><ele>0</ele><time>2026-10-07T11:54:22.830Z</time></trkpt><trkpt lat="46.13082" lon="-110.40939"><ele>0</ele><time>2026-10-07T11:54:22.830Z</time></trkpt><trkpt lat="46.13085" lon="-110.40955"><ele>0</ele><time>2026-10-07T11:54:22.830Z</time></trkpt><trkpt lat="46.13095" lon="-110.40963"><ele>0</ele><time>2026-10-07T11:54:22.830Z</time></trkpt><trkpt lat="46.13087" lon="-110.40978"><ele>0</ele><time>2026-10-07T11:54:22.830Z</time></trkpt><trkpt lat="46.13087" lon="-110.40985"><ele>0</ele><time>2026-10-07T11:54:22.830Z</time></trkpt><trkpt lat="46.13096" lon="-110.41011"><ele>0</ele><time>2026-10-07T11:54:22.830Z</time></trkpt><trkpt lat="46.13111" lon="-110.41099"><ele>0</ele><time>2026-10-07T11:54:22.830Z</time></trkpt><trkpt lat="46.13117" lon="-110.4112"><ele>0</ele><time>2026-10-07T11:54:22.830Z</time></trkpt><trkpt lat="46.13126" lon="-110.41135"><ele>0</ele><time>2026-10-07T11:54:22.830Z</time></trkpt><trkpt lat="46.13129" lon="-110.41146"><ele>0</ele><time>2026-10-07T11:54:22.830Z</time></trkpt><trkpt lat="46.1313" lon="-110.41157"><ele>0</ele><time>2026-10-07T11:54:22.830Z</time></trkpt><trkpt lat="46.13121" lon="-110.41175"><ele>0</ele><time>2026-10-07T11:54:22.830Z</time></trkpt><trkpt lat="46.13119" lon="-110.41191"><ele>0</ele><time>2026-10-07T11:54:22.830Z</time></trkpt><trkpt lat="46.13123" lon="-110.41219"><ele>0</ele><time>2026-10-07T11:54:22.830Z</time></trkpt><trkpt lat="46.13131" lon="-110.41242"><ele>0</ele><time>2026-10-07T11:54:22.830Z</time></trkpt><trkpt lat="46.13133" lon="-110.4126"><ele>0</ele><time>2026-10-07T11:54:22.830Z</time></trkpt><trkpt lat="46.13134" lon="-110.41303"><ele>0</ele><time>2026-10-07T11:54:22.830Z</time></trkpt><trkpt lat="46.13138" lon="-110.41322"><ele>0</ele><time>2026-10-07T11:54:22.830Z</time></trkpt><trkpt lat="46.13136" lon="-110.41335"><ele>0</ele><time>2026-10-07T11:54:22.830Z</time></trkpt><trkpt lat="46.13127" lon="-110.41361"><ele>0</ele><time>2026-10-07T11:54:22.830Z</time></trkpt><trkpt lat="46.1313" lon="-110.41382"><ele>0</ele><time>2026-10-07T11:54:22.830Z</time></trkpt><trkpt lat="46.13122" lon="-110.41407"><ele>0</ele><time>2026-10-07T11:54:22.830Z</time></trkpt><trkpt lat="46.13122" lon="-110.41416"><ele>0</ele><time>2026-10-07T11:54:22.830Z</time></trkpt><trkpt lat="46.1313" lon="-110.41456"><ele>0</ele><time>2026-10-07T11:54:22.830Z</time></trkpt><trkpt lat="46.13146" lon="-110.41511"><ele>0</ele><time>2026-10-07T11:54:22.830Z</time></trkpt><trkpt lat="46.13121" lon="-110.41539"><ele>0</ele><time>2026-10-07T11:54:22.830Z</time></trkpt><trkpt lat="46.13098" lon="-110.41553"><ele>0</ele><time>2026-10-07T11:54:22.830Z</time></trkpt><trkpt lat="46.13094" lon="-110.41553"><ele>0</ele><time>2026-10-07T11:54:22.830Z</time></trkpt><trkpt lat="46.13069" lon="-110.41545"><ele>0</ele><time>2026-10-07T11:54:22.830Z</time></trkpt><trkpt lat="46.13053" lon="-110.4153"><ele>0</ele><time>2026-10-07T11:54:22.830Z</time></trkpt><trkpt lat="46.13032" lon="-110.41531"><ele>0</ele><time>2026-10-07T11:54:22.830Z</time></trkpt><trkpt lat="46.13023" lon="-110.41528"><ele>0</ele><time>2026-10-07T11:54:22.830Z</time></trkpt><trkpt lat="46.13016" lon="-110.41522"><ele>0</ele><time>2026-10-07T11:54:22.830Z</time></trkpt><trkpt lat="46.12995" lon="-110.41523"><ele>0</ele><time>2026-10-07T11:54:22.830Z</time></trkpt><trkpt lat="46.12976" lon="-110.41515"><ele>0</ele><time>2026-10-07T11:54:22.830Z</time></trkpt><trkpt lat="46.12958" lon="-110.41499"><ele>0</ele><time>2026-10-07T11:54:22.830Z</time></trkpt><trkpt lat="46.1295" lon="-110.41485"><ele>0</ele><time>2026-10-07T11:54:22.830Z</time></trkpt><trkpt lat="46.1294" lon="-110.4146"><ele>0</ele><time>2026-10-07T11:54:22.830Z</time></trkpt><trkpt lat="46.12931" lon="-110.41452"><ele>0</ele><time>2026-10-07T11:54:22.830Z</time></trkpt><trkpt lat="46.12919" lon="-110.41446"><ele>0</ele><time>2026-10-07T11:54:22.830Z</time></trkpt><trkpt lat="46.1291" lon="-110.41447"><ele>0</ele><time>2026-10-07T11:54:22.830Z</time></trkpt><trkpt lat="46.12901" lon="-110.41438"><ele>0</ele><time>2026-10-07T11:54:22.830Z</time></trkpt><trkpt lat="46.12896" lon="-110.41436"><ele>0</ele><time>2026-10-07T11:54:22.830Z</time></trkpt><trkpt lat="46.12891" lon="-110.41438"><ele>0</ele><time>2026-10-07T11:54:22.830Z</time></trkpt><trkpt lat="46.12883" lon="-110.41437"><ele>0</ele><time>2026-10-07T11:54:22.830Z</time></trkpt><trkpt lat="46.12877" lon="-110.41432"><ele>0</ele><time>2026-10-07T11:54:22.830Z</time></trkpt><trkpt lat="46.12867" lon="-110.41417"><ele>0</ele><time>2026-10-07T11:54:22.830Z</time></trkpt><trkpt lat="46.12855" lon="-110.41425"><ele>0</ele><time>2026-10-07T11:54:22.830Z</time></trkpt><trkpt lat="46.12816" lon="-110.41423"><ele>0</ele><time>2026-10-07T11:54:22.830Z</time></trkpt><trkpt lat="46.12786" lon="-110.41433"><ele>0</ele><time>2026-10-07T11:54:22.830Z</time></trkpt><trkpt lat="46.12789" lon="-110.41479"><ele>0</ele><time>2026-10-07T11:54:22.830Z</time></trkpt><trkpt lat="46.12799" lon="-110.41504"><ele>0</ele><time>2026-10-07T11:54:22.830Z</time></trkpt><trkpt lat="46.12799" lon="-110.4152"><ele>0</ele><time>2026-10-07T11:54:22.830Z</time></trkpt><trkpt lat="46.12793" lon="-110.41543"><ele>0</ele><time>2026-10-07T11:54:22.830Z</time></trkpt><trkpt lat="46.12792" lon="-110.41559"><ele>0</ele><time>2026-10-07T11:54:22.830Z</time></trkpt><trkpt lat="46.12807" lon="-110.41632"><ele>0</ele><time>2026-10-07T11:54:22.830Z</time></trkpt><trkpt lat="46.12814" lon="-110.41648"><ele>0</ele><time>2026-10-07T11:54:22.830Z</time></trkpt><trkpt lat="46.12819" lon="-110.41654"><ele>0</ele><time>2026-10-07T11:54:22.830Z</time></trkpt><trkpt lat="46.12864" lon="-110.41687"><ele>0</ele><time>2026-10-07T11:54:22.830Z</time></trkpt><trkpt lat="46.12875" lon="-110.41701"><ele>0</ele><time>2026-10-07T11:54:22.830Z</time></trkpt><trkpt lat="46.12876" lon="-110.41706"><ele>0</ele><time>2026-10-07T11:54:22.830Z</time></trkpt><trkpt lat="46.12881" lon="-110.41749"><ele>0</ele><time>2026-10-07T11:54:22.830Z</time></trkpt><trkpt lat="46.12879" lon="-110.41778"><ele>0</ele><time>2026-10-07T11:54:22.830Z</time></trkpt><trkpt lat="46.1289" lon="-110.41804"><ele>0</ele><time>2026-10-07T11:54:22.830Z</time></trkpt><trkpt lat="46.1289" lon="-110.4181"><ele>0</ele><time>2026-10-07T11:54:22.830Z</time></trkpt><trkpt lat="46.12882" lon="-110.41849"><ele>0</ele><time>2026-10-07T11:54:22.830Z</time></trkpt><trkpt lat="46.12872" lon="-110.41867"><ele>0</ele><time>2026-10-07T11:54:22.830Z</time></trkpt><trkpt lat="46.12863" lon="-110.41889"><ele>0</ele><time>2026-10-07T11:54:22.830Z</time></trkpt><trkpt lat="46.12865" lon="-110.41906"><ele>0</ele><time>2026-10-07T11:54:22.830Z</time></trkpt><trkpt lat="46.12875" lon="-110.41934"><ele>0</ele><time>2026-10-07T11:54:22.830Z</time></trkpt><trkpt lat="46.12875" lon="-110.41939"><ele>0</ele><time>2026-10-07T11:54:22.830Z</time></trkpt><trkpt lat="46.12869" lon="-110.41948"><ele>0</ele><time>2026-10-07T11:54:22.830Z</time></trkpt><trkpt lat="46.12866" lon="-110.41957"><ele>0</ele><time>2026-10-07T11:54:22.830Z</time></trkpt><trkpt lat="46.12866" lon="-110.41973"><ele>0</ele><time>2026-10-07T11:54:22.830Z</time></trkpt><trkpt lat="46.12869" lon="-110.41991"><ele>0</ele><time>2026-10-07T11:54:22.830Z</time></trkpt><trkpt lat="46.12878" lon="-110.42015"><ele>0</ele><time>2026-10-07T11:54:22.830Z</time></trkpt><trkpt lat="46.12892" lon="-110.42033"><ele>0</ele><time>2026-10-07T11:54:22.830Z</time></trkpt><trkpt lat="46.12897" lon="-110.42056"><ele>0</ele><time>2026-10-07T11:54:22.830Z</time></trkpt><trkpt lat="46.12896" lon="-110.42073"><ele>0</ele><time>2026-10-07T11:54:22.830Z</time></trkpt><trkpt lat="46.12908" lon="-110.42092"><ele>0</ele><time>2026-10-07T11:54:22.830Z</time></trkpt><trkpt lat="46.12915" lon="-110.42115"><ele>0</ele><time>2026-10-07T11:54:22.830Z</time></trkpt><trkpt lat="46.12937" lon="-110.42153"><ele>0</ele><time>2026-10-07T11:54:22.830Z</time></trkpt><trkpt lat="46.12947" lon="-110.42157"><ele>0</ele><time>2026-10-07T11:54:22.830Z</time></trkpt><trkpt lat="46.12982" lon="-110.42136"><ele>0</ele><time>2026-10-07T11:54:22.830Z</time></trkpt><trkpt lat="46.13005" lon="-110.42129"><ele>0</ele><time>2026-10-07T11:54:22.830Z</time></trkpt><trkpt lat="46.13012" lon="-110.42131"><ele>0</ele><time>2026-10-07T11:54:22.830Z</time></trkpt><trkpt lat="46.13017" lon="-110.42142"><ele>0</ele><time>2026-10-07T11:54:22.830Z</time></trkpt><trkpt lat="46.13018" lon="-110.42156"><ele>0</ele><time>2026-10-07T11:54:22.830Z</time></trkpt><trkpt lat="46.13016" lon="-110.4217"><ele>0</ele><time>2026-10-07T11:54:22.830Z</time></trkpt><trkpt lat="46.13006" lon="-110.422"><ele>0</ele><time>2026-10-07T11:54:22.830Z</time></trkpt><trkpt lat="46.13009" lon="-110.4221"><ele>0</ele><time>2026-10-07T11:54:22.830Z</time></trkpt><trkpt lat="46.13037" lon="-110.42253"><ele>0</ele><time>2026-10-07T11:54:22.830Z</time></trkpt><trkpt lat="46.13124" lon="-110.42327"><ele>0</ele><time>2026-10-07T11:54:22.830Z</time></trkpt><trkpt lat="46.13169" lon="-110.4239"><ele>0</ele><time>2026-10-07T11:54:22.830Z</time></trkpt><trkpt lat="46.13194" lon="-110.42411"><ele>0</ele><time>2026-10-07T11:54:22.830Z</time></trkpt><trkpt lat="46.13201" lon="-110.42413"><ele>0</ele><time>2026-10-07T11:54:22.830Z</time></trkpt><trkpt lat="46.13229" lon="-110.42414"><ele>0</ele><time>2026-10-07T11:54:22.830Z</time></trkpt><trkpt lat="46.13249" lon="-110.42428"><ele>0</ele><time>2026-10-07T11:54:22.830Z</time></trkpt><trkpt lat="46.13261" lon="-110.4244"><ele>0</ele><time>2026-10-07T11:54:22.830Z</time></trkpt><trkpt lat="46.1328" lon="-110.42451"><ele>0</ele><time>2026-10-07T11:54:22.830Z</time></trkpt><trkpt lat="46.13295" lon="-110.42452"><ele>0</ele><time>2026-10-07T11:54:22.830Z</time></trkpt><trkpt lat="46.1331" lon="-110.42449"><ele>0</ele><time>2026-10-07T11:54:22.830Z</time></trkpt><trkpt lat="46.13327" lon="-110.4244"><ele>0</ele><time>2026-10-07T11:54:22.830Z</time></trkpt><trkpt lat="46.13347" lon="-110.42443"><ele>0</ele><time>2026-10-07T11:54:22.830Z</time></trkpt><trkpt lat="46.13358" lon="-110.4244"><ele>0</ele><time>2026-10-07T11:54:22.830Z</time></trkpt><trkpt lat="46.13381" lon="-110.42427"><ele>0</ele><time>2026-10-07T11:54:22.830Z</time></trkpt><trkpt lat="46.13417" lon="-110.42431"><ele>0</ele><time>2026-10-07T11:54:22.830Z</time></trkpt><trkpt lat="46.13497" lon="-110.42447"><ele>0</ele><time>2026-10-07T11:54:22.830Z</time></trkpt><trkpt lat="46.13507" lon="-110.42457"><ele>0</ele><time>2026-10-07T11:54:22.830Z</time></trkpt><trkpt lat="46.13517" lon="-110.42461"><ele>0</ele><time>2026-10-07T11:54:22.830Z</time></trkpt><trkpt lat="46.13537" lon="-110.42462"><ele>0</ele><time>2026-10-07T11:54:22.830Z</time></trkpt><trkpt lat="46.1356" lon="-110.42477"><ele>0</ele><time>2026-10-07T11:54:22.830Z</time></trkpt><trkpt lat="46.13567" lon="-110.42483"><ele>0</ele><time>2026-10-07T11:54:22.830Z</time></trkpt><trkpt lat="46.13571" lon="-110.42492"><ele>0</ele><time>2026-10-07T11:54:22.830Z</time></trkpt><trkpt lat="46.13567" lon="-110.42529"><ele>0</ele><time>2026-10-07T11:54:22.830Z</time></trkpt><trkpt lat="46.13562" lon="-110.4254"><ele>0</ele><time>2026-10-07T11:54:22.830Z</time></trkpt><trkpt lat="46.1357" lon="-110.42548"><ele>0</ele><time>2026-10-07T11:54:22.830Z</time></trkpt><trkpt lat="46.13585" lon="-110.42573"><ele>0</ele><time>2026-10-07T11:54:22.830Z</time></trkpt><trkpt lat="46.1362" lon="-110.42601"><ele>0</ele><time>2026-10-07T11:54:22.830Z</time></trkpt><trkpt lat="46.13645" lon="-110.42616"><ele>0</ele><time>2026-10-07T11:54:22.830Z</time></trkpt><trkpt lat="46.13715" lon="-110.42635"><ele>0</ele><time>2026-10-07T11:54:22.830Z</time></trkpt><trkpt lat="46.13765" lon="-110.42642"><ele>0</ele><time>2026-10-07T11:54:22.830Z</time></trkpt><trkpt lat="46.13792" lon="-110.42655"><ele>0</ele><time>2026-10-07T11:54:22.830Z</time></trkpt><trkpt lat="46.13808" lon="-110.4267"><ele>0</ele><time>2026-10-07T11:54:22.830Z</time></trkpt><trkpt lat="46.13837" lon="-110.42709"><ele>0</ele><time>2026-10-07T11:54:22.830Z</time></trkpt><trkpt lat="46.13861" lon="-110.42748"><ele>0</ele><time>2026-10-07T11:54:22.830Z</time></trkpt><trkpt lat="46.13882" lon="-110.42796"><ele>0</ele><time>2026-10-07T11:54:22.830Z</time></trkpt><trkpt lat="46.13906" lon="-110.4284"><ele>0</ele><time>2026-10-07T11:54:22.830Z</time></trkpt><trkpt lat="46.1392" lon="-110.42859"><ele>0</ele><time>2026-10-07T11:54:22.830Z</time></trkpt><trkpt lat="46.13934" lon="-110.42866"><ele>0</ele><time>2026-10-07T11:54:22.830Z</time></trkpt><trkpt lat="46.1397" lon="-110.42872"><ele>0</ele><time>2026-10-07T11:54:22.830Z</time></trkpt><trkpt lat="46.13982" lon="-110.4288"><ele>0</ele><time>2026-10-07T11:54:22.830Z</time></trkpt><trkpt lat="46.14009" lon="-110.42919"><ele>0</ele><time>2026-10-07T11:54:22.830Z</time></trkpt><trkpt lat="46.14086" lon="-110.42997"><ele>0</ele><time>2026-10-07T11:54:22.830Z</time></trkpt><trkpt lat="46.14117" lon="-110.4302"><ele>0</ele><time>2026-10-07T11:54:22.830Z</time></trkpt><trkpt lat="46.14128" lon="-110.43026"><ele>0</ele><time>2026-10-07T11:54:22.830Z</time></trkpt><trkpt lat="46.14157" lon="-110.43031"><ele>0</ele><time>2026-10-07T11:54:22.830Z</time></trkpt><trkpt lat="46.141727" lon="-110.430317"><ele>0</ele><time>2026-10-07T11:54:22.830Z</time></trkpt><trkpt lat="46.14157" lon="-110.43031"><ele>0</ele><time>2026-10-07T11:54:22.830Z</time></trkpt><trkpt lat="46.14128" lon="-110.43026"><ele>0</ele><time>2026-10-07T11:54:22.830Z</time></trkpt><trkpt lat="46.14117" lon="-110.4302"><ele>0</ele><time>2026-10-07T11:54:22.830Z</time></trkpt><trkpt lat="46.14086" lon="-110.42997"><ele>0</ele><time>2026-10-07T11:54:22.830Z</time></trkpt><trkpt lat="46.14009" lon="-110.42919"><ele>0</ele><time>2026-10-07T11:54:22.830Z</time></trkpt><trkpt lat="46.13982" lon="-110.4288"><ele>0</ele><time>2026-10-07T11:54:22.830Z</time></trkpt><trkpt lat="46.1397" lon="-110.42872"><ele>0</ele><time>2026-10-07T11:54:22.830Z</time></trkpt><trkpt lat="46.13934" lon="-110.42866"><ele>0</ele><time>2026-10-07T11:54:22.830Z</time></trkpt><trkpt lat="46.1392" lon="-110.42859"><ele>0</ele><time>2026-10-07T11:54:22.830Z</time></trkpt><trkpt lat="46.13906" lon="-110.4284"><ele>0</ele><time>2026-10-07T11:54:22.830Z</time></trkpt><trkpt lat="46.13882" lon="-110.42796"><ele>0</ele><time>2026-10-07T11:54:22.830Z</time></trkpt><trkpt lat="46.13861" lon="-110.42748"><ele>0</ele><time>2026-10-07T11:54:22.830Z</time></trkpt><trkpt lat="46.13837" lon="-110.42709"><ele>0</ele><time>2026-10-07T11:54:22.830Z</time></trkpt><trkpt lat="46.13808" lon="-110.4267"><ele>0</ele><time>2026-10-07T11:54:22.830Z</time></trkpt><trkpt lat="46.13792" lon="-110.42655"><ele>0</ele><time>2026-10-07T11:54:22.830Z</time></trkpt><trkpt lat="46.13765" lon="-110.42642"><ele>0</ele><time>2026-10-07T11:54:22.830Z</time></trkpt><trkpt lat="46.13715" lon="-110.42635"><ele>0</ele><time>2026-10-07T11:54:22.830Z</time></trkpt><trkpt lat="46.13645" lon="-110.42616"><ele>0</ele><time>2026-10-07T11:54:22.830Z</time></trkpt><trkpt lat="46.1362" lon="-110.42601"><ele>0</ele><time>2026-10-07T11:54:22.830Z</time></trkpt><trkpt lat="46.13585" lon="-110.42573"><ele>0</ele><time>2026-10-07T11:54:22.830Z</time></trkpt><trkpt lat="46.1357" lon="-110.42548"><ele>0</ele><time>2026-10-07T11:54:22.830Z</time></trkpt><trkpt lat="46.13562" lon="-110.4254"><ele>0</ele><time>2026-10-07T11:54:22.830Z</time></trkpt><trkpt lat="46.13567" lon="-110.42529"><ele>0</ele><time>2026-10-07T11:54:22.830Z</time></trkpt><trkpt lat="46.13571" lon="-110.42492"><ele>0</ele><time>2026-10-07T11:54:22.830Z</time></trkpt><trkpt lat="46.13636" lon="-110.4247"><ele>0</ele><time>2026-10-07T11:54:22.830Z</time></trkpt><trkpt lat="46.13637" lon="-110.4244"><ele>0</ele><time>2026-10-07T11:54:22.830Z</time></trkpt><trkpt lat="46.13645" lon="-110.42426"><ele>0</ele><time>2026-10-07T11:54:22.830Z</time></trkpt><trkpt lat="46.13778" lon="-110.42431"><ele>0</ele><time>2026-10-07T11:54:22.830Z</time></trkpt><trkpt lat="46.13807" lon="-110.42426"><ele>0</ele><time>2026-10-07T11:54:22.830Z</time></trkpt><trkpt lat="46.13861" lon="-110.42412"><ele>0</ele><time>2026-10-07T11:54:22.830Z</time></trkpt><trkpt lat="46.13889" lon="-110.42411"><ele>0</ele><time>2026-10-07T11:54:22.830Z</time></trkpt><trkpt lat="46.13918" lon="-110.42398"><ele>0</ele><time>2026-10-07T11:54:22.830Z</time></trkpt><trkpt lat="46.13934" lon="-110.4235"><ele>0</ele><time>2026-10-07T11:54:22.830Z</time></trkpt><trkpt lat="46.13933" lon="-110.42263"><ele>0</ele><time>2026-10-07T11:54:22.830Z</time></trkpt><trkpt lat="46.1394" lon="-110.42223"><ele>0</ele><time>2026-10-07T11:54:22.830Z</time></trkpt><trkpt lat="46.1394" lon="-110.42141"><ele>0</ele><time>2026-10-07T11:54:22.830Z</time></trkpt><trkpt lat="46.13946" lon="-110.4212"><ele>0</ele><time>2026-10-07T11:54:22.830Z</time></trkpt><trkpt lat="46.13965" lon="-110.42107"><ele>0</ele><time>2026-10-07T11:54:22.830Z</time></trkpt><trkpt lat="46.13984" lon="-110.42069"><ele>0</ele><time>2026-10-07T11:54:22.830Z</time></trkpt><trkpt lat="46.13997" lon="-110.42052"><ele>0</ele><time>2026-10-07T11:54:22.830Z</time></trkpt><trkpt lat="46.13997" lon="-110.4195"><ele>0</ele><time>2026-10-07T11:54:22.830Z</time></trkpt><trkpt lat="46.13976" lon="-110.41903"><ele>0</ele><time>2026-10-07T11:54:22.830Z</time></trkpt><trkpt lat="46.13974" lon="-110.4182"><ele>0</ele><time>2026-10-07T11:54:22.830Z</time></trkpt><trkpt lat="46.14025" lon="-110.41786"><ele>0</ele><time>2026-10-07T11:54:22.830Z</time></trkpt><trkpt lat="46.14071" lon="-110.41731"><ele>0</ele><time>2026-10-07T11:54:22.830Z</time></trkpt><trkpt lat="46.14107" lon="-110.41744"><ele>0</ele><time>2026-10-07T11:54:22.830Z</time></trkpt><trkpt lat="46.14146" lon="-110.41733"><ele>0</ele><time>2026-10-07T11:54:22.830Z</time></trkpt><trkpt lat="46.14203" lon="-110.41753"><ele>0</ele><time>2026-10-07T11:54:22.830Z</time></trkpt><trkpt lat="46.14229" lon="-110.41765"><ele>0</ele><time>2026-10-07T11:54:22.830Z</time></trkpt><trkpt lat="46.14249" lon="-110.41788"><ele>0</ele><time>2026-10-07T11:54:22.830Z</time></trkpt><trkpt lat="46.14268" lon="-110.418"><ele>0</ele><time>2026-10-07T11:54:22.830Z</time></trkpt><trkpt lat="46.14286" lon="-110.41796"><ele>0</ele><time>2026-10-07T11:54:22.830Z</time></trkpt><trkpt lat="46.14316" lon="-110.4181"><ele>0</ele><time>2026-10-07T11:54:22.830Z</time></trkpt><trkpt lat="46.14342" lon="-110.41827"><ele>0</ele><time>2026-10-07T11:54:22.830Z</time></trkpt><trkpt lat="46.14348" lon="-110.41839"><ele>0</ele><time>2026-10-07T11:54:22.830Z</time></trkpt><trkpt lat="46.14356" lon="-110.4185"><ele>0</ele><time>2026-10-07T11:54:22.830Z</time></trkpt><trkpt lat="46.14368" lon="-110.41857"><ele>0</ele><time>2026-10-07T11:54:22.830Z</time></trkpt><trkpt lat="46.1444" lon="-110.41806"><ele>0</ele><time>2026-10-07T11:54:22.830Z</time></trkpt><trkpt lat="46.14476" lon="-110.41788"><ele>0</ele><time>2026-10-07T11:54:22.830Z</time></trkpt><trkpt lat="46.14504" lon="-110.41764"><ele>0</ele><time>2026-10-07T11:54:22.830Z</time></trkpt><trkpt lat="46.14535" lon="-110.41726"><ele>0</ele><time>2026-10-07T11:54:22.830Z</time></trkpt><trkpt lat="46.14563" lon="-110.41714"><ele>0</ele><time>2026-10-07T11:54:22.830Z</time></trkpt><trkpt lat="46.14581" lon="-110.41701"><ele>0</ele><time>2026-10-07T11:54:22.830Z</time></trkpt><trkpt lat="46.14592" lon="-110.41682"><ele>0</ele><time>2026-10-07T11:54:22.830Z</time></trkpt><trkpt lat="46.14658" lon="-110.41525"><ele>0</ele><time>2026-10-07T11:54:22.830Z</time></trkpt><trkpt lat="46.14659" lon="-110.41391"><ele>0</ele><time>2026-10-07T11:54:22.830Z</time></trkpt><trkpt lat="46.14668" lon="-110.41355"><ele>0</ele><time>2026-10-07T11:54:22.830Z</time></trkpt><trkpt lat="46.14706" lon="-110.41356"><ele>0</ele><time>2026-10-07T11:54:22.830Z</time></trkpt><trkpt lat="46.14726" lon="-110.4137"><ele>0</ele><time>2026-10-07T11:54:22.830Z</time></trkpt><trkpt lat="46.14812" lon="-110.41366"><ele>0</ele><time>2026-10-07T11:54:22.830Z</time></trkpt><trkpt lat="46.14827" lon="-110.41335"><ele>0</ele><time>2026-10-07T11:54:22.830Z</time></trkpt><trkpt lat="46.14847" lon="-110.41309"><ele>0</ele><time>2026-10-07T11:54:22.830Z</time></trkpt><trkpt lat="46.14849" lon="-110.41284"><ele>0</ele><time>2026-10-07T11:54:22.830Z</time></trkpt><trkpt lat="46.14847" lon="-110.4126"><ele>0</ele><time>2026-10-07T11:54:22.830Z</time></trkpt><trkpt lat="46.14842" lon="-110.41238"><ele>0</ele><time>2026-10-07T11:54:22.830Z</time></trkpt><trkpt lat="46.14847" lon="-110.41219"><ele>0</ele><time>2026-10-07T11:54:22.830Z</time></trkpt><trkpt lat="46.14853" lon="-110.41214"><ele>0</ele><time>2026-10-07T11:54:22.830Z</time></trkpt><trkpt lat="46.14913" lon="-110.4126"><ele>0</ele><time>2026-10-07T11:54:22.830Z</time></trkpt><trkpt lat="46.14925" lon="-110.41272"><ele>0</ele><time>2026-10-07T11:54:22.830Z</time></trkpt><trkpt lat="46.14932" lon="-110.41284"><ele>0</ele><time>2026-10-07T11:54:22.830Z</time></trkpt><trkpt lat="46.14939" lon="-110.41288"><ele>0</ele><time>2026-10-07T11:54:22.830Z</time></trkpt><trkpt lat="46.14983" lon="-110.41305"><ele>0</ele><time>2026-10-07T11:54:22.830Z</time></trkpt><trkpt lat="46.15052" lon="-110.41264"><ele>0</ele><time>2026-10-07T11:54:22.830Z</time></trkpt><trkpt lat="46.15064" lon="-110.41232"><ele>0</ele><time>2026-10-07T11:54:22.830Z</time></trkpt><trkpt lat="46.15061" lon="-110.41196"><ele>0</ele><time>2026-10-07T11:54:22.830Z</time></trkpt><trkpt lat="46.15054" lon="-110.41151"><ele>0</ele><time>2026-10-07T11:54:22.830Z</time></trkpt><trkpt lat="46.15061" lon="-110.41131"><ele>0</ele><time>2026-10-07T11:54:22.830Z</time></trkpt><trkpt lat="46.1508" lon="-110.41112"><ele>0</ele><time>2026-10-07T11:54:22.830Z</time></trkpt><trkpt lat="46.15202" lon="-110.41106"><ele>0</ele><time>2026-10-07T11:54:22.830Z</time></trkpt><trkpt lat="46.15226" lon="-110.41093"><ele>0</ele><time>2026-10-07T11:54:22.830Z</time></trkpt><trkpt lat="46.15249" lon="-110.41087"><ele>0</ele><time>2026-10-07T11:54:22.830Z</time></trkpt><trkpt lat="46.15284" lon="-110.41072"><ele>0</ele><time>2026-10-07T11:54:22.830Z</time></trkpt><trkpt lat="46.15312" lon="-110.4105"><ele>0</ele><time>2026-10-07T11:54:22.830Z</time></trkpt><trkpt lat="46.15324" lon="-110.41024"><ele>0</ele><time>2026-10-07T11:54:22.830Z</time></trkpt><trkpt lat="46.15327" lon="-110.41007"><ele>0</ele><time>2026-10-07T11:54:22.830Z</time></trkpt><trkpt lat="46.15332" lon="-110.40918"><ele>0</ele><time>2026-10-07T11:54:22.830Z</time></trkpt><trkpt lat="46.15346" lon="-110.40876"><ele>0</ele><time>2026-10-07T11:54:22.830Z</time></trkpt><trkpt lat="46.15362" lon="-110.40858"><ele>0</ele><time>2026-10-07T11:54:22.830Z</time></trkpt><trkpt lat="46.15377" lon="-110.40829"><ele>0</ele><time>2026-10-07T11:54:22.830Z</time></trkpt><trkpt lat="46.15386" lon="-110.40796"><ele>0</ele><time>2026-10-07T11:54:22.830Z</time></trkpt><trkpt lat="46.15399" lon="-110.40759"><ele>0</ele><time>2026-10-07T11:54:22.830Z</time></trkpt><trkpt lat="46.15415" lon="-110.40726"><ele>0</ele><time>2026-10-07T11:54:22.830Z</time></trkpt><trkpt lat="46.1543" lon="-110.40715"><ele>0</ele><time>2026-10-07T11:54:22.830Z</time></trkpt><trkpt lat="46.15457" lon="-110.40639"><ele>0</ele><time>2026-10-07T11:54:22.830Z</time></trkpt><trkpt lat="46.15459" lon="-110.40604"><ele>0</ele><time>2026-10-07T11:54:22.830Z</time></trkpt><trkpt lat="46.15465" lon="-110.40554"><ele>0</ele><time>2026-10-07T11:54:22.830Z</time></trkpt><trkpt lat="46.15459" lon="-110.40475"><ele>0</ele><time>2026-10-07T11:54:22.830Z</time></trkpt><trkpt lat="46.1546" lon="-110.40443"><ele>0</ele><time>2026-10-07T11:54:22.830Z</time></trkpt><trkpt lat="46.15467" lon="-110.40417"><ele>0</ele><time>2026-10-07T11:54:22.830Z</time></trkpt><trkpt lat="46.15493" lon="-110.40382"><ele>0</ele><time>2026-10-07T11:54:22.830Z</time></trkpt><trkpt lat="46.15528" lon="-110.40368"><ele>0</ele><time>2026-10-07T11:54:22.830Z</time></trkpt><trkpt lat="46.15564" lon="-110.40373"><ele>0</ele><time>2026-10-07T11:54:22.830Z</time></trkpt><trkpt lat="46.1564" lon="-110.40343"><ele>0</ele><time>2026-10-07T11:54:22.830Z</time></trkpt><trkpt lat="46.15659" lon="-110.40343"><ele>0</ele><time>2026-10-07T11:54:22.830Z</time></trkpt><trkpt lat="46.15668" lon="-110.40334"><ele>0</ele><time>2026-10-07T11:54:22.830Z</time></trkpt><trkpt lat="46.15703" lon="-110.40331"><ele>0</ele><time>2026-10-07T11:54:22.830Z</time></trkpt><trkpt lat="46.15724" lon="-110.40333"><ele>0</ele><time>2026-10-07T11:54:22.830Z</time></trkpt><trkpt lat="46.15752" lon="-110.40366"><ele>0</ele><time>2026-10-07T11:54:22.830Z</time></trkpt><trkpt lat="46.15757" lon="-110.40419"><ele>0</ele><time>2026-10-07T11:54:22.830Z</time></trkpt><trkpt lat="46.15785" lon="-110.40458"><ele>0</ele><time>2026-10-07T11:54:22.830Z</time></trkpt><trkpt lat="46.15799" lon="-110.4047"><ele>0</ele><time>2026-10-07T11:54:22.830Z</time></trkpt><trkpt lat="46.15824" lon="-110.40469"><ele>0</ele><time>2026-10-07T11:54:22.830Z</time></trkpt><trkpt lat="46.15839" lon="-110.40465"><ele>0</ele><time>2026-10-07T11:54:22.830Z</time></trkpt><trkpt lat="46.1587" lon="-110.40472"><ele>0</ele><time>2026-10-07T11:54:22.830Z</time></trkpt><trkpt lat="46.15875" lon="-110.40483"><ele>0</ele><time>2026-10-07T11:54:22.830Z</time></trkpt><trkpt lat="46.15873" lon="-110.40519"><ele>0</ele><time>2026-10-07T11:54:22.830Z</time></trkpt><trkpt lat="46.15856" lon="-110.40614"><ele>0</ele><time>2026-10-07T11:54:22.830Z</time></trkpt><trkpt lat="46.15857" lon="-110.40633"><ele>0</ele><time>2026-10-07T11:54:22.830Z</time></trkpt><trkpt lat="46.15885" lon="-110.40686"><ele>0</ele><time>2026-10-07T11:54:22.830Z</time></trkpt><trkpt lat="46.15896" lon="-110.40697"><ele>0</ele><time>2026-10-07T11:54:22.830Z</time></trkpt><trkpt lat="46.15916" lon="-110.40699"><ele>0</ele><time>2026-10-07T11:54:22.830Z</time></trkpt><trkpt lat="46.15925" lon="-110.4069"><ele>0</ele><time>2026-10-07T11:54:22.830Z</time></trkpt><trkpt lat="46.15939" lon="-110.40667"><ele>0</ele><time>2026-10-07T11:54:22.830Z</time></trkpt><trkpt lat="46.15952" lon="-110.4063"><ele>0</ele><time>2026-10-07T11:54:22.830Z</time></trkpt><trkpt lat="46.15948" lon="-110.40591"><ele>0</ele><time>2026-10-07T11:54:22.830Z</time></trkpt><trkpt lat="46.1596" lon="-110.40529"><ele>0</ele><time>2026-10-07T11:54:22.830Z</time></trkpt><trkpt lat="46.15976" lon="-110.40503"><ele>0</ele><time>2026-10-07T11:54:22.830Z</time></trkpt><trkpt lat="46.16001" lon="-110.40488"><ele>0</ele><time>2026-10-07T11:54:22.830Z</time></trkpt><trkpt lat="46.16029" lon="-110.40494"><ele>0</ele><time>2026-10-07T11:54:22.830Z</time></trkpt><trkpt lat="46.16058" lon="-110.40527"><ele>0</ele><time>2026-10-07T11:54:22.830Z</time></trkpt><trkpt lat="46.16098" lon="-110.40581"><ele>0</ele><time>2026-10-07T11:54:22.830Z</time></trkpt><trkpt lat="46.16122" lon="-110.40623"><ele>0</ele><time>2026-10-07T11:54:22.830Z</time></trkpt><trkpt lat="46.1617" lon="-110.40669"><ele>0</ele><time>2026-10-07T11:54:22.830Z</time></trkpt><trkpt lat="46.16168" lon="-110.40678"><ele>0</ele><time>2026-10-07T11:54:22.830Z</time></trkpt><trkpt lat="46.16173" lon="-110.40697"><ele>0</ele><time>2026-10-07T11:54:22.830Z</time></trkpt><trkpt lat="46.1618" lon="-110.40713"><ele>0</ele><time>2026-10-07T11:54:22.830Z</time></trkpt><trkpt lat="46.16188" lon="-110.4072"><ele>0</ele><time>2026-10-07T11:54:22.830Z</time></trkpt><trkpt lat="46.16201" lon="-110.40723"><ele>0</ele><time>2026-10-07T11:54:22.830Z</time></trkpt><trkpt lat="46.16206" lon="-110.40761"><ele>0</ele><time>2026-10-07T11:54:22.830Z</time></trkpt><trkpt lat="46.1619" lon="-110.40892"><ele>0</ele><time>2026-10-07T11:54:22.830Z</time></trkpt><trkpt lat="46.16185" lon="-110.40983"><ele>0</ele><time>2026-10-07T11:54:22.830Z</time></trkpt><trkpt lat="46.16177" lon="-110.41027"><ele>0</ele><time>2026-10-07T11:54:22.830Z</time></trkpt><trkpt lat="46.16161" lon="-110.41066"><ele>0</ele><time>2026-10-07T11:54:22.830Z</time></trkpt><trkpt lat="46.16134" lon="-110.41118"><ele>0</ele><time>2026-10-07T11:54:22.830Z</time></trkpt><trkpt lat="46.16122" lon="-110.41148"><ele>0</ele><time>2026-10-07T11:54:22.830Z</time></trkpt><trkpt lat="46.16116" lon="-110.41187"><ele>0</ele><time>2026-10-07T11:54:22.830Z</time></trkpt><trkpt lat="46.16115" lon="-110.4126"><ele>0</ele><time>2026-10-07T11:54:22.830Z</time></trkpt><trkpt lat="46.16125" lon="-110.41377"><ele>0</ele><time>2026-10-07T11:54:22.830Z</time></trkpt><trkpt lat="46.16138" lon="-110.41432"><ele>0</ele><time>2026-10-07T11:54:22.830Z</time></trkpt><trkpt lat="46.16157" lon="-110.41484"><ele>0</ele><time>2026-10-07T11:54:22.830Z</time></trkpt><trkpt lat="46.16169" lon="-110.41506"><ele>0</ele><time>2026-10-07T11:54:22.830Z</time></trkpt><trkpt lat="46.16181" lon="-110.41517"><ele>0</ele><time>2026-10-07T11:54:22.830Z</time></trkpt><trkpt lat="46.16226" lon="-110.41528"><ele>0</ele><time>2026-10-07T11:54:22.830Z</time></trkpt><trkpt lat="46.16271" lon="-110.41557"><ele>0</ele><time>2026-10-07T11:54:22.830Z</time></trkpt><trkpt lat="46.16304" lon="-110.41589"><ele>0</ele><time>2026-10-07T11:54:22.830Z</time></trkpt><trkpt lat="46.16319" lon="-110.41596"><ele>0</ele><time>2026-10-07T11:54:22.830Z</time></trkpt><trkpt lat="46.16336" lon="-110.41592"><ele>0</ele><time>2026-10-07T11:54:22.830Z</time></trkpt><trkpt lat="46.16351" lon="-110.41576"><ele>0</ele><time>2026-10-07T11:54:22.830Z</time></trkpt><trkpt lat="46.16372" lon="-110.41522"><ele>0</ele><time>2026-10-07T11:54:22.830Z</time></trkpt><trkpt lat="46.16385" lon="-110.41499"><ele>0</ele><time>2026-10-07T11:54:22.830Z</time></trkpt><trkpt lat="46.16422" lon="-110.41458"><ele>0</ele><time>2026-10-07T11:54:22.830Z</time></trkpt><trkpt lat="46.16444" lon="-110.41444"><ele>0</ele><time>2026-10-07T11:54:22.830Z</time></trkpt><trkpt lat="46.16467" lon="-110.41445"><ele>0</ele><time>2026-10-07T11:54:22.830Z</time></trkpt><trkpt lat="46.1649" lon="-110.41457"><ele>0</ele><time>2026-10-07T11:54:22.830Z</time></trkpt><trkpt lat="46.16521" lon="-110.41484"><ele>0</ele><time>2026-10-07T11:54:22.830Z</time></trkpt><trkpt lat="46.16531" lon="-110.41504"><ele>0</ele><time>2026-10-07T11:54:22.830Z</time></trkpt><trkpt lat="46.16537" lon="-110.41526"><ele>0</ele><time>2026-10-07T11:54:22.830Z</time></trkpt><trkpt lat="46.16545" lon="-110.41627"><ele>0</ele><time>2026-10-07T11:54:22.830Z</time></trkpt><trkpt lat="46.16554" lon="-110.4165"><ele>0</ele><time>2026-10-07T11:54:22.830Z</time></trkpt><trkpt lat="46.16568" lon="-110.4166"><ele>0</ele><time>2026-10-07T11:54:22.830Z</time></trkpt><trkpt lat="46.16635" lon="-110.41667"><ele>0</ele><time>2026-10-07T11:54:22.830Z</time></trkpt><trkpt lat="46.16676" lon="-110.41688"><ele>0</ele><time>2026-10-07T11:54:22.830Z</time></trkpt><trkpt lat="46.16699" lon="-110.41708"><ele>0</ele><time>2026-10-07T11:54:22.830Z</time></trkpt><trkpt lat="46.16743" lon="-110.41761"><ele>0</ele><time>2026-10-07T11:54:22.830Z</time></trkpt><trkpt lat="46.16792" lon="-110.41811"><ele>0</ele><time>2026-10-07T11:54:22.830Z</time></trkpt><trkpt lat="46.16863" lon="-110.41861"><ele>0</ele><time>2026-10-07T11:54:22.830Z</time></trkpt><trkpt lat="46.16918" lon="-110.41885"><ele>0</ele><time>2026-10-07T11:54:22.830Z</time></trkpt><trkpt lat="46.16935" lon="-110.41901"><ele>0</ele><time>2026-10-07T11:54:22.830Z</time></trkpt><trkpt lat="46.16975" lon="-110.41983"><ele>0</ele><time>2026-10-07T11:54:22.830Z</time></trkpt><trkpt lat="46.16975" lon="-110.419936"><ele>0</ele><time>2026-10-07T11:54:22.830Z</time></trkpt><trkpt lat="46.170026" lon="-110.420211"><ele>0</ele><time>2026-10-07T11:54:22.830Z</time></trkpt><trkpt lat="46.170175" lon="-110.419975"><ele>0</ele><time>2026-10-07T11:54:22.830Z</time></trkpt><trkpt lat="46.170398" lon="-110.420297"><ele>0</ele><time>2026-10-07T11:54:22.830Z</time></trkpt><trkpt lat="46.170472" lon="-110.420769"><ele>0</ele><time>2026-10-07T11:54:22.830Z</time></trkpt><trkpt lat="46.17117" lon="-110.42137"><ele>0</ele><time>2026-10-07T11:54:22.830Z</time></trkpt><trkpt lat="46.171646" lon="-110.421928"><ele>0</ele><time>2026-10-07T11:54:22.830Z</time></trkpt><trkpt lat="46.171869" lon="-110.422443"><ele>0</ele><time>2026-10-07T11:54:22.830Z</time></trkpt><trkpt lat="46.172508" lon="-110.422937"><ele>0</ele><time>2026-10-07T11:54:22.830Z</time></trkpt><trkpt lat="46.172805" lon="-110.423194"><ele>0</ele><time>2026-10-07T11:54:22.830Z</time></trkpt><trkpt lat="46.173058" lon="-110.423773"><ele>0</ele><time>2026-10-07T11:54:22.830Z</time></trkpt><trkpt lat="46.17328" lon="-110.424932"><ele>0</ele><time>2026-10-07T11:54:22.830Z</time></trkpt><trkpt lat="46.173503" lon="-110.425061"><ele>0</ele><time>2026-10-07T11:54:22.830Z</time></trkpt><trkpt lat="46.173607" lon="-110.424954"><ele>0</ele><time>2026-10-07T11:54:22.830Z</time></trkpt><trkpt lat="46.173586" lon="-110.424952"><ele>0</ele><time>2026-10-07T11:54:22.830Z</time></trkpt><trkpt lat="46.17357" lon="-110.42414"><ele>0</ele><time>2026-10-07T11:54:22.830Z</time></trkpt><trkpt lat="46.17343" lon="-110.42321"><ele>0</ele><time>2026-10-07T11:54:22.830Z</time></trkpt><trkpt lat="46.17332" lon="-110.42264"><ele>0</ele><time>2026-10-07T11:54:22.830Z</time></trkpt><trkpt lat="46.17332" lon="-110.42243"><ele>0</ele><time>2026-10-07T11:54:22.831Z</time></trkpt><trkpt lat="46.17337" lon="-110.42215"><ele>0</ele><time>2026-10-07T11:54:22.831Z</time></trkpt><trkpt lat="46.17349" lon="-110.42198"><ele>0</ele><time>2026-10-07T11:54:22.831Z</time></trkpt><trkpt lat="46.17358" lon="-110.42195"><ele>0</ele><time>2026-10-07T11:54:22.831Z</time></trkpt><trkpt lat="46.17404" lon="-110.4221"><ele>0</ele><time>2026-10-07T11:54:22.831Z</time></trkpt><trkpt lat="46.17417" lon="-110.42219"><ele>0</ele><time>2026-10-07T11:54:22.831Z</time></trkpt><trkpt lat="46.17428" lon="-110.42235"><ele>0</ele><time>2026-10-07T11:54:22.831Z</time></trkpt><trkpt lat="46.1745" lon="-110.42275"><ele>0</ele><time>2026-10-07T11:54:22.831Z</time></trkpt><trkpt lat="46.17544" lon="-110.42375"><ele>0</ele><time>2026-10-07T11:54:22.831Z</time></trkpt><trkpt lat="46.17575" lon="-110.42413"><ele>0</ele><time>2026-10-07T11:54:22.831Z</time></trkpt><trkpt lat="46.17673" lon="-110.42496"><ele>0</ele><time>2026-10-07T11:54:22.831Z</time></trkpt><trkpt lat="46.17692" lon="-110.42507"><ele>0</ele><time>2026-10-07T11:54:22.831Z</time></trkpt><trkpt lat="46.1771" lon="-110.42513"><ele>0</ele><time>2026-10-07T11:54:22.831Z</time></trkpt><trkpt lat="46.17737" lon="-110.42516"><ele>0</ele><time>2026-10-07T11:54:22.831Z</time></trkpt><trkpt lat="46.17799" lon="-110.42511"><ele>0</ele><time>2026-10-07T11:54:22.831Z</time></trkpt><trkpt lat="46.17835" lon="-110.42503"><ele>0</ele><time>2026-10-07T11:54:22.831Z</time></trkpt><trkpt lat="46.17895" lon="-110.42481"><ele>0</ele><time>2026-10-07T11:54:22.831Z</time></trkpt><trkpt lat="46.17918" lon="-110.42469"><ele>0</ele><time>2026-10-07T11:54:22.831Z</time></trkpt><trkpt lat="46.17983" lon="-110.4242"><ele>0</ele><time>2026-10-07T11:54:22.831Z</time></trkpt><trkpt lat="46.18016" lon="-110.42398"><ele>0</ele><time>2026-10-07T11:54:22.831Z</time></trkpt><trkpt lat="46.18033" lon="-110.42379"><ele>0</ele><time>2026-10-07T11:54:22.831Z</time></trkpt><trkpt lat="46.18047" lon="-110.42354"><ele>0</ele><time>2026-10-07T11:54:22.831Z</time></trkpt><trkpt lat="46.18059" lon="-110.42322"><ele>0</ele><time>2026-10-07T11:54:22.831Z</time></trkpt><trkpt lat="46.1808" lon="-110.4225"><ele>0</ele><time>2026-10-07T11:54:22.831Z</time></trkpt><trkpt lat="46.18091" lon="-110.42229"><ele>0</ele><time>2026-10-07T11:54:22.831Z</time></trkpt><trkpt lat="46.18122" lon="-110.42189"><ele>0</ele><time>2026-10-07T11:54:22.831Z</time></trkpt><trkpt lat="46.18157" lon="-110.42135"><ele>0</ele><time>2026-10-07T11:54:22.831Z</time></trkpt><trkpt lat="46.18193" lon="-110.42091"><ele>0</ele><time>2026-10-07T11:54:22.831Z</time></trkpt><trkpt lat="46.18204" lon="-110.42069"><ele>0</ele><time>2026-10-07T11:54:22.831Z</time></trkpt><trkpt lat="46.18211" lon="-110.42047"><ele>0</ele><time>2026-10-07T11:54:22.831Z</time></trkpt><trkpt lat="46.18213" lon="-110.42027"><ele>0</ele><time>2026-10-07T11:54:22.831Z</time></trkpt><trkpt lat="46.18213" lon="-110.42008"><ele>0</ele><time>2026-10-07T11:54:22.831Z</time></trkpt><trkpt lat="46.18206" lon="-110.41957"><ele>0</ele><time>2026-10-07T11:54:22.831Z</time></trkpt><trkpt lat="46.18208" lon="-110.41944"><ele>0</ele><time>2026-10-07T11:54:22.831Z</time></trkpt><trkpt lat="46.18214" lon="-110.41927"><ele>0</ele><time>2026-10-07T11:54:22.831Z</time></trkpt><trkpt lat="46.1824" lon="-110.41893"><ele>0</ele><time>2026-10-07T11:54:22.831Z</time></trkpt><trkpt lat="46.18247" lon="-110.4188"><ele>0</ele><time>2026-10-07T11:54:22.831Z</time></trkpt><trkpt lat="46.18255" lon="-110.41853"><ele>0</ele><time>2026-10-07T11:54:22.831Z</time></trkpt><trkpt lat="46.18288" lon="-110.4171"><ele>0</ele><time>2026-10-07T11:54:22.831Z</time></trkpt><trkpt lat="46.18296" lon="-110.41618"><ele>0</ele><time>2026-10-07T11:54:22.831Z</time></trkpt><trkpt lat="46.18295" lon="-110.41589"><ele>0</ele><time>2026-10-07T11:54:22.831Z</time></trkpt><trkpt lat="46.18292" lon="-110.41575"><ele>0</ele><time>2026-10-07T11:54:22.831Z</time></trkpt><trkpt lat="46.18258" lon="-110.41523"><ele>0</ele><time>2026-10-07T11:54:22.831Z</time></trkpt><trkpt lat="46.18245" lon="-110.4147"><ele>0</ele><time>2026-10-07T11:54:22.831Z</time></trkpt><trkpt lat="46.18231" lon="-110.41433"><ele>0</ele><time>2026-10-07T11:54:22.831Z</time></trkpt><trkpt lat="46.18228" lon="-110.41404"><ele>0</ele><time>2026-10-07T11:54:22.831Z</time></trkpt><trkpt lat="46.18231" lon="-110.41354"><ele>0</ele><time>2026-10-07T11:54:22.831Z</time></trkpt><trkpt lat="46.18228" lon="-110.41305"><ele>0</ele><time>2026-10-07T11:54:22.831Z</time></trkpt><trkpt lat="46.18221" lon="-110.4126"><ele>0</ele><time>2026-10-07T11:54:22.831Z</time></trkpt><trkpt lat="46.18223" lon="-110.41217"><ele>0</ele><time>2026-10-07T11:54:22.831Z</time></trkpt><trkpt lat="46.18233" lon="-110.41105"><ele>0</ele><time>2026-10-07T11:54:22.831Z</time></trkpt><trkpt lat="46.18227" lon="-110.41028"><ele>0</ele><time>2026-10-07T11:54:22.831Z</time></trkpt><trkpt lat="46.18227" lon="-110.40989"><ele>0</ele><time>2026-10-07T11:54:22.831Z</time></trkpt><trkpt lat="46.18257" lon="-110.40864"><ele>0</ele><time>2026-10-07T11:54:22.831Z</time></trkpt><trkpt lat="46.18268" lon="-110.40806"><ele>0</ele><time>2026-10-07T11:54:22.831Z</time></trkpt><trkpt lat="46.18285" lon="-110.40763"><ele>0</ele><time>2026-10-07T11:54:22.831Z</time></trkpt><trkpt lat="46.18308" lon="-110.4072"><ele>0</ele><time>2026-10-07T11:54:22.831Z</time></trkpt><trkpt lat="46.18315" lon="-110.40713"><ele>0</ele><time>2026-10-07T11:54:22.831Z</time></trkpt><trkpt lat="46.18346" lon="-110.40695"><ele>0</ele><time>2026-10-07T11:54:22.831Z</time></trkpt><trkpt lat="46.18432" lon="-110.40623"><ele>0</ele><time>2026-10-07T11:54:22.831Z</time></trkpt><trkpt lat="46.18456" lon="-110.40606"><ele>0</ele><time>2026-10-07T11:54:22.831Z</time></trkpt><trkpt lat="46.18485" lon="-110.40571"><ele>0</ele><time>2026-10-07T11:54:22.831Z</time></trkpt><trkpt lat="46.18501" lon="-110.40544"><ele>0</ele><time>2026-10-07T11:54:22.831Z</time></trkpt><trkpt lat="46.18536" lon="-110.4046"><ele>0</ele><time>2026-10-07T11:54:22.831Z</time></trkpt><trkpt lat="46.18539" lon="-110.40444"><ele>0</ele><time>2026-10-07T11:54:22.831Z</time></trkpt><trkpt lat="46.18544" lon="-110.40361"><ele>0</ele><time>2026-10-07T11:54:22.831Z</time></trkpt><trkpt lat="46.18549" lon="-110.4034"><ele>0</ele><time>2026-10-07T11:54:22.831Z</time></trkpt><trkpt lat="46.18571" lon="-110.4028"><ele>0</ele><time>2026-10-07T11:54:22.831Z</time></trkpt><trkpt lat="46.18586" lon="-110.40231"><ele>0</ele><time>2026-10-07T11:54:22.831Z</time></trkpt><trkpt lat="46.18593" lon="-110.4022"><ele>0</ele><time>2026-10-07T11:54:22.831Z</time></trkpt><trkpt lat="46.1861" lon="-110.40211"><ele>0</ele><time>2026-10-07T11:54:22.831Z</time></trkpt><trkpt lat="46.18638" lon="-110.402145"><ele>0</ele><time>2026-10-07T11:54:22.831Z</time></trkpt><trkpt lat="46.18634" lon="-110.40335"><ele>0</ele><time>2026-10-07T11:54:22.831Z</time></trkpt><trkpt lat="46.1863" lon="-110.40355"><ele>0</ele><time>2026-10-07T11:54:22.831Z</time></trkpt><trkpt lat="46.18619" lon="-110.40389"><ele>0</ele><time>2026-10-07T11:54:22.831Z</time></trkpt><trkpt lat="46.18586" lon="-110.40466"><ele>0</ele><time>2026-10-07T11:54:22.831Z</time></trkpt><trkpt lat="46.18586" lon="-110.40504"><ele>0</ele><time>2026-10-07T11:54:22.831Z</time></trkpt><trkpt lat="46.18581" lon="-110.40513"><ele>0</ele><time>2026-10-07T11:54:22.831Z</time></trkpt><trkpt lat="46.18577" lon="-110.40513"><ele>0</ele><time>2026-10-07T11:54:22.831Z</time></trkpt><trkpt lat="46.185761" lon="-110.405295"><ele>0</ele><time>2026-10-07T11:54:22.831Z</time></trkpt><trkpt lat="46.18577" lon="-110.40513"><ele>0</ele><time>2026-10-07T11:54:22.831Z</time></trkpt><trkpt lat="46.18581" lon="-110.40513"><ele>0</ele><time>2026-10-07T11:54:22.831Z</time></trkpt><trkpt lat="46.18586" lon="-110.40504"><ele>0</ele><time>2026-10-07T11:54:22.831Z</time></trkpt><trkpt lat="46.18586" lon="-110.40466"><ele>0</ele><time>2026-10-07T11:54:22.831Z</time></trkpt><trkpt lat="46.18619" lon="-110.40389"><ele>0</ele><time>2026-10-07T11:54:22.831Z</time></trkpt><trkpt lat="46.1863" lon="-110.40355"><ele>0</ele><time>2026-10-07T11:54:22.831Z</time></trkpt><trkpt lat="46.18634" lon="-110.40335"><ele>0</ele><time>2026-10-07T11:54:22.831Z</time></trkpt><trkpt lat="46.18638" lon="-110.402145"><ele>0</ele><time>2026-10-07T11:54:22.831Z</time></trkpt><trkpt lat="46.18674" lon="-110.40219"><ele>0</ele><time>2026-10-07T11:54:22.831Z</time></trkpt><trkpt lat="46.186853" lon="-110.402386"><ele>0</ele><time>2026-10-07T11:54:22.831Z</time></trkpt><trkpt lat="46.18688" lon="-110.40285"><ele>0</ele><time>2026-10-07T11:54:22.831Z</time></trkpt><trkpt lat="46.18687" lon="-110.40351"><ele>0</ele><time>2026-10-07T11:54:22.831Z</time></trkpt><trkpt lat="46.18698" lon="-110.40448"><ele>0</ele><time>2026-10-07T11:54:22.831Z</time></trkpt><trkpt lat="46.18702" lon="-110.4047"><ele>0</ele><time>2026-10-07T11:54:22.831Z</time></trkpt><trkpt lat="46.187008" lon="-110.404693"><ele>0</ele><time>2026-10-07T11:54:22.831Z</time></trkpt><trkpt lat="46.18733" lon="-110.40591"><ele>0</ele><time>2026-10-07T11:54:22.831Z</time></trkpt><trkpt lat="46.18737" lon="-110.40611"><ele>0</ele><time>2026-10-07T11:54:22.831Z</time></trkpt><trkpt lat="46.18737" lon="-110.4062"><ele>0</ele><time>2026-10-07T11:54:22.831Z</time></trkpt><trkpt lat="46.18731" lon="-110.4064"><ele>0</ele><time>2026-10-07T11:54:22.831Z</time></trkpt><trkpt lat="46.18712" lon="-110.40659"><ele>0</ele><time>2026-10-07T11:54:22.831Z</time></trkpt><trkpt lat="46.18677" lon="-110.40722"><ele>0</ele><time>2026-10-07T11:54:22.831Z</time></trkpt><trkpt lat="46.18624" lon="-110.40757"><ele>0</ele><time>2026-10-07T11:54:22.831Z</time></trkpt><trkpt lat="46.18566" lon="-110.40809"><ele>0</ele><time>2026-10-07T11:54:22.831Z</time></trkpt><trkpt lat="46.185402" lon="-110.408348"><ele>0</ele><time>2026-10-07T11:54:22.831Z</time></trkpt><trkpt lat="46.185314" lon="-110.409268"><ele>0</ele><time>2026-10-07T11:54:22.831Z</time></trkpt><trkpt lat="46.185359" lon="-110.40989"><ele>0</ele><time>2026-10-07T11:54:22.831Z</time></trkpt><trkpt lat="46.18524" lon="-110.412873"><ele>0</ele><time>2026-10-07T11:54:22.831Z</time></trkpt><trkpt lat="46.185225" lon="-110.414868"><ele>0</ele><time>2026-10-07T11:54:22.831Z</time></trkpt><trkpt lat="46.185261" lon="-110.414855"><ele>0</ele><time>2026-10-07T11:54:22.831Z</time></trkpt><trkpt lat="46.18532" lon="-110.41519"><ele>0</ele><time>2026-10-07T11:54:22.831Z</time></trkpt><trkpt lat="46.18536" lon="-110.41605"><ele>0</ele><time>2026-10-07T11:54:22.831Z</time></trkpt><trkpt lat="46.18531" lon="-110.41667"><ele>0</ele><time>2026-10-07T11:54:22.831Z</time></trkpt><trkpt lat="46.18538" lon="-110.41713"><ele>0</ele><time>2026-10-07T11:54:22.831Z</time></trkpt><trkpt lat="46.18545" lon="-110.41789"><ele>0</ele><time>2026-10-07T11:54:22.831Z</time></trkpt><trkpt lat="46.18546" lon="-110.41833"><ele>0</ele><time>2026-10-07T11:54:22.831Z</time></trkpt><trkpt lat="46.1855" lon="-110.41873"><ele>0</ele><time>2026-10-07T11:54:22.831Z</time></trkpt><trkpt lat="46.18554" lon="-110.41998"><ele>0</ele><time>2026-10-07T11:54:22.831Z</time></trkpt><trkpt lat="46.18562" lon="-110.42043"><ele>0</ele><time>2026-10-07T11:54:22.831Z</time></trkpt><trkpt lat="46.18574" lon="-110.42086"><ele>0</ele><time>2026-10-07T11:54:22.831Z</time></trkpt><trkpt lat="46.18582" lon="-110.42142"><ele>0</ele><time>2026-10-07T11:54:22.831Z</time></trkpt><trkpt lat="46.18577" lon="-110.42209"><ele>0</ele><time>2026-10-07T11:54:22.831Z</time></trkpt><trkpt lat="46.1856" lon="-110.42316"><ele>0</ele><time>2026-10-07T11:54:22.831Z</time></trkpt><trkpt lat="46.18547" lon="-110.42352"><ele>0</ele><time>2026-10-07T11:54:22.831Z</time></trkpt><trkpt lat="46.18541" lon="-110.42376"><ele>0</ele><time>2026-10-07T11:54:22.831Z</time></trkpt><trkpt lat="46.185284" lon="-110.425356"><ele>0</ele><time>2026-10-07T11:54:22.831Z</time></trkpt><trkpt lat="46.185288" lon="-110.425302"><ele>0</ele><time>2026-10-07T11:54:22.831Z</time></trkpt><trkpt lat="46.18554" lon="-110.42544"><ele>0</ele><time>2026-10-07T11:54:22.831Z</time></trkpt><trkpt lat="46.18587" lon="-110.42559"><ele>0</ele><time>2026-10-07T11:54:22.831Z</time></trkpt><trkpt lat="46.18605" lon="-110.42561"><ele>0</ele><time>2026-10-07T11:54:22.831Z</time></trkpt><trkpt lat="46.18639" lon="-110.42558"><ele>0</ele><time>2026-10-07T11:54:22.831Z</time></trkpt><trkpt lat="46.18674" lon="-110.42572"><ele>0</ele><time>2026-10-07T11:54:22.831Z</time></trkpt><trkpt lat="46.18681" lon="-110.42578"><ele>0</ele><time>2026-10-07T11:54:22.831Z</time></trkpt><trkpt lat="46.18688" lon="-110.42595"><ele>0</ele><time>2026-10-07T11:54:22.831Z</time></trkpt><trkpt lat="46.1869" lon="-110.42644"><ele>0</ele><time>2026-10-07T11:54:22.831Z</time></trkpt><trkpt lat="46.18696" lon="-110.42661"><ele>0</ele><time>2026-10-07T11:54:22.831Z</time></trkpt><trkpt lat="46.18705" lon="-110.42672"><ele>0</ele><time>2026-10-07T11:54:22.831Z</time></trkpt><trkpt lat="46.18713" lon="-110.42676"><ele>0</ele><time>2026-10-07T11:54:22.831Z</time></trkpt><trkpt lat="46.18736" lon="-110.42676"><ele>0</ele><time>2026-10-07T11:54:22.831Z</time></trkpt><trkpt lat="46.18803" lon="-110.42648"><ele>0</ele><time>2026-10-07T11:54:22.831Z</time></trkpt><trkpt lat="46.18839" lon="-110.42615"><ele>0</ele><time>2026-10-07T11:54:22.831Z</time></trkpt><trkpt lat="46.18888" lon="-110.42598"><ele>0</ele><time>2026-10-07T11:54:22.831Z</time></trkpt><trkpt lat="46.189337" lon="-110.425707"><ele>0</ele><time>2026-10-07T11:54:22.831Z</time></trkpt><trkpt lat="46.189393" lon="-110.425831"><ele>0</ele><time>2026-10-07T11:54:22.831Z</time></trkpt><trkpt lat="46.189349" lon="-110.425965"><ele>0</ele><time>2026-10-07T11:54:22.831Z</time></trkpt><trkpt lat="46.189341" lon="-110.426244"><ele>0</ele><time>2026-10-07T11:54:22.831Z</time></trkpt><trkpt lat="46.189286" lon="-110.426448"><ele>0</ele><time>2026-10-07T11:54:22.831Z</time></trkpt><trkpt lat="46.189278" lon="-110.426769"><ele>0</ele><time>2026-10-07T11:54:22.831Z</time></trkpt><trkpt lat="46.189371" lon="-110.427038"><ele>0</ele><time>2026-10-07T11:54:22.831Z</time></trkpt><trkpt lat="46.189512" lon="-110.430948"><ele>0</ele><time>2026-10-07T11:54:22.831Z</time></trkpt><trkpt lat="46.189627" lon="-110.431855"><ele>0</ele><time>2026-10-07T11:54:22.831Z</time></trkpt><trkpt lat="46.189598" lon="-110.432021"><ele>0</ele><time>2026-10-07T11:54:22.831Z</time></trkpt><trkpt lat="46.189638" lon="-110.432188"><ele>0</ele><time>2026-10-07T11:54:22.831Z</time></trkpt><trkpt lat="46.189716" lon="-110.432391"><ele>0</ele><time>2026-10-07T11:54:22.831Z</time></trkpt><trkpt lat="46.189765" lon="-110.432815"><ele>0</ele><time>2026-10-07T11:54:22.831Z</time></trkpt><trkpt lat="46.190136" lon="-110.432863"><ele>0</ele><time>2026-10-07T11:54:22.831Z</time></trkpt><trkpt lat="46.19026" lon="-110.43305"><ele>0</ele><time>2026-10-07T11:54:22.831Z</time></trkpt><trkpt lat="46.19055" lon="-110.43307"><ele>0</ele><time>2026-10-07T11:54:22.831Z</time></trkpt><trkpt lat="46.19121" lon="-110.43325"><ele>0</ele><time>2026-10-07T11:54:22.831Z</time></trkpt><trkpt lat="46.19132" lon="-110.43323"><ele>0</ele><time>2026-10-07T11:54:22.831Z</time></trkpt><trkpt lat="46.19165" lon="-110.43306"><ele>0</ele><time>2026-10-07T11:54:22.831Z</time></trkpt><trkpt lat="46.19214" lon="-110.43297"><ele>0</ele><time>2026-10-07T11:54:22.831Z</time></trkpt><trkpt lat="46.19248" lon="-110.43284"><ele>0</ele><time>2026-10-07T11:54:22.831Z</time></trkpt><trkpt lat="46.19282" lon="-110.43281"><ele>0</ele><time>2026-10-07T11:54:22.831Z</time></trkpt><trkpt lat="46.19329" lon="-110.43271"><ele>0</ele><time>2026-10-07T11:54:22.831Z</time></trkpt><trkpt lat="46.19382" lon="-110.4325"><ele>0</ele><time>2026-10-07T11:54:22.831Z</time></trkpt><trkpt lat="46.19401" lon="-110.4324"><ele>0</ele><time>2026-10-07T11:54:22.831Z</time></trkpt><trkpt lat="46.19504" lon="-110.43142"><ele>0</ele><time>2026-10-07T11:54:22.831Z</time></trkpt><trkpt lat="46.1954" lon="-110.43102"><ele>0</ele><time>2026-10-07T11:54:22.831Z</time></trkpt><trkpt lat="46.19558" lon="-110.43097"><ele>0</ele><time>2026-10-07T11:54:22.831Z</time></trkpt><trkpt lat="46.19581" lon="-110.43098"><ele>0</ele><time>2026-10-07T11:54:22.831Z</time></trkpt><trkpt lat="46.19645" lon="-110.43119"><ele>0</ele><time>2026-10-07T11:54:22.831Z</time></trkpt><trkpt lat="46.1969" lon="-110.43153"><ele>0</ele><time>2026-10-07T11:54:22.831Z</time></trkpt><trkpt lat="46.19716" lon="-110.43165"><ele>0</ele><time>2026-10-07T11:54:22.831Z</time></trkpt><trkpt lat="46.19744" lon="-110.43182"><ele>0</ele><time>2026-10-07T11:54:22.831Z</time></trkpt><trkpt lat="46.1978" lon="-110.43221"><ele>0</ele><time>2026-10-07T11:54:22.831Z</time></trkpt><trkpt lat="46.19793" lon="-110.43231"><ele>0</ele><time>2026-10-07T11:54:22.831Z</time></trkpt><trkpt lat="46.19828" lon="-110.43267"><ele>0</ele><time>2026-10-07T11:54:22.831Z</time></trkpt><trkpt lat="46.19849" lon="-110.43283"><ele>0</ele><time>2026-10-07T11:54:22.831Z</time></trkpt><trkpt lat="46.19878" lon="-110.43298"><ele>0</ele><time>2026-10-07T11:54:22.831Z</time></trkpt><trkpt lat="46.1989" lon="-110.43302"><ele>0</ele><time>2026-10-07T11:54:22.831Z</time></trkpt><trkpt lat="46.19946" lon="-110.43306"><ele>0</ele><time>2026-10-07T11:54:22.831Z</time></trkpt><trkpt lat="46.19976" lon="-110.43312"><ele>0</ele><time>2026-10-07T11:54:22.831Z</time></trkpt><trkpt lat="46.20089" lon="-110.43302"><ele>0</ele><time>2026-10-07T11:54:22.831Z</time></trkpt><trkpt lat="46.20107" lon="-110.43302"><ele>0</ele><time>2026-10-07T11:54:22.831Z</time></trkpt><trkpt lat="46.20126" lon="-110.43309"><ele>0</ele><time>2026-10-07T11:54:22.831Z</time></trkpt><trkpt lat="46.20139" lon="-110.4331"><ele>0</ele><time>2026-10-07T11:54:22.831Z</time></trkpt><trkpt lat="46.20144" lon="-110.43306"><ele>0</ele><time>2026-10-07T11:54:22.831Z</time></trkpt><trkpt lat="46.20154" lon="-110.43285"><ele>0</ele><time>2026-10-07T11:54:22.831Z</time></trkpt><trkpt lat="46.20164" lon="-110.43279"><ele>0</ele><time>2026-10-07T11:54:22.831Z</time></trkpt><trkpt lat="46.20181" lon="-110.4328"><ele>0</ele><time>2026-10-07T11:54:22.831Z</time></trkpt><trkpt lat="46.20193" lon="-110.43277"><ele>0</ele><time>2026-10-07T11:54:22.831Z</time></trkpt><trkpt lat="46.20222" lon="-110.43261"><ele>0</ele><time>2026-10-07T11:54:22.831Z</time></trkpt><trkpt lat="46.20292" lon="-110.43235"><ele>0</ele><time>2026-10-07T11:54:22.831Z</time></trkpt><trkpt lat="46.20313" lon="-110.43217"><ele>0</ele><time>2026-10-07T11:54:22.831Z</time></trkpt><trkpt lat="46.20343" lon="-110.4321"><ele>0</ele><time>2026-10-07T11:54:22.831Z</time></trkpt><trkpt lat="46.20365" lon="-110.43197"><ele>0</ele><time>2026-10-07T11:54:22.831Z</time></trkpt><trkpt lat="46.20381" lon="-110.43194"><ele>0</ele><time>2026-10-07T11:54:22.831Z</time></trkpt><trkpt lat="46.20462" lon="-110.43164"><ele>0</ele><time>2026-10-07T11:54:22.831Z</time></trkpt><trkpt lat="46.20514" lon="-110.43154"><ele>0</ele><time>2026-10-07T11:54:22.831Z</time></trkpt><trkpt lat="46.20544" lon="-110.43154"><ele>0</ele><time>2026-10-07T11:54:22.831Z</time></trkpt><trkpt lat="46.20552" lon="-110.43159"><ele>0</ele><time>2026-10-07T11:54:22.831Z</time></trkpt><trkpt lat="46.2062" lon="-110.43222"><ele>0</ele><time>2026-10-07T11:54:22.831Z</time></trkpt><trkpt lat="46.20831" lon="-110.43472"><ele>0</ele><time>2026-10-07T11:54:22.831Z</time></trkpt><trkpt lat="46.20861" lon="-110.43496"><ele>0</ele><time>2026-10-07T11:54:22.831Z</time></trkpt><trkpt lat="46.20891" lon="-110.43536"><ele>0</ele><time>2026-10-07T11:54:22.831Z</time></trkpt><trkpt lat="46.20927" lon="-110.43566"><ele>0</ele><time>2026-10-07T11:54:22.831Z</time></trkpt><trkpt lat="46.20964" lon="-110.43604"><ele>0</ele><time>2026-10-07T11:54:22.831Z</time></trkpt><trkpt lat="46.20973" lon="-110.43611"><ele>0</ele><time>2026-10-07T11:54:22.831Z</time></trkpt><trkpt lat="46.2099" lon="-110.43614"><ele>0</ele><time>2026-10-07T11:54:22.831Z</time></trkpt><trkpt lat="46.21025" lon="-110.43633"><ele>0</ele><time>2026-10-07T11:54:22.831Z</time></trkpt><trkpt lat="46.21111" lon="-110.43664"><ele>0</ele><time>2026-10-07T11:54:22.831Z</time></trkpt><trkpt lat="46.21128" lon="-110.43675"><ele>0</ele><time>2026-10-07T11:54:22.831Z</time></trkpt><trkpt lat="46.21173" lon="-110.43686"><ele>0</ele><time>2026-10-07T11:54:22.831Z</time></trkpt><trkpt lat="46.21298" lon="-110.43696"><ele>0</ele><time>2026-10-07T11:54:22.831Z</time></trkpt><trkpt lat="46.21326" lon="-110.43689"><ele>0</ele><time>2026-10-07T11:54:22.831Z</time></trkpt><trkpt lat="46.21368" lon="-110.4369"><ele>0</ele><time>2026-10-07T11:54:22.831Z</time></trkpt><trkpt lat="46.21442" lon="-110.43676"><ele>0</ele><time>2026-10-07T11:54:22.831Z</time></trkpt><trkpt lat="46.21527" lon="-110.43654"><ele>0</ele><time>2026-10-07T11:54:22.831Z</time></trkpt><trkpt lat="46.21597" lon="-110.43606"><ele>0</ele><time>2026-10-07T11:54:22.831Z</time></trkpt><trkpt lat="46.21612" lon="-110.43592"><ele>0</ele><time>2026-10-07T11:54:22.831Z</time></trkpt><trkpt lat="46.21623" lon="-110.43575"><ele>0</ele><time>2026-10-07T11:54:22.831Z</time></trkpt><trkpt lat="46.21631" lon="-110.43556"><ele>0</ele><time>2026-10-07T11:54:22.831Z</time></trkpt><trkpt lat="46.21638" lon="-110.43551"><ele>0</ele><time>2026-10-07T11:54:22.831Z</time></trkpt><trkpt lat="46.216855" lon="-110.435313"><ele>0</ele><time>2026-10-07T11:54:22.831Z</time></trkpt><trkpt lat="46.216849" lon="-110.435631"><ele>0</ele><time>2026-10-07T11:54:22.831Z</time></trkpt><trkpt lat="46.216745" lon="-110.436045"><ele>0</ele><time>2026-10-07T11:54:22.831Z</time></trkpt><trkpt lat="46.216704" lon="-110.436399"><ele>0</ele><time>2026-10-07T11:54:22.831Z</time></trkpt><trkpt lat="46.21657" lon="-110.436758"><ele>0</ele><time>2026-10-07T11:54:22.831Z</time></trkpt><trkpt lat="46.216396" lon="-110.437525"><ele>0</ele><time>2026-10-07T11:54:22.831Z</time></trkpt><trkpt lat="46.216307" lon="-110.438051"><ele>0</ele><time>2026-10-07T11:54:22.831Z</time></trkpt><trkpt lat="46.216281" lon="-110.438823"><ele>0</ele><time>2026-10-07T11:54:22.831Z</time></trkpt><trkpt lat="46.216222" lon="-110.439413"><ele>0</ele><time>2026-10-07T11:54:22.831Z</time></trkpt><trkpt lat="46.216248" lon="-110.439859"><ele>0</ele><time>2026-10-07T11:54:22.831Z</time></trkpt><trkpt lat="46.216299" lon="-110.440277"><ele>0</ele><time>2026-10-07T11:54:22.831Z</time></trkpt><trkpt lat="46.216678" lon="-110.440958"><ele>0</ele><time>2026-10-07T11:54:22.831Z</time></trkpt><trkpt lat="46.216804" lon="-110.441302"><ele>0</ele><time>2026-10-07T11:54:22.831Z</time></trkpt><trkpt lat="46.216934" lon="-110.441581"><ele>0</ele><time>2026-10-07T11:54:22.831Z</time></trkpt><trkpt lat="46.21696" lon="-110.442375"><ele>0</ele><time>2026-10-07T11:54:22.831Z</time></trkpt><trkpt lat="46.216934" lon="-110.442777"><ele>0</ele><time>2026-10-07T11:54:22.831Z</time></trkpt><trkpt lat="46.216875" lon="-110.443238"><ele>0</ele><time>2026-10-07T11:54:22.831Z</time></trkpt><trkpt lat="46.216834" lon="-110.443898"><ele>0</ele><time>2026-10-07T11:54:22.831Z</time></trkpt><trkpt lat="46.216652" lon="-110.444767"><ele>0</ele><time>2026-10-07T11:54:22.831Z</time></trkpt><trkpt lat="46.216511" lon="-110.445287"><ele>0</ele><time>2026-10-07T11:54:22.831Z</time></trkpt><trkpt lat="46.216459" lon="-110.445582"><ele>0</ele><time>2026-10-07T11:54:22.831Z</time></trkpt><trkpt lat="46.216448" lon="-110.445733"><ele>0</ele><time>2026-10-07T11:54:22.831Z</time></trkpt><trkpt lat="46.216622" lon="-110.445899"><ele>0</ele><time>2026-10-07T11:54:22.831Z</time></trkpt><trkpt lat="46.216698" lon="-110.445946"><ele>0</ele><time>2026-10-07T11:54:22.831Z</time></trkpt><trkpt lat="46.216787" lon="-110.445922"><ele>0</ele><time>2026-10-07T11:54:22.831Z</time></trkpt><trkpt lat="46.216827" lon="-110.446034"><ele>0</ele><time>2026-10-07T11:54:22.831Z</time></trkpt><trkpt lat="46.21711" lon="-110.446169"><ele>0</ele><time>2026-10-07T11:54:22.831Z</time></trkpt><trkpt lat="46.217427" lon="-110.446281"><ele>0</ele><time>2026-10-07T11:54:22.831Z</time></trkpt><trkpt lat="46.217705" lon="-110.446912"><ele>0</ele><time>2026-10-07T11:54:22.831Z</time></trkpt><trkpt lat="46.217956" lon="-110.447217"><ele>0</ele><time>2026-10-07T11:54:22.831Z</time></trkpt><trkpt lat="46.218414" lon="-110.447392"><ele>0</ele><time>2026-10-07T11:54:22.831Z</time></trkpt><trkpt lat="46.219548" lon="-110.447628"><ele>0</ele><time>2026-10-07T11:54:22.831Z</time></trkpt><trkpt lat="46.220086" lon="-110.447703"><ele>0</ele><time>2026-10-07T11:54:22.831Z</time></trkpt><trkpt lat="46.220502" lon="-110.447802"><ele>0</ele><time>2026-10-07T11:54:22.831Z</time></trkpt><trkpt lat="46.220795" lon="-110.44807"><ele>0</ele><time>2026-10-07T11:54:22.831Z</time></trkpt><trkpt lat="46.221022" lon="-110.447842"><ele>0</ele><time>2026-10-07T11:54:22.831Z</time></trkpt><trkpt lat="46.221218" lon="-110.447561"><ele>0</ele><time>2026-10-07T11:54:22.831Z</time></trkpt><trkpt lat="46.221549" lon="-110.446826"><ele>0</ele><time>2026-10-07T11:54:22.831Z</time></trkpt><trkpt lat="46.221853" lon="-110.445989"><ele>0</ele><time>2026-10-07T11:54:22.831Z</time></trkpt><trkpt lat="46.221944" lon="-110.445506"><ele>0</ele><time>2026-10-07T11:54:22.831Z</time></trkpt><trkpt lat="46.222592" lon="-110.443454"><ele>0</ele><time>2026-10-07T11:54:22.831Z</time></trkpt><trkpt lat="46.223102" lon="-110.442904"><ele>0</ele><time>2026-10-07T11:54:22.831Z</time></trkpt><trkpt lat="46.223915" lon="-110.441874"><ele>0</ele><time>2026-10-07T11:54:22.831Z</time></trkpt><trkpt lat="46.224956" lon="-110.440187"><ele>0</ele><time>2026-10-07T11:54:22.831Z</time></trkpt><trkpt lat="46.225271" lon="-110.439594"><ele>0</ele><time>2026-10-07T11:54:22.831Z</time></trkpt><trkpt lat="46.226383" lon="-110.437663"><ele>0</ele><time>2026-10-07T11:54:22.831Z</time></trkpt><trkpt lat="46.227069" lon="-110.436612"><ele>0</ele><time>2026-10-07T11:54:22.831Z</time></trkpt><trkpt lat="46.22783" lon="-110.434962"><ele>0</ele><time>2026-10-07T11:54:22.831Z</time></trkpt><trkpt lat="46.228134" lon="-110.433686"><ele>0</ele><time>2026-10-07T11:54:22.831Z</time></trkpt><trkpt lat="46.228231" lon="-110.431521"><ele>0</ele><time>2026-10-07T11:54:22.831Z</time></trkpt><trkpt lat="46.228214" lon="-110.430397"><ele>0</ele><time>2026-10-07T11:54:22.831Z</time></trkpt><trkpt lat="46.228121" lon="-110.430073"><ele>0</ele><time>2026-10-07T11:54:22.831Z</time></trkpt><trkpt lat="46.228162" lon="-110.428766"><ele>0</ele><time>2026-10-07T11:54:22.831Z</time></trkpt><trkpt lat="46.228388" lon="-110.428176"><ele>0</ele><time>2026-10-07T11:54:22.831Z</time></trkpt><trkpt lat="46.228769" lon="-110.427439"><ele>0</ele><time>2026-10-07T11:54:22.831Z</time></trkpt><trkpt lat="46.229481" lon="-110.425277"><ele>0</ele><time>2026-10-07T11:54:22.831Z</time></trkpt><trkpt lat="46.229526" lon="-110.424478"><ele>0</ele><time>2026-10-07T11:54:22.831Z</time></trkpt><trkpt lat="46.22979" lon="-110.42387"><ele>0</ele><time>2026-10-07T11:54:22.831Z</time></trkpt><trkpt lat="46.22986" lon="-110.42394"><ele>0</ele><time>2026-10-07T11:54:22.831Z</time></trkpt><trkpt lat="46.22992" lon="-110.42396"><ele>0</ele><time>2026-10-07T11:54:22.831Z</time></trkpt><trkpt lat="46.23019" lon="-110.42387"><ele>0</ele><time>2026-10-07T11:54:22.831Z</time></trkpt><trkpt lat="46.2304" lon="-110.42385"><ele>0</ele><time>2026-10-07T11:54:22.831Z</time></trkpt><trkpt lat="46.23073" lon="-110.42375"><ele>0</ele><time>2026-10-07T11:54:22.831Z</time></trkpt><trkpt lat="46.23116" lon="-110.42368"><ele>0</ele><time>2026-10-07T11:54:22.831Z</time></trkpt><trkpt lat="46.23132" lon="-110.42375"><ele>0</ele><time>2026-10-07T11:54:22.831Z</time></trkpt><trkpt lat="46.23144" lon="-110.42388"><ele>0</ele><time>2026-10-07T11:54:22.831Z</time></trkpt><trkpt lat="46.2315" lon="-110.42399"><ele>0</ele><time>2026-10-07T11:54:22.831Z</time></trkpt><trkpt lat="46.23187" lon="-110.42498"><ele>0</ele><time>2026-10-07T11:54:22.831Z</time></trkpt><trkpt lat="46.23208" lon="-110.42541"><ele>0</ele><time>2026-10-07T11:54:22.831Z</time></trkpt><trkpt lat="46.23221" lon="-110.42559"><ele>0</ele><time>2026-10-07T11:54:22.831Z</time></trkpt><trkpt lat="46.2324" lon="-110.42571"><ele>0</ele><time>2026-10-07T11:54:22.831Z</time></trkpt><trkpt lat="46.23293" lon="-110.42596"><ele>0</ele><time>2026-10-07T11:54:22.831Z</time></trkpt><trkpt lat="46.23328" lon="-110.4262"><ele>0</ele><time>2026-10-07T11:54:22.831Z</time></trkpt><trkpt lat="46.23388" lon="-110.42668"><ele>0</ele><time>2026-10-07T11:54:22.831Z</time></trkpt><trkpt lat="46.23419" lon="-110.42695"><ele>0</ele><time>2026-10-07T11:54:22.831Z</time></trkpt><trkpt lat="46.23439" lon="-110.42717"><ele>0</ele><time>2026-10-07T11:54:22.831Z</time></trkpt><trkpt lat="46.23465" lon="-110.42767"><ele>0</ele><time>2026-10-07T11:54:22.831Z</time></trkpt><trkpt lat="46.23484" lon="-110.4284"><ele>0</ele><time>2026-10-07T11:54:22.831Z</time></trkpt><trkpt lat="46.23527" lon="-110.42949"><ele>0</ele><time>2026-10-07T11:54:22.831Z</time></trkpt><trkpt lat="46.23586" lon="-110.43049"><ele>0</ele><time>2026-10-07T11:54:22.831Z</time></trkpt><trkpt lat="46.23616" lon="-110.43077"><ele>0</ele><time>2026-10-07T11:54:22.831Z</time></trkpt><trkpt lat="46.2364" lon="-110.43097"><ele>0</ele><time>2026-10-07T11:54:22.831Z</time></trkpt><trkpt lat="46.23672" lon="-110.43119"><ele>0</ele><time>2026-10-07T11:54:22.831Z</time></trkpt><trkpt lat="46.23706" lon="-110.43151"><ele>0</ele><time>2026-10-07T11:54:22.831Z</time></trkpt><trkpt lat="46.2372" lon="-110.43161"><ele>0</ele><time>2026-10-07T11:54:22.831Z</time></trkpt><trkpt lat="46.23744" lon="-110.43189"><ele>0</ele><time>2026-10-07T11:54:22.831Z</time></trkpt><trkpt lat="46.23762" lon="-110.43217"><ele>0</ele><time>2026-10-07T11:54:22.831Z</time></trkpt><trkpt lat="46.23776" lon="-110.43251"><ele>0</ele><time>2026-10-07T11:54:22.831Z</time></trkpt><trkpt lat="46.23787" lon="-110.43289"><ele>0</ele><time>2026-10-07T11:54:22.831Z</time></trkpt><trkpt lat="46.23804" lon="-110.43353"><ele>0</ele><time>2026-10-07T11:54:22.831Z</time></trkpt><trkpt lat="46.23818" lon="-110.43424"><ele>0</ele><time>2026-10-07T11:54:22.831Z</time></trkpt><trkpt lat="46.23827" lon="-110.43436"><ele>0</ele><time>2026-10-07T11:54:22.831Z</time></trkpt><trkpt lat="46.2385" lon="-110.43457"><ele>0</ele><time>2026-10-07T11:54:22.831Z</time></trkpt><trkpt lat="46.23867" lon="-110.43482"><ele>0</ele><time>2026-10-07T11:54:22.831Z</time></trkpt><trkpt lat="46.23879" lon="-110.43513"><ele>0</ele><time>2026-10-07T11:54:22.831Z</time></trkpt><trkpt lat="46.23889" lon="-110.43549"><ele>0</ele><time>2026-10-07T11:54:22.831Z</time></trkpt><trkpt lat="46.23895" lon="-110.43598"><ele>0</ele><time>2026-10-07T11:54:22.831Z</time></trkpt><trkpt lat="46.239" lon="-110.43612"><ele>0</ele><time>2026-10-07T11:54:22.831Z</time></trkpt><trkpt lat="46.23905" lon="-110.43618"><ele>0</ele><time>2026-10-07T11:54:22.831Z</time></trkpt><trkpt lat="46.23917" lon="-110.43623"><ele>0</ele><time>2026-10-07T11:54:22.831Z</time></trkpt><trkpt lat="46.23939" lon="-110.43625"><ele>0</ele><time>2026-10-07T11:54:22.831Z</time></trkpt><trkpt lat="46.23986" lon="-110.43614"><ele>0</ele><time>2026-10-07T11:54:22.831Z</time></trkpt><trkpt lat="46.24027" lon="-110.43617"><ele>0</ele><time>2026-10-07T11:54:22.831Z</time></trkpt><trkpt lat="46.24037" lon="-110.43614"><ele>0</ele><time>2026-10-07T11:54:22.831Z</time></trkpt><trkpt lat="46.24065" lon="-110.43591"><ele>0</ele><time>2026-10-07T11:54:22.831Z</time></trkpt><trkpt lat="46.24097" lon="-110.43568"><ele>0</ele><time>2026-10-07T11:54:22.831Z</time></trkpt><trkpt lat="46.24122" lon="-110.43565"><ele>0</ele><time>2026-10-07T11:54:22.831Z</time></trkpt><trkpt lat="46.2414" lon="-110.43569"><ele>0</ele><time>2026-10-07T11:54:22.831Z</time></trkpt><trkpt lat="46.2416" lon="-110.43584"><ele>0</ele><time>2026-10-07T11:54:22.831Z</time></trkpt><trkpt lat="46.24202" lon="-110.43636"><ele>0</ele><time>2026-10-07T11:54:22.831Z</time></trkpt><trkpt lat="46.24226" lon="-110.43674"><ele>0</ele><time>2026-10-07T11:54:22.831Z</time></trkpt><trkpt lat="46.24245" lon="-110.43686"><ele>0</ele><time>2026-10-07T11:54:22.831Z</time></trkpt><trkpt lat="46.24316" lon="-110.43691"><ele>0</ele><time>2026-10-07T11:54:22.831Z</time></trkpt><trkpt lat="46.24492" lon="-110.43688"><ele>0</ele><time>2026-10-07T11:54:22.831Z</time></trkpt><trkpt lat="46.24494" lon="-110.43693"><ele>0</ele><time>2026-10-07T11:54:22.831Z</time></trkpt><trkpt lat="46.24491" lon="-110.43698"><ele>0</ele><time>2026-10-07T11:54:22.831Z</time></trkpt><trkpt lat="46.24443" lon="-110.43721"><ele>0</ele><time>2026-10-07T11:54:22.831Z</time></trkpt><trkpt lat="46.24435" lon="-110.43734"><ele>0</ele><time>2026-10-07T11:54:22.831Z</time></trkpt><trkpt lat="46.24437" lon="-110.43746"><ele>0</ele><time>2026-10-07T11:54:22.831Z</time></trkpt><trkpt lat="46.24445" lon="-110.43766"><ele>0</ele><time>2026-10-07T11:54:22.831Z</time></trkpt><trkpt lat="46.24445" lon="-110.43815"><ele>0</ele><time>2026-10-07T11:54:22.831Z</time></trkpt><trkpt lat="46.24456" lon="-110.43853"><ele>0</ele><time>2026-10-07T11:54:22.831Z</time></trkpt><trkpt lat="46.24459" lon="-110.43858"><ele>0</ele><time>2026-10-07T11:54:22.831Z</time></trkpt><trkpt lat="46.24465" lon="-110.4386"><ele>0</ele><time>2026-10-07T11:54:22.831Z</time></trkpt><trkpt lat="46.24471" lon="-110.43857"><ele>0</ele><time>2026-10-07T11:54:22.831Z</time></trkpt><trkpt lat="46.24499" lon="-110.43832"><ele>0</ele><time>2026-10-07T11:54:22.831Z</time></trkpt><trkpt lat="46.24503" lon="-110.43818"><ele>0</ele><time>2026-10-07T11:54:22.831Z</time></trkpt><trkpt lat="46.24501" lon="-110.438"><ele>0</ele><time>2026-10-07T11:54:22.831Z</time></trkpt><trkpt lat="46.24486" lon="-110.43787"><ele>0</ele><time>2026-10-07T11:54:22.831Z</time></trkpt><trkpt lat="46.24472" lon="-110.43779"><ele>0</ele><time>2026-10-07T11:54:22.831Z</time></trkpt><trkpt lat="46.24449" lon="-110.43771"><ele>0</ele><time>2026-10-07T11:54:22.831Z</time></trkpt><trkpt lat="46.24445" lon="-110.43766"><ele>0</ele><time>2026-10-07T11:54:22.831Z</time></trkpt><trkpt lat="46.24437" lon="-110.43746"><ele>0</ele><time>2026-10-07T11:54:22.831Z</time></trkpt><trkpt lat="46.24435" lon="-110.43734"><ele>0</ele><time>2026-10-07T11:54:22.831Z</time></trkpt><trkpt lat="46.24443" lon="-110.43721"><ele>0</ele><time>2026-10-07T11:54:22.831Z</time></trkpt><trkpt lat="46.24491" lon="-110.43698"><ele>0</ele><time>2026-10-07T11:54:22.831Z</time></trkpt><trkpt lat="46.24494" lon="-110.43693"><ele>0</ele><time>2026-10-07T11:54:22.831Z</time></trkpt><trkpt lat="46.24492" lon="-110.43683"><ele>0</ele><time>2026-10-07T11:54:22.831Z</time></trkpt><trkpt lat="46.24481" lon="-110.43672"><ele>0</ele><time>2026-10-07T11:54:22.831Z</time></trkpt><trkpt lat="46.24467" lon="-110.43668"><ele>0</ele><time>2026-10-07T11:54:22.831Z</time></trkpt><trkpt lat="46.2446" lon="-110.43663"><ele>0</ele><time>2026-10-07T11:54:22.831Z</time></trkpt><trkpt lat="46.24437" lon="-110.43628"><ele>0</ele><time>2026-10-07T11:54:22.831Z</time></trkpt><trkpt lat="46.24428" lon="-110.43623"><ele>0</ele><time>2026-10-07T11:54:22.831Z</time></trkpt><trkpt lat="46.24417" lon="-110.436"><ele>0</ele><time>2026-10-07T11:54:22.831Z</time></trkpt><trkpt lat="46.24403" lon="-110.43594"><ele>0</ele><time>2026-10-07T11:54:22.831Z</time></trkpt><trkpt lat="46.2439" lon="-110.43577"><ele>0</ele><time>2026-10-07T11:54:22.831Z</time></trkpt><trkpt lat="46.24367" lon="-110.43532"><ele>0</ele><time>2026-10-07T11:54:22.831Z</time></trkpt><trkpt lat="46.24368" lon="-110.43529"><ele>0</ele><time>2026-10-07T11:54:22.831Z</time></trkpt><trkpt lat="46.24412" lon="-110.43556"><ele>0</ele><time>2026-10-07T11:54:22.831Z</time></trkpt><trkpt lat="46.2444" lon="-110.43562"><ele>0</ele><time>2026-10-07T11:54:22.831Z</time></trkpt><trkpt lat="46.24515" lon="-110.43568"><ele>0</ele><time>2026-10-07T11:54:22.831Z</time></trkpt><trkpt lat="46.24534" lon="-110.43574"><ele>0</ele><time>2026-10-07T11:54:22.831Z</time></trkpt><trkpt lat="46.24545" lon="-110.43584"><ele>0</ele><time>2026-10-07T11:54:22.831Z</time></trkpt><trkpt lat="46.24579" lon="-110.43602"><ele>0</ele><time>2026-10-07T11:54:22.831Z</time></trkpt><trkpt lat="46.24586" lon="-110.436"><ele>0</ele><time>2026-10-07T11:54:22.831Z</time></trkpt><trkpt lat="46.24591" lon="-110.43601"><ele>0</ele><time>2026-10-07T11:54:22.831Z</time></trkpt><trkpt lat="46.24598" lon="-110.43612"><ele>0</ele><time>2026-10-07T11:54:22.831Z</time></trkpt><trkpt lat="46.24629" lon="-110.43642"><ele>0</ele><time>2026-10-07T11:54:22.831Z</time></trkpt><trkpt lat="46.24657" lon="-110.4366"><ele>0</ele><time>2026-10-07T11:54:22.831Z</time></trkpt><trkpt lat="46.24667" lon="-110.43677"><ele>0</ele><time>2026-10-07T11:54:22.831Z</time></trkpt><trkpt lat="46.24682" lon="-110.43713"><ele>0</ele><time>2026-10-07T11:54:22.831Z</time></trkpt><trkpt lat="46.24724" lon="-110.43778"><ele>0</ele><time>2026-10-07T11:54:22.831Z</time></trkpt><trkpt lat="46.2473" lon="-110.4379"><ele>0</ele><time>2026-10-07T11:54:22.831Z</time></trkpt><trkpt lat="46.24747" lon="-110.43806"><ele>0</ele><time>2026-10-07T11:54:22.831Z</time></trkpt><trkpt lat="46.24768" lon="-110.43839"><ele>0</ele><time>2026-10-07T11:54:22.831Z</time></trkpt><trkpt lat="46.24775" lon="-110.43844"><ele>0</ele><time>2026-10-07T11:54:22.831Z</time></trkpt><trkpt lat="46.2478" lon="-110.43844"><ele>0</ele><time>2026-10-07T11:54:22.831Z</time></trkpt><trkpt lat="46.24792" lon="-110.43834"><ele>0</ele><time>2026-10-07T11:54:22.831Z</time></trkpt><trkpt lat="46.24797" lon="-110.43834"><ele>0</ele><time>2026-10-07T11:54:22.831Z</time></trkpt><trkpt lat="46.24843" lon="-110.43853"><ele>0</ele><time>2026-10-07T11:54:22.831Z</time></trkpt><trkpt lat="46.24877" lon="-110.43856"><ele>0</ele><time>2026-10-07T11:54:22.831Z</time></trkpt><trkpt lat="46.24885" lon="-110.43864"><ele>0</ele><time>2026-10-07T11:54:22.831Z</time></trkpt><trkpt lat="46.24887" lon="-110.43872"><ele>0</ele><time>2026-10-07T11:54:22.831Z</time></trkpt><trkpt lat="46.24887" lon="-110.43908"><ele>0</ele><time>2026-10-07T11:54:22.831Z</time></trkpt><trkpt lat="46.24889" lon="-110.43915"><ele>0</ele><time>2026-10-07T11:54:22.831Z</time></trkpt><trkpt lat="46.24892" lon="-110.43918"><ele>0</ele><time>2026-10-07T11:54:22.831Z</time></trkpt><trkpt lat="46.2491" lon="-110.4392"><ele>0</ele><time>2026-10-07T11:54:22.831Z</time></trkpt><trkpt lat="46.249222" lon="-110.439268"><ele>0</ele><time>2026-10-07T11:54:22.831Z</time></trkpt><trkpt lat="46.248966" lon="-110.439894"><ele>0</ele><time>2026-10-07T11:54:22.831Z</time></trkpt><trkpt lat="46.248618" lon="-110.440623"><ele>0</ele><time>2026-10-07T11:54:22.831Z</time></trkpt><trkpt lat="46.248412" lon="-110.441154"><ele>0</ele><time>2026-10-07T11:54:22.831Z</time></trkpt><trkpt lat="46.24764" lon="-110.44168"><ele>0</ele><time>2026-10-07T11:54:22.831Z</time></trkpt><trkpt lat="46.24659" lon="-110.44218"><ele>0</ele><time>2026-10-07T11:54:22.831Z</time></trkpt><trkpt lat="46.24612" lon="-110.44244"><ele>0</ele><time>2026-10-07T11:54:22.831Z</time></trkpt><trkpt lat="46.24577" lon="-110.44252"><ele>0</ele><time>2026-10-07T11:54:22.831Z</time></trkpt><trkpt lat="46.24546" lon="-110.44247"><ele>0</ele><time>2026-10-07T11:54:22.831Z</time></trkpt><trkpt lat="46.24526" lon="-110.44234"><ele>0</ele><time>2026-10-07T11:54:22.831Z</time></trkpt><trkpt lat="46.245101" lon="-110.44215"><ele>0</ele><time>2026-10-07T11:54:22.831Z</time></trkpt><trkpt lat="46.244737" lon="-110.442565"><ele>0</ele><time>2026-10-07T11:54:22.831Z</time></trkpt><trkpt lat="46.244337" lon="-110.44337"><ele>0</ele><time>2026-10-07T11:54:22.831Z</time></trkpt><trkpt lat="46.243787" lon="-110.44397"><ele>0</ele><time>2026-10-07T11:54:22.831Z</time></trkpt><trkpt lat="46.243365" lon="-110.444625"><ele>0</ele><time>2026-10-07T11:54:22.831Z</time></trkpt><trkpt lat="46.243008" lon="-110.445"><ele>0</ele><time>2026-10-07T11:54:22.831Z</time></trkpt><trkpt lat="46.243016" lon="-110.445279"><ele>0</ele><time>2026-10-07T11:54:22.831Z</time></trkpt><trkpt lat="46.243105" lon="-110.44558"><ele>0</ele><time>2026-10-07T11:54:22.831Z</time></trkpt><trkpt lat="46.243112" lon="-110.445773"><ele>0</ele><time>2026-10-07T11:54:22.831Z</time></trkpt><trkpt lat="46.242712" lon="-110.44603"><ele>0</ele><time>2026-10-07T11:54:22.831Z</time></trkpt><trkpt lat="46.242585" lon="-110.446406"><ele>0</ele><time>2026-10-07T11:54:22.831Z</time></trkpt><trkpt lat="46.242474" lon="-110.446857"><ele>0</ele><time>2026-10-07T11:54:22.831Z</time></trkpt><trkpt lat="46.242459" lon="-110.447007"><ele>0</ele><time>2026-10-07T11:54:22.831Z</time></trkpt><trkpt lat="46.242541" lon="-110.447093"><ele>0</ele><time>2026-10-07T11:54:22.831Z</time></trkpt><trkpt lat="46.242904" lon="-110.447189"><ele>0</ele><time>2026-10-07T11:54:22.831Z</time></trkpt><trkpt lat="46.24306" lon="-110.447307"><ele>0</ele><time>2026-10-07T11:54:22.831Z</time></trkpt><trkpt lat="46.24312" lon="-110.447543"><ele>0</ele><time>2026-10-07T11:54:22.831Z</time></trkpt><trkpt lat="46.242934" lon="-110.447747"><ele>0</ele><time>2026-10-07T11:54:22.831Z</time></trkpt><trkpt lat="46.242652" lon="-110.447886"><ele>0</ele><time>2026-10-07T11:54:22.831Z</time></trkpt><trkpt lat="46.242348" lon="-110.44794"><ele>0</ele><time>2026-10-07T11:54:22.831Z</time></trkpt><trkpt lat="46.242311" lon="-110.448112"><ele>0</ele><time>2026-10-07T11:54:22.831Z</time></trkpt><trkpt lat="46.242534" lon="-110.448498"><ele>0</ele><time>2026-10-07T11:54:22.831Z</time></trkpt><trkpt lat="46.242793" lon="-110.448874"><ele>0</ele><time>2026-10-07T11:54:22.831Z</time></trkpt><trkpt lat="46.243083" lon="-110.448916"><ele>0</ele><time>2026-10-07T11:54:22.831Z</time></trkpt><trkpt lat="46.243402" lon="-110.449195"><ele>0</ele><time>2026-10-07T11:54:22.831Z</time></trkpt><trkpt lat="46.243713" lon="-110.449507"><ele>0</ele><time>2026-10-07T11:54:22.831Z</time></trkpt><trkpt lat="46.243973" lon="-110.449625"><ele>0</ele><time>2026-10-07T11:54:22.831Z</time></trkpt><trkpt lat="46.244366" lon="-110.449496"><ele>0</ele><time>2026-10-07T11:54:22.831Z</time></trkpt><trkpt lat="46.244871" lon="-110.449217"><ele>0</ele><time>2026-10-07T11:54:22.831Z</time></trkpt><trkpt lat="46.245145" lon="-110.449142"><ele>0</ele><time>2026-10-07T11:54:22.831Z</time></trkpt><trkpt lat="46.245546" lon="-110.449238"><ele>0</ele><time>2026-10-07T11:54:22.831Z</time></trkpt><trkpt lat="46.24545" lon="-110.44971"><ele>0</ele><time>2026-10-07T11:54:22.831Z</time></trkpt><trkpt lat="46.245472" lon="-110.449904"><ele>0</ele><time>2026-10-07T11:54:22.831Z</time></trkpt><trkpt lat="46.245405" lon="-110.450622"><ele>0</ele><time>2026-10-07T11:54:22.831Z</time></trkpt><trkpt lat="46.245264" lon="-110.450891"><ele>0</ele><time>2026-10-07T11:54:22.831Z</time></trkpt><trkpt lat="46.24499" lon="-110.451191"><ele>0</ele><time>2026-10-07T11:54:22.831Z</time></trkpt><trkpt lat="46.245042" lon="-110.451534"><ele>0</ele><time>2026-10-07T11:54:22.831Z</time></trkpt><trkpt lat="46.245116" lon="-110.452371"><ele>0</ele><time>2026-10-07T11:54:22.831Z</time></trkpt><trkpt lat="46.245294" lon="-110.453122"><ele>0</ele><time>2026-10-07T11:54:22.831Z</time></trkpt><trkpt lat="46.24516" lon="-110.453412"><ele>0</ele><time>2026-10-07T11:54:22.831Z</time></trkpt><trkpt lat="46.244834" lon="-110.453465"><ele>0</ele><time>2026-10-07T11:54:22.831Z</time></trkpt><trkpt lat="46.244507" lon="-110.453573"><ele>0</ele><time>2026-10-07T11:54:22.831Z</time></trkpt><trkpt lat="46.243995" lon="-110.453787"><ele>0</ele><time>2026-10-07T11:54:22.831Z</time></trkpt><trkpt lat="46.243417" lon="-110.454056"><ele>0</ele><time>2026-10-07T11:54:22.831Z</time></trkpt><trkpt lat="46.242949" lon="-110.454399"><ele>0</ele><time>2026-10-07T11:54:22.831Z</time></trkpt><trkpt lat="46.24283" lon="-110.454731"><ele>0</ele><time>2026-10-07T11:54:22.831Z</time></trkpt><trkpt lat="46.24289" lon="-110.455086"><ele>0</ele><time>2026-10-07T11:54:22.831Z</time></trkpt><trkpt lat="46.243172" lon="-110.455676"><ele>0</ele><time>2026-10-07T11:54:22.831Z</time></trkpt><trkpt lat="46.243513" lon="-110.456158"><ele>0</ele><time>2026-10-07T11:54:22.831Z</time></trkpt><trkpt lat="46.243721" lon="-110.456362"><ele>0</ele><time>2026-10-07T11:54:22.831Z</time></trkpt><trkpt lat="46.243825" lon="-110.457221"><ele>0</ele><time>2026-10-07T11:54:22.831Z</time></trkpt><trkpt lat="46.244055" lon="-110.458036"><ele>0</ele><time>2026-10-07T11:54:22.831Z</time></trkpt><trkpt lat="46.244329" lon="-110.458841"><ele>0</ele><time>2026-10-07T11:54:22.831Z</time></trkpt><trkpt lat="46.244322" lon="-110.459044"><ele>0</ele><time>2026-10-07T11:54:22.831Z</time></trkpt><trkpt lat="46.243958" lon="-110.459366"><ele>0</ele><time>2026-10-07T11:54:22.831Z</time></trkpt><trkpt lat="46.24381" lon="-110.460021"><ele>0</ele><time>2026-10-07T11:54:22.831Z</time></trkpt><trkpt lat="46.244084" lon="-110.460933"><ele>0</ele><time>2026-10-07T11:54:22.831Z</time></trkpt><trkpt lat="46.244092" lon="-110.461963"><ele>0</ele><time>2026-10-07T11:54:22.831Z</time></trkpt><trkpt lat="46.243906" lon="-110.462456"><ele>0</ele><time>2026-10-07T11:54:22.831Z</time></trkpt><trkpt lat="46.243676" lon="-110.4628"><ele>0</ele><time>2026-10-07T11:54:22.831Z</time></trkpt><trkpt lat="46.243164" lon="-110.463465"><ele>0</ele><time>2026-10-07T11:54:22.831Z</time></trkpt><trkpt lat="46.243127" lon="-110.463669"><ele>0</ele><time>2026-10-07T11:54:22.831Z</time></trkpt><trkpt lat="46.243877" lon="-110.463926"><ele>0</ele><time>2026-10-07T11:54:22.831Z</time></trkpt><trkpt lat="46.244403" lon="-110.464409"><ele>0</ele><time>2026-10-07T11:54:22.831Z</time></trkpt><trkpt lat="46.245027" lon="-110.465643"><ele>0</ele><time>2026-10-07T11:54:22.831Z</time></trkpt><trkpt lat="46.24565" lon="-110.467059"><ele>0</ele><time>2026-10-07T11:54:22.831Z</time></trkpt><trkpt lat="46.246236" lon="-110.468325"><ele>0</ele><time>2026-10-07T11:54:22.831Z</time></trkpt><trkpt lat="46.247238" lon="-110.469387"><ele>0</ele><time>2026-10-07T11:54:22.831Z</time></trkpt><trkpt lat="46.247854" lon="-110.469977"><ele>0</ele><time>2026-10-07T11:54:22.831Z</time></trkpt><trkpt lat="46.248477" lon="-110.47046"><ele>0</ele><time>2026-10-07T11:54:22.831Z</time></trkpt><trkpt lat="46.24844" lon="-110.47061"><ele>0</ele><time>2026-10-07T11:54:22.831Z</time></trkpt><trkpt lat="46.248432" lon="-110.470601"><ele>0</ele><time>2026-10-07T11:54:22.831Z</time></trkpt><trkpt lat="46.24819" lon="-110.471"><ele>0</ele><time>2026-10-07T11:54:22.831Z</time></trkpt><trkpt lat="46.24796" lon="-110.47122"><ele>0</ele><time>2026-10-07T11:54:22.831Z</time></trkpt><trkpt lat="46.24782" lon="-110.47139"><ele>0</ele><time>2026-10-07T11:54:22.831Z</time></trkpt><trkpt lat="46.24756" lon="-110.47158"><ele>0</ele><time>2026-10-07T11:54:22.831Z</time></trkpt><trkpt lat="46.24753" lon="-110.47164"><ele>0</ele><time>2026-10-07T11:54:22.831Z</time></trkpt><trkpt lat="46.24739" lon="-110.47177"><ele>0</ele><time>2026-10-07T11:54:22.831Z</time></trkpt><trkpt lat="46.24731" lon="-110.4719"><ele>0</ele><time>2026-10-07T11:54:22.831Z</time></trkpt><trkpt lat="46.2472" lon="-110.47198"><ele>0</ele><time>2026-10-07T11:54:22.831Z</time></trkpt><trkpt lat="46.24678" lon="-110.47239"><ele>0</ele><time>2026-10-07T11:54:22.831Z</time></trkpt><trkpt lat="46.24662" lon="-110.47246"><ele>0</ele><time>2026-10-07T11:54:22.831Z</time></trkpt><trkpt lat="46.24652" lon="-110.47258"><ele>0</ele><time>2026-10-07T11:54:22.831Z</time></trkpt><trkpt lat="46.24626" lon="-110.473"><ele>0</ele><time>2026-10-07T11:54:22.831Z</time></trkpt><trkpt lat="46.24624" lon="-110.47319"><ele>0</ele><time>2026-10-07T11:54:22.831Z</time></trkpt><trkpt lat="46.2462" lon="-110.47329"><ele>0</ele><time>2026-10-07T11:54:22.831Z</time></trkpt><trkpt lat="46.24594" lon="-110.47373"><ele>0</ele><time>2026-10-07T11:54:22.831Z</time></trkpt><trkpt lat="46.24591" lon="-110.47386"><ele>0</ele><time>2026-10-07T11:54:22.831Z</time></trkpt><trkpt lat="46.24592" lon="-110.47404"><ele>0</ele><time>2026-10-07T11:54:22.831Z</time></trkpt><trkpt lat="46.24589" lon="-110.47413"><ele>0</ele><time>2026-10-07T11:54:22.831Z</time></trkpt><trkpt lat="46.2458" lon="-110.47429"><ele>0</ele><time>2026-10-07T11:54:22.831Z</time></trkpt><trkpt lat="46.24578" lon="-110.47474"><ele>0</ele><time>2026-10-07T11:54:22.831Z</time></trkpt><trkpt lat="46.24576" lon="-110.47487"><ele>0</ele><time>2026-10-07T11:54:22.831Z</time></trkpt><trkpt lat="46.24571" lon="-110.47499"><ele>0</ele><time>2026-10-07T11:54:22.831Z</time></trkpt><trkpt lat="46.2457" lon="-110.47533"><ele>0</ele><time>2026-10-07T11:54:22.831Z</time></trkpt><trkpt lat="46.24535" lon="-110.47573"><ele>0</ele><time>2026-10-07T11:54:22.831Z</time></trkpt><trkpt lat="46.24505" lon="-110.47624"><ele>0</ele><time>2026-10-07T11:54:22.831Z</time></trkpt><trkpt lat="46.24489" lon="-110.47637"><ele>0</ele><time>2026-10-07T11:54:22.831Z</time></trkpt><trkpt lat="46.24469" lon="-110.47646"><ele>0</ele><time>2026-10-07T11:54:22.831Z</time></trkpt><trkpt lat="46.24458" lon="-110.47658"><ele>0</ele><time>2026-10-07T11:54:22.831Z</time></trkpt><trkpt lat="46.24453" lon="-110.47678"><ele>0</ele><time>2026-10-07T11:54:22.831Z</time></trkpt><trkpt lat="46.24455" lon="-110.47694"><ele>0</ele><time>2026-10-07T11:54:22.831Z</time></trkpt><trkpt lat="46.24452" lon="-110.47714"><ele>0</ele><time>2026-10-07T11:54:22.831Z</time></trkpt><trkpt lat="46.24444" lon="-110.47741"><ele>0</ele><time>2026-10-07T11:54:22.831Z</time></trkpt><trkpt lat="46.24437" lon="-110.4775"><ele>0</ele><time>2026-10-07T11:54:22.831Z</time></trkpt><trkpt lat="46.2442" lon="-110.47763"><ele>0</ele><time>2026-10-07T11:54:22.831Z</time></trkpt><trkpt lat="46.24393" lon="-110.47808"><ele>0</ele><time>2026-10-07T11:54:22.831Z</time></trkpt><trkpt lat="46.24374" lon="-110.47885"><ele>0</ele><time>2026-10-07T11:54:22.831Z</time></trkpt><trkpt lat="46.24376" lon="-110.47926"><ele>0</ele><time>2026-10-07T11:54:22.831Z</time></trkpt><trkpt lat="46.24371" lon="-110.47986"><ele>0</ele><time>2026-10-07T11:54:22.831Z</time></trkpt><trkpt lat="46.24368" lon="-110.48005"><ele>0</ele><time>2026-10-07T11:54:22.831Z</time></trkpt><trkpt lat="46.2438" lon="-110.48024"><ele>0</ele><time>2026-10-07T11:54:22.831Z</time></trkpt><trkpt lat="46.24388" lon="-110.4803"><ele>0</ele><time>2026-10-07T11:54:22.831Z</time></trkpt><trkpt lat="46.24394" lon="-110.48061"><ele>0</ele><time>2026-10-07T11:54:22.831Z</time></trkpt><trkpt lat="46.24377" lon="-110.48093"><ele>0</ele><time>2026-10-07T11:54:22.831Z</time></trkpt><trkpt lat="46.24366" lon="-110.48106"><ele>0</ele><time>2026-10-07T11:54:22.831Z</time></trkpt><trkpt lat="46.24355" lon="-110.4814"><ele>0</ele><time>2026-10-07T11:54:22.831Z</time></trkpt><trkpt lat="46.243567" lon="-110.481489"><ele>0</ele><time>2026-10-07T11:54:22.831Z</time></trkpt><trkpt lat="46.24384" lon="-110.48184"><ele>0</ele><time>2026-10-07T11:54:22.831Z</time></trkpt><trkpt lat="46.24387" lon="-110.48192"><ele>0</ele><time>2026-10-07T11:54:22.831Z</time></trkpt><trkpt lat="46.24381" lon="-110.48224"><ele>0</ele><time>2026-10-07T11:54:22.831Z</time></trkpt><trkpt lat="46.24374" lon="-110.48241"><ele>0</ele><time>2026-10-07T11:54:22.831Z</time></trkpt><trkpt lat="46.24365" lon="-110.48255"><ele>0</ele><time>2026-10-07T11:54:22.831Z</time></trkpt><trkpt lat="46.24358" lon="-110.48288"><ele>0</ele><time>2026-10-07T11:54:22.831Z</time></trkpt><trkpt lat="46.24362" lon="-110.48308"><ele>0</ele><time>2026-10-07T11:54:22.831Z</time></trkpt><trkpt lat="46.24361" lon="-110.48348"><ele>0</ele><time>2026-10-07T11:54:22.831Z</time></trkpt><trkpt lat="46.24366" lon="-110.48368"><ele>0</ele><time>2026-10-07T11:54:22.831Z</time></trkpt><trkpt lat="46.243605" lon="-110.484355"><ele>0</ele><time>2026-10-07T11:54:22.831Z</time></trkpt><trkpt lat="46.243681" lon="-110.484615"><ele>0</ele><time>2026-10-07T11:54:22.831Z</time></trkpt><trkpt lat="46.243987" lon="-110.484848"><ele>0</ele><time>2026-10-07T11:54:22.831Z</time></trkpt><trkpt lat="46.244282" lon="-110.484803"><ele>0</ele><time>2026-10-07T11:54:22.831Z</time></trkpt><trkpt lat="46.245624" lon="-110.48488"><ele>0</ele><time>2026-10-07T11:54:22.831Z</time></trkpt><trkpt lat="46.246162" lon="-110.484955"><ele>0</ele><time>2026-10-07T11:54:22.831Z</time></trkpt><trkpt lat="46.246863" lon="-110.484939"><ele>0</ele><time>2026-10-07T11:54:22.831Z</time></trkpt><trkpt lat="46.247368" lon="-110.484858"><ele>0</ele><time>2026-10-07T11:54:22.831Z</time></trkpt><trkpt lat="46.247598" lon="-110.48503"><ele>0</ele><time>2026-10-07T11:54:22.831Z</time></trkpt><trkpt lat="46.248169" lon="-110.485534"><ele>0</ele><time>2026-10-07T11:54:22.831Z</time></trkpt><trkpt lat="46.248714" lon="-110.485936"><ele>0</ele><time>2026-10-07T11:54:22.831Z</time></trkpt><trkpt lat="46.249219" lon="-110.486537"><ele>0</ele><time>2026-10-07T11:54:22.831Z</time></trkpt><trkpt lat="46.250176" lon="-110.487841"><ele>0</ele><time>2026-10-07T11:54:22.831Z</time></trkpt><trkpt lat="46.250372" lon="-110.488297"><ele>0</ele><time>2026-10-07T11:54:22.831Z</time></trkpt><trkpt lat="46.250821" lon="-110.488973"><ele>0</ele><time>2026-10-07T11:54:22.831Z</time></trkpt><trkpt lat="46.251392" lon="-110.489547"><ele>0</ele><time>2026-10-07T11:54:22.831Z</time></trkpt><trkpt lat="46.251979" lon="-110.490287"><ele>0</ele><time>2026-10-07T11:54:22.831Z</time></trkpt><trkpt lat="46.252342" lon="-110.490807"><ele>0</ele><time>2026-10-07T11:54:22.831Z</time></trkpt><trkpt lat="46.252587" lon="-110.491338"><ele>0</ele><time>2026-10-07T11:54:22.831Z</time></trkpt><trkpt lat="46.252706" lon="-110.491859"><ele>0</ele><time>2026-10-07T11:54:22.831Z</time></trkpt><trkpt lat="46.253303" lon="-110.49269"><ele>0</ele><time>2026-10-07T11:54:22.831Z</time></trkpt><trkpt lat="46.253451" lon="-110.492958"><ele>0</ele><time>2026-10-07T11:54:22.831Z</time></trkpt><trkpt lat="46.253651" lon="-110.493806"><ele>0</ele><time>2026-10-07T11:54:22.831Z</time></trkpt><trkpt lat="46.254037" lon="-110.495093"><ele>0</ele><time>2026-10-07T11:54:22.831Z</time></trkpt><trkpt lat="46.254382" lon="-110.495973"><ele>0</ele><time>2026-10-07T11:54:22.831Z</time></trkpt><trkpt lat="46.254735" lon="-110.496735"><ele>0</ele><time>2026-10-07T11:54:22.831Z</time></trkpt><trkpt lat="46.255458" lon="-110.497609"><ele>0</ele><time>2026-10-07T11:54:22.831Z</time></trkpt><trkpt lat="46.255617" lon="-110.497711"><ele>0</ele><time>2026-10-07T11:54:22.831Z</time></trkpt><trkpt lat="46.25602" lon="-110.49825"><ele>0</ele><time>2026-10-07T11:54:22.831Z</time></trkpt><trkpt lat="46.25618" lon="-110.49902"><ele>0</ele><time>2026-10-07T11:54:22.831Z</time></trkpt><trkpt lat="46.25616" lon="-110.49909"><ele>0</ele><time>2026-10-07T11:54:22.831Z</time></trkpt><trkpt lat="46.2561" lon="-110.49914"><ele>0</ele><time>2026-10-07T11:54:22.831Z</time></trkpt><trkpt lat="46.25608" lon="-110.49918"><ele>0</ele><time>2026-10-07T11:54:22.831Z</time></trkpt><trkpt lat="46.2561" lon="-110.49931"><ele>0</ele><time>2026-10-07T11:54:22.831Z</time></trkpt><trkpt lat="46.25631" lon="-110.49942"><ele>0</ele><time>2026-10-07T11:54:22.831Z</time></trkpt><trkpt lat="46.25638" lon="-110.49951"><ele>0</ele><time>2026-10-07T11:54:22.831Z</time></trkpt><trkpt lat="46.2564" lon="-110.49957"><ele>0</ele><time>2026-10-07T11:54:22.831Z</time></trkpt><trkpt lat="46.25638" lon="-110.49984"><ele>0</ele><time>2026-10-07T11:54:22.831Z</time></trkpt><trkpt lat="46.2564" lon="-110.49993"><ele>0</ele><time>2026-10-07T11:54:22.831Z</time></trkpt><trkpt lat="46.25661" lon="-110.50022"><ele>0</ele><time>2026-10-07T11:54:22.831Z</time></trkpt><trkpt lat="46.25694" lon="-110.50087"><ele>0</ele><time>2026-10-07T11:54:22.831Z</time></trkpt><trkpt lat="46.25717" lon="-110.50113"><ele>0</ele><time>2026-10-07T11:54:22.831Z</time></trkpt><trkpt lat="46.25734" lon="-110.5014"><ele>0</ele><time>2026-10-07T11:54:22.831Z</time></trkpt><trkpt lat="46.25779" lon="-110.502"><ele>0</ele><time>2026-10-07T11:54:22.831Z</time></trkpt><trkpt lat="46.25807" lon="-110.5022"><ele>0</ele><time>2026-10-07T11:54:22.831Z</time></trkpt><trkpt lat="46.25858" lon="-110.50272"><ele>0</ele><time>2026-10-07T11:54:22.831Z</time></trkpt><trkpt lat="46.25895" lon="-110.50298"><ele>0</ele><time>2026-10-07T11:54:22.831Z</time></trkpt><trkpt lat="46.25918" lon="-110.5033"><ele>0</ele><time>2026-10-07T11:54:22.831Z</time></trkpt><trkpt lat="46.25937" lon="-110.50351"><ele>0</ele><time>2026-10-07T11:54:22.831Z</time></trkpt><trkpt lat="46.25965" lon="-110.50374"><ele>0</ele><time>2026-10-07T11:54:22.831Z</time></trkpt><trkpt lat="46.26006" lon="-110.50449"><ele>0</ele><time>2026-10-07T11:54:22.831Z</time></trkpt><trkpt lat="46.26019" lon="-110.50499"><ele>0</ele><time>2026-10-07T11:54:22.831Z</time></trkpt><trkpt lat="46.2602" lon="-110.50556"><ele>0</ele><time>2026-10-07T11:54:22.831Z</time></trkpt><trkpt lat="46.26039" lon="-110.50621"><ele>0</ele><time>2026-10-07T11:54:22.831Z</time></trkpt><trkpt lat="46.26057" lon="-110.5075"><ele>0</ele><time>2026-10-07T11:54:22.831Z</time></trkpt><trkpt lat="46.26055" lon="-110.50801"><ele>0</ele><time>2026-10-07T11:54:22.831Z</time></trkpt><trkpt lat="46.2605" lon="-110.50821"><ele>0</ele><time>2026-10-07T11:54:22.831Z</time></trkpt><trkpt lat="46.2604" lon="-110.50836"><ele>0</ele><time>2026-10-07T11:54:22.831Z</time></trkpt><trkpt lat="46.26034" lon="-110.50852"><ele>0</ele><time>2026-10-07T11:54:22.831Z</time></trkpt><trkpt lat="46.2602" lon="-110.50871"><ele>0</ele><time>2026-10-07T11:54:22.831Z</time></trkpt><trkpt lat="46.26013" lon="-110.50932"><ele>0</ele><time>2026-10-07T11:54:22.831Z</time></trkpt><trkpt lat="46.26015" lon="-110.50965"><ele>0</ele><time>2026-10-07T11:54:22.831Z</time></trkpt><trkpt lat="46.26039" lon="-110.51033"><ele>0</ele><time>2026-10-07T11:54:22.831Z</time></trkpt><trkpt lat="46.26074" lon="-110.51067"><ele>0</ele><time>2026-10-07T11:54:22.831Z</time></trkpt><trkpt lat="46.26099" lon="-110.51075"><ele>0</ele><time>2026-10-07T11:54:22.831Z</time></trkpt><trkpt lat="46.26108" lon="-110.51082"><ele>0</ele><time>2026-10-07T11:54:22.831Z</time></trkpt><trkpt lat="46.26111" lon="-110.51089"><ele>0</ele><time>2026-10-07T11:54:22.831Z</time></trkpt><trkpt lat="46.26092" lon="-110.51155"><ele>0</ele><time>2026-10-07T11:54:22.831Z</time></trkpt><trkpt lat="46.26082" lon="-110.51212"><ele>0</ele><time>2026-10-07T11:54:22.831Z</time></trkpt><trkpt lat="46.26064" lon="-110.51219"><ele>0</ele><time>2026-10-07T11:54:22.831Z</time></trkpt><trkpt lat="46.26059" lon="-110.51232"><ele>0</ele><time>2026-10-07T11:54:22.831Z</time></trkpt><trkpt lat="46.26059" lon="-110.51248"><ele>0</ele><time>2026-10-07T11:54:22.831Z</time></trkpt><trkpt lat="46.26053" lon="-110.51279"><ele>0</ele><time>2026-10-07T11:54:22.831Z</time></trkpt><trkpt lat="46.26053" lon="-110.51295"><ele>0</ele><time>2026-10-07T11:54:22.831Z</time></trkpt><trkpt lat="46.26061" lon="-110.51336"><ele>0</ele><time>2026-10-07T11:54:22.831Z</time></trkpt><trkpt lat="46.26081" lon="-110.51406"><ele>0</ele><time>2026-10-07T11:54:22.831Z</time></trkpt><trkpt lat="46.26115" lon="-110.5145"><ele>0</ele><time>2026-10-07T11:54:22.831Z</time></trkpt><trkpt lat="46.26134" lon="-110.51484"><ele>0</ele><time>2026-10-07T11:54:22.831Z</time></trkpt><trkpt lat="46.26154" lon="-110.51562"><ele>0</ele><time>2026-10-07T11:54:22.831Z</time></trkpt><trkpt lat="46.26165" lon="-110.51639"><ele>0</ele><time>2026-10-07T11:54:22.831Z</time></trkpt><trkpt lat="46.26173" lon="-110.51656"><ele>0</ele><time>2026-10-07T11:54:22.831Z</time></trkpt><trkpt lat="46.2618" lon="-110.51687"><ele>0</ele><time>2026-10-07T11:54:22.831Z</time></trkpt><trkpt lat="46.26192" lon="-110.51695"><ele>0</ele><time>2026-10-07T11:54:22.831Z</time></trkpt><trkpt lat="46.26207" lon="-110.51728"><ele>0</ele><time>2026-10-07T11:54:22.831Z</time></trkpt><trkpt lat="46.26213" lon="-110.51736"><ele>0</ele><time>2026-10-07T11:54:22.831Z</time></trkpt><trkpt lat="46.26221" lon="-110.51741"><ele>0</ele><time>2026-10-07T11:54:22.831Z</time></trkpt><trkpt lat="46.26232" lon="-110.51743"><ele>0</ele><time>2026-10-07T11:54:22.831Z</time></trkpt><trkpt lat="46.26246" lon="-110.51794"><ele>0</ele><time>2026-10-07T11:54:22.831Z</time></trkpt><trkpt lat="46.26261" lon="-110.51818"><ele>0</ele><time>2026-10-07T11:54:22.831Z</time></trkpt><trkpt lat="46.26267" lon="-110.51825"><ele>0</ele><time>2026-10-07T11:54:22.831Z</time></trkpt><trkpt lat="46.26274" lon="-110.51826"><ele>0</ele><time>2026-10-07T11:54:22.831Z</time></trkpt><trkpt lat="46.26282" lon="-110.51831"><ele>0</ele><time>2026-10-07T11:54:22.831Z</time></trkpt><trkpt lat="46.2629" lon="-110.51861"><ele>0</ele><time>2026-10-07T11:54:22.831Z</time></trkpt><trkpt lat="46.26309" lon="-110.51911"><ele>0</ele><time>2026-10-07T11:54:22.831Z</time></trkpt><trkpt lat="46.26324" lon="-110.51942"><ele>0</ele><time>2026-10-07T11:54:22.831Z</time></trkpt><trkpt lat="46.26329" lon="-110.51961"><ele>0</ele><time>2026-10-07T11:54:22.831Z</time></trkpt><trkpt lat="46.26343" lon="-110.51988"><ele>0</ele><time>2026-10-07T11:54:22.831Z</time></trkpt><trkpt lat="46.26353" lon="-110.51999"><ele>0</ele><time>2026-10-07T11:54:22.831Z</time></trkpt><trkpt lat="46.26366" lon="-110.52002"><ele>0</ele><time>2026-10-07T11:54:22.831Z</time></trkpt><trkpt lat="46.26384" lon="-110.52027"><ele>0</ele><time>2026-10-07T11:54:22.831Z</time></trkpt><trkpt lat="46.26394" lon="-110.52049"><ele>0</ele><time>2026-10-07T11:54:22.831Z</time></trkpt><trkpt lat="46.26396" lon="-110.52056"><ele>0</ele><time>2026-10-07T11:54:22.831Z</time></trkpt><trkpt lat="46.26397" lon="-110.5208"><ele>0</ele><time>2026-10-07T11:54:22.831Z</time></trkpt><trkpt lat="46.26394" lon="-110.52108"><ele>0</ele><time>2026-10-07T11:54:22.831Z</time></trkpt><trkpt lat="46.26401" lon="-110.52116"><ele>0</ele><time>2026-10-07T11:54:22.831Z</time></trkpt><trkpt lat="46.26403" lon="-110.52128"><ele>0</ele><time>2026-10-07T11:54:22.831Z</time></trkpt><trkpt lat="46.2642" lon="-110.52149"><ele>0</ele><time>2026-10-07T11:54:22.831Z</time></trkpt><trkpt lat="46.26433" lon="-110.52188"><ele>0</ele><time>2026-10-07T11:54:22.831Z</time></trkpt><trkpt lat="46.26466" lon="-110.52246"><ele>0</ele><time>2026-10-07T11:54:22.831Z</time></trkpt><trkpt lat="46.26477" lon="-110.52254"><ele>0</ele><time>2026-10-07T11:54:22.831Z</time></trkpt><trkpt lat="46.26515" lon="-110.52272"><ele>0</ele><time>2026-10-07T11:54:22.831Z</time></trkpt><trkpt lat="46.26577" lon="-110.52291"><ele>0</ele><time>2026-10-07T11:54:22.831Z</time></trkpt><trkpt lat="46.26597" lon="-110.52283"><ele>0</ele><time>2026-10-07T11:54:22.831Z</time></trkpt><trkpt lat="46.26624" lon="-110.52279"><ele>0</ele><time>2026-10-07T11:54:22.831Z</time></trkpt><trkpt lat="46.26677" lon="-110.52264"><ele>0</ele><time>2026-10-07T11:54:22.831Z</time></trkpt><trkpt lat="46.26753" lon="-110.52234"><ele>0</ele><time>2026-10-07T11:54:22.831Z</time></trkpt><trkpt lat="46.26773" lon="-110.52231"><ele>0</ele><time>2026-10-07T11:54:22.831Z</time></trkpt><trkpt lat="46.26907" lon="-110.5222"><ele>0</ele><time>2026-10-07T11:54:22.831Z</time></trkpt><trkpt lat="46.26946" lon="-110.5222"><ele>0</ele><time>2026-10-07T11:54:22.831Z</time></trkpt><trkpt lat="46.27026" lon="-110.52207"><ele>0</ele><time>2026-10-07T11:54:22.831Z</time></trkpt><trkpt lat="46.27042" lon="-110.52208"><ele>0</ele><time>2026-10-07T11:54:22.831Z</time></trkpt><trkpt lat="46.27113" lon="-110.52294"><ele>0</ele><time>2026-10-07T11:54:22.831Z</time></trkpt><trkpt lat="46.27174" lon="-110.52394"><ele>0</ele><time>2026-10-07T11:54:22.831Z</time></trkpt><trkpt lat="46.27183" lon="-110.52406"><ele>0</ele><time>2026-10-07T11:54:22.831Z</time></trkpt><trkpt lat="46.272" lon="-110.5242"><ele>0</ele><time>2026-10-07T11:54:22.831Z</time></trkpt><trkpt lat="46.2722" lon="-110.52386"><ele>0</ele><time>2026-10-07T11:54:22.831Z</time></trkpt><trkpt lat="46.27282" lon="-110.52292"><ele>0</ele><time>2026-10-07T11:54:22.831Z</time></trkpt><trkpt lat="46.27329" lon="-110.52246"><ele>0</ele><time>2026-10-07T11:54:22.831Z</time></trkpt><trkpt lat="46.27357" lon="-110.52222"><ele>0</ele><time>2026-10-07T11:54:22.831Z</time></trkpt><trkpt lat="46.27406" lon="-110.52198"><ele>0</ele><time>2026-10-07T11:54:22.831Z</time></trkpt><trkpt lat="46.27434" lon="-110.52191"><ele>0</ele><time>2026-10-07T11:54:22.831Z</time></trkpt><trkpt lat="46.27475" lon="-110.52185"><ele>0</ele><time>2026-10-07T11:54:22.831Z</time></trkpt><trkpt lat="46.27524" lon="-110.52168"><ele>0</ele><time>2026-10-07T11:54:22.831Z</time></trkpt><trkpt lat="46.27545" lon="-110.52153"><ele>0</ele><time>2026-10-07T11:54:22.831Z</time></trkpt><trkpt lat="46.27571" lon="-110.52139"><ele>0</ele><time>2026-10-07T11:54:22.831Z</time></trkpt><trkpt lat="46.27696" lon="-110.52088"><ele>0</ele><time>2026-10-07T11:54:22.831Z</time></trkpt><trkpt lat="46.27724" lon="-110.52082"><ele>0</ele><time>2026-10-07T11:54:22.831Z</time></trkpt><trkpt lat="46.27829" lon="-110.52097"><ele>0</ele><time>2026-10-07T11:54:22.831Z</time></trkpt><trkpt lat="46.27938" lon="-110.52121"><ele>0</ele><time>2026-10-07T11:54:22.831Z</time></trkpt><trkpt lat="46.27977" lon="-110.52127"><ele>0</ele><time>2026-10-07T11:54:22.831Z</time></trkpt><trkpt lat="46.28058" lon="-110.5215"><ele>0</ele><time>2026-10-07T11:54:22.831Z</time></trkpt><trkpt lat="46.28105" lon="-110.52156"><ele>0</ele><time>2026-10-07T11:54:22.831Z</time></trkpt><trkpt lat="46.28129" lon="-110.52164"><ele>0</ele><time>2026-10-07T11:54:22.831Z</time></trkpt><trkpt lat="46.28177" lon="-110.52188"><ele>0</ele><time>2026-10-07T11:54:22.831Z</time></trkpt><trkpt lat="46.28207" lon="-110.52194"><ele>0</ele><time>2026-10-07T11:54:22.831Z</time></trkpt><trkpt lat="46.28228" lon="-110.52193"><ele>0</ele><time>2026-10-07T11:54:22.831Z</time></trkpt><trkpt lat="46.2828" lon="-110.52179"><ele>0</ele><time>2026-10-07T11:54:22.831Z</time></trkpt><trkpt lat="46.28362" lon="-110.5214"><ele>0</ele><time>2026-10-07T11:54:22.831Z</time></trkpt><trkpt lat="46.28389" lon="-110.52134"><ele>0</ele><time>2026-10-07T11:54:22.831Z</time></trkpt><trkpt lat="46.28457" lon="-110.5211"><ele>0</ele><time>2026-10-07T11:54:22.831Z</time></trkpt><trkpt lat="46.28484" lon="-110.52109"><ele>0</ele><time>2026-10-07T11:54:22.831Z</time></trkpt><trkpt lat="46.28506" lon="-110.52114"><ele>0</ele><time>2026-10-07T11:54:22.831Z</time></trkpt><trkpt lat="46.28622" lon="-110.52113"><ele>0</ele><time>2026-10-07T11:54:22.831Z</time></trkpt><trkpt lat="46.28671" lon="-110.5211"><ele>0</ele><time>2026-10-07T11:54:22.831Z</time></trkpt><trkpt lat="46.28725" lon="-110.52085"><ele>0</ele><time>2026-10-07T11:54:22.831Z</time></trkpt><trkpt lat="46.28772" lon="-110.52047"><ele>0</ele><time>2026-10-07T11:54:22.831Z</time></trkpt><trkpt lat="46.28813" lon="-110.52007"><ele>0</ele><time>2026-10-07T11:54:22.831Z</time></trkpt><trkpt lat="46.28927" lon="-110.51908"><ele>0</ele><time>2026-10-07T11:54:22.831Z</time></trkpt><trkpt lat="46.28952" lon="-110.51892"><ele>0</ele><time>2026-10-07T11:54:22.831Z</time></trkpt><trkpt lat="46.29003" lon="-110.51863"><ele>0</ele><time>2026-10-07T11:54:22.831Z</time></trkpt><trkpt lat="46.29036" lon="-110.51851"><ele>0</ele><time>2026-10-07T11:54:22.831Z</time></trkpt><trkpt lat="46.29107" lon="-110.51832"><ele>0</ele><time>2026-10-07T11:54:22.831Z</time></trkpt><trkpt lat="46.29121" lon="-110.51825"><ele>0</ele><time>2026-10-07T11:54:22.831Z</time></trkpt><trkpt lat="46.29164" lon="-110.51793"><ele>0</ele><time>2026-10-07T11:54:22.831Z</time></trkpt><trkpt lat="46.29193" lon="-110.51782"><ele>0</ele><time>2026-10-07T11:54:22.831Z</time></trkpt><trkpt lat="46.29259" lon="-110.51771"><ele>0</ele><time>2026-10-07T11:54:22.831Z</time></trkpt><trkpt lat="46.29366" lon="-110.51764"><ele>0</ele><time>2026-10-07T11:54:22.831Z</time></trkpt><trkpt lat="46.29424" lon="-110.5175"><ele>0</ele><time>2026-10-07T11:54:22.831Z</time></trkpt><trkpt lat="46.294285" lon="-110.517465"><ele>0</ele><time>2026-10-07T11:54:22.831Z</time></trkpt><trkpt lat="46.29429" lon="-110.51748"><ele>0</ele><time>2026-10-07T11:54:22.831Z</time></trkpt><trkpt lat="46.29469" lon="-110.51736"><ele>0</ele><time>2026-10-07T11:54:22.831Z</time></trkpt><trkpt lat="46.29492" lon="-110.51732"><ele>0</ele><time>2026-10-07T11:54:22.831Z</time></trkpt><trkpt lat="46.29579" lon="-110.51728"><ele>0</ele><time>2026-10-07T11:54:22.831Z</time></trkpt><trkpt lat="46.29614" lon="-110.51719"><ele>0</ele><time>2026-10-07T11:54:22.831Z</time></trkpt><trkpt lat="46.29627" lon="-110.51719"><ele>0</ele><time>2026-10-07T11:54:22.831Z</time></trkpt><trkpt lat="46.29639" lon="-110.51723"><ele>0</ele><time>2026-10-07T11:54:22.831Z</time></trkpt><trkpt lat="46.2966" lon="-110.51745"><ele>0</ele><time>2026-10-07T11:54:22.831Z</time></trkpt><trkpt lat="46.29668" lon="-110.51766"><ele>0</ele><time>2026-10-07T11:54:22.831Z</time></trkpt><trkpt lat="46.29676" lon="-110.51811"><ele>0</ele><time>2026-10-07T11:54:22.831Z</time></trkpt><trkpt lat="46.2971" lon="-110.51962"><ele>0</ele><time>2026-10-07T11:54:22.831Z</time></trkpt><trkpt lat="46.29735" lon="-110.52053"><ele>0</ele><time>2026-10-07T11:54:22.831Z</time></trkpt><trkpt lat="46.2976" lon="-110.52129"><ele>0</ele><time>2026-10-07T11:54:22.831Z</time></trkpt><trkpt lat="46.29773" lon="-110.52179"><ele>0</ele><time>2026-10-07T11:54:22.831Z</time></trkpt><trkpt lat="46.29814" lon="-110.52307"><ele>0</ele><time>2026-10-07T11:54:22.831Z</time></trkpt><trkpt lat="46.29839" lon="-110.52393"><ele>0</ele><time>2026-10-07T11:54:22.831Z</time></trkpt><trkpt lat="46.29862" lon="-110.52529"><ele>0</ele><time>2026-10-07T11:54:22.831Z</time></trkpt><trkpt lat="46.29867" lon="-110.52551"><ele>0</ele><time>2026-10-07T11:54:22.831Z</time></trkpt><trkpt lat="46.29887" lon="-110.52617"><ele>0</ele><time>2026-10-07T11:54:22.831Z</time></trkpt><trkpt lat="46.29896" lon="-110.52638"><ele>0</ele><time>2026-10-07T11:54:22.831Z</time></trkpt><trkpt lat="46.29918" lon="-110.52676"><ele>0</ele><time>2026-10-07T11:54:22.831Z</time></trkpt><trkpt lat="46.29959" lon="-110.52727"><ele>0</ele><time>2026-10-07T11:54:22.831Z</time></trkpt><trkpt lat="46.29998" lon="-110.52762"><ele>0</ele><time>2026-10-07T11:54:22.831Z</time></trkpt><trkpt lat="46.30052" lon="-110.52835"><ele>0</ele><time>2026-10-07T11:54:22.831Z</time></trkpt><trkpt lat="46.30084" lon="-110.52867"><ele>0</ele><time>2026-10-07T11:54:22.831Z</time></trkpt><trkpt lat="46.301" lon="-110.52878"><ele>0</ele><time>2026-10-07T11:54:22.831Z</time></trkpt><trkpt lat="46.30182" lon="-110.52991"><ele>0</ele><time>2026-10-07T11:54:22.831Z</time></trkpt><trkpt lat="46.3023" lon="-110.53106"><ele>0</ele><time>2026-10-07T11:54:22.831Z</time></trkpt><trkpt lat="46.30241" lon="-110.53123"><ele>0</ele><time>2026-10-07T11:54:22.831Z</time></trkpt><trkpt lat="46.30278" lon="-110.5317"><ele>0</ele><time>2026-10-07T11:54:22.831Z</time></trkpt><trkpt lat="46.30303" lon="-110.53194"><ele>0</ele><time>2026-10-07T11:54:22.831Z</time></trkpt><trkpt lat="46.3036" lon="-110.5324"><ele>0</ele><time>2026-10-07T11:54:22.831Z</time></trkpt><trkpt lat="46.30388" lon="-110.53257"><ele>0</ele><time>2026-10-07T11:54:22.831Z</time></trkpt><trkpt lat="46.30448" lon="-110.53279"><ele>0</ele><time>2026-10-07T11:54:22.831Z</time></trkpt><trkpt lat="46.3046" lon="-110.53288"><ele>0</ele><time>2026-10-07T11:54:22.831Z</time></trkpt><trkpt lat="46.30492" lon="-110.53295"><ele>0</ele><time>2026-10-07T11:54:22.831Z</time></trkpt><trkpt lat="46.30499" lon="-110.533"><ele>0</ele><time>2026-10-07T11:54:22.831Z</time></trkpt><trkpt lat="46.30507" lon="-110.53302"><ele>0</ele><time>2026-10-07T11:54:22.831Z</time></trkpt><trkpt lat="46.30527" lon="-110.53278"><ele>0</ele><time>2026-10-07T11:54:22.831Z</time></trkpt><trkpt lat="46.30538" lon="-110.5327"><ele>0</ele><time>2026-10-07T11:54:22.831Z</time></trkpt><trkpt lat="46.30554" lon="-110.5327"><ele>0</ele><time>2026-10-07T11:54:22.831Z</time></trkpt><trkpt lat="46.30567" lon="-110.53263"><ele>0</ele><time>2026-10-07T11:54:22.831Z</time></trkpt><trkpt lat="46.30594" lon="-110.53256"><ele>0</ele><time>2026-10-07T11:54:22.831Z</time></trkpt><trkpt lat="46.30609" lon="-110.53244"><ele>0</ele><time>2026-10-07T11:54:22.831Z</time></trkpt><trkpt lat="46.30614" lon="-110.53231"><ele>0</ele><time>2026-10-07T11:54:22.831Z</time></trkpt><trkpt lat="46.30618" lon="-110.53229"><ele>0</ele><time>2026-10-07T11:54:22.831Z</time></trkpt><trkpt lat="46.30627" lon="-110.5323"><ele>0</ele><time>2026-10-07T11:54:22.831Z</time></trkpt><trkpt lat="46.30655" lon="-110.53222"><ele>0</ele><time>2026-10-07T11:54:22.831Z</time></trkpt><trkpt lat="46.30729" lon="-110.53188"><ele>0</ele><time>2026-10-07T11:54:22.831Z</time></trkpt><trkpt lat="46.30769" lon="-110.5318"><ele>0</ele><time>2026-10-07T11:54:22.831Z</time></trkpt><trkpt lat="46.30804" lon="-110.53181"><ele>0</ele><time>2026-10-07T11:54:22.831Z</time></trkpt><trkpt lat="46.30867" lon="-110.53196"><ele>0</ele><time>2026-10-07T11:54:22.831Z</time></trkpt><trkpt lat="46.30922" lon="-110.53223"><ele>0</ele><time>2026-10-07T11:54:22.831Z</time></trkpt><trkpt lat="46.30947" lon="-110.53242"><ele>0</ele><time>2026-10-07T11:54:22.831Z</time></trkpt><trkpt lat="46.31018" lon="-110.53275"><ele>0</ele><time>2026-10-07T11:54:22.831Z</time></trkpt><trkpt lat="46.31046" lon="-110.53306"><ele>0</ele><time>2026-10-07T11:54:22.831Z</time></trkpt><trkpt lat="46.31059" lon="-110.53334"><ele>0</ele><time>2026-10-07T11:54:22.831Z</time></trkpt><trkpt lat="46.31117" lon="-110.53414"><ele>0</ele><time>2026-10-07T11:54:22.831Z</time></trkpt><trkpt lat="46.31169" lon="-110.53452"><ele>0</ele><time>2026-10-07T11:54:22.831Z</time></trkpt><trkpt lat="46.31194" lon="-110.53463"><ele>0</ele><time>2026-10-07T11:54:22.831Z</time></trkpt><trkpt lat="46.31212" lon="-110.53465"><ele>0</ele><time>2026-10-07T11:54:22.831Z</time></trkpt><trkpt lat="46.31241" lon="-110.5346"><ele>0</ele><time>2026-10-07T11:54:22.831Z</time></trkpt><trkpt lat="46.31271" lon="-110.5347"><ele>0</ele><time>2026-10-07T11:54:22.831Z</time></trkpt><trkpt lat="46.31305" lon="-110.5346"><ele>0</ele><time>2026-10-07T11:54:22.831Z</time></trkpt><trkpt lat="46.31325" lon="-110.53466"><ele>0</ele><time>2026-10-07T11:54:22.831Z</time></trkpt><trkpt lat="46.31384" lon="-110.5349"><ele>0</ele><time>2026-10-07T11:54:22.831Z</time></trkpt><trkpt lat="46.31435" lon="-110.5352"><ele>0</ele><time>2026-10-07T11:54:22.831Z</time></trkpt><trkpt lat="46.31499" lon="-110.53538"><ele>0</ele><time>2026-10-07T11:54:22.831Z</time></trkpt><trkpt lat="46.31571" lon="-110.53536"><ele>0</ele><time>2026-10-07T11:54:22.831Z</time></trkpt><trkpt lat="46.31609" lon="-110.53544"><ele>0</ele><time>2026-10-07T11:54:22.831Z</time></trkpt><trkpt lat="46.31626" lon="-110.53527"><ele>0</ele><time>2026-10-07T11:54:22.831Z</time></trkpt><trkpt lat="46.31641" lon="-110.53519"><ele>0</ele><time>2026-10-07T11:54:22.831Z</time></trkpt><trkpt lat="46.31658" lon="-110.53503"><ele>0</ele><time>2026-10-07T11:54:22.831Z</time></trkpt><trkpt lat="46.31675" lon="-110.53483"><ele>0</ele><time>2026-10-07T11:54:22.831Z</time></trkpt><trkpt lat="46.31704" lon="-110.53464"><ele>0</ele><time>2026-10-07T11:54:22.831Z</time></trkpt><trkpt lat="46.31741" lon="-110.53428"><ele>0</ele><time>2026-10-07T11:54:22.831Z</time></trkpt><trkpt lat="46.31821" lon="-110.53333"><ele>0</ele><time>2026-10-07T11:54:22.831Z</time></trkpt><trkpt lat="46.31846" lon="-110.53294"><ele>0</ele><time>2026-10-07T11:54:22.831Z</time></trkpt><trkpt lat="46.3189" lon="-110.53202"><ele>0</ele><time>2026-10-07T11:54:22.831Z</time></trkpt><trkpt lat="46.31896" lon="-110.53169"><ele>0</ele><time>2026-10-07T11:54:22.831Z</time></trkpt><trkpt lat="46.31901" lon="-110.5304"><ele>0</ele><time>2026-10-07T11:54:22.831Z</time></trkpt><trkpt lat="46.31907" lon="-110.52997"><ele>0</ele><time>2026-10-07T11:54:22.831Z</time></trkpt><trkpt lat="46.31912" lon="-110.52971"><ele>0</ele><time>2026-10-07T11:54:22.831Z</time></trkpt><trkpt lat="46.31935" lon="-110.52927"><ele>0</ele><time>2026-10-07T11:54:22.831Z</time></trkpt><trkpt lat="46.31941" lon="-110.52913"><ele>0</ele><time>2026-10-07T11:54:22.831Z</time></trkpt><trkpt lat="46.31942" lon="-110.52904"><ele>0</ele><time>2026-10-07T11:54:22.831Z</time></trkpt><trkpt lat="46.31935" lon="-110.52876"><ele>0</ele><time>2026-10-07T11:54:22.831Z</time></trkpt><trkpt lat="46.31916" lon="-110.52846"><ele>0</ele><time>2026-10-07T11:54:22.831Z</time></trkpt><trkpt lat="46.31912" lon="-110.52832"><ele>0</ele><time>2026-10-07T11:54:22.831Z</time></trkpt><trkpt lat="46.31905" lon="-110.52784"><ele>0</ele><time>2026-10-07T11:54:22.831Z</time></trkpt><trkpt lat="46.31908" lon="-110.52728"><ele>0</ele><time>2026-10-07T11:54:22.831Z</time></trkpt><trkpt lat="46.31914" lon="-110.52702"><ele>0</ele><time>2026-10-07T11:54:22.831Z</time></trkpt><trkpt lat="46.31929" lon="-110.52656"><ele>0</ele><time>2026-10-07T11:54:22.831Z</time></trkpt><trkpt lat="46.31941" lon="-110.52606"><ele>0</ele><time>2026-10-07T11:54:22.831Z</time></trkpt><trkpt lat="46.31946" lon="-110.52594"><ele>0</ele><time>2026-10-07T11:54:22.831Z</time></trkpt><trkpt lat="46.31968" lon="-110.52506"><ele>0</ele><time>2026-10-07T11:54:22.831Z</time></trkpt><trkpt lat="46.31989" lon="-110.52394"><ele>0</ele><time>2026-10-07T11:54:22.831Z</time></trkpt><trkpt lat="46.31998" lon="-110.52314"><ele>0</ele><time>2026-10-07T11:54:22.831Z</time></trkpt><trkpt lat="46.32026" lon="-110.52221"><ele>0</ele><time>2026-10-07T11:54:22.831Z</time></trkpt><trkpt lat="46.32042" lon="-110.52198"><ele>0</ele><time>2026-10-07T11:54:22.831Z</time></trkpt><trkpt lat="46.32091" lon="-110.52097"><ele>0</ele><time>2026-10-07T11:54:22.831Z</time></trkpt><trkpt lat="46.32114" lon="-110.52055"><ele>0</ele><time>2026-10-07T11:54:22.831Z</time></trkpt><trkpt lat="46.32167" lon="-110.51998"><ele>0</ele><time>2026-10-07T11:54:22.831Z</time></trkpt><trkpt lat="46.32195" lon="-110.51978"><ele>0</ele><time>2026-10-07T11:54:22.831Z</time></trkpt><trkpt lat="46.3224" lon="-110.51938"><ele>0</ele><time>2026-10-07T11:54:22.831Z</time></trkpt><trkpt lat="46.32264" lon="-110.51908"><ele>0</ele><time>2026-10-07T11:54:22.831Z</time></trkpt><trkpt lat="46.32271" lon="-110.51887"><ele>0</ele><time>2026-10-07T11:54:22.831Z</time></trkpt><trkpt lat="46.32286" lon="-110.51873"><ele>0</ele><time>2026-10-07T11:54:22.831Z</time></trkpt><trkpt lat="46.32304" lon="-110.51801"><ele>0</ele><time>2026-10-07T11:54:22.831Z</time></trkpt><trkpt lat="46.32315" lon="-110.51769"><ele>0</ele><time>2026-10-07T11:54:22.831Z</time></trkpt><trkpt lat="46.32332" lon="-110.51749"><ele>0</ele><time>2026-10-07T11:54:22.831Z</time></trkpt><trkpt lat="46.32374" lon="-110.51673"><ele>0</ele><time>2026-10-07T11:54:22.831Z</time></trkpt><trkpt lat="46.32386" lon="-110.5166"><ele>0</ele><time>2026-10-07T11:54:22.831Z</time></trkpt><trkpt lat="46.32443" lon="-110.51586"><ele>0</ele><time>2026-10-07T11:54:22.831Z</time></trkpt><trkpt lat="46.32516" lon="-110.51484"><ele>0</ele><time>2026-10-07T11:54:22.831Z</time></trkpt><trkpt lat="46.32534" lon="-110.51471"><ele>0</ele><time>2026-10-07T11:54:22.831Z</time></trkpt><trkpt lat="46.3254" lon="-110.51457"><ele>0</ele><time>2026-10-07T11:54:22.831Z</time></trkpt><trkpt lat="46.32559" lon="-110.51433"><ele>0</ele><time>2026-10-07T11:54:22.831Z</time></trkpt><trkpt lat="46.32562" lon="-110.51422"><ele>0</ele><time>2026-10-07T11:54:22.831Z</time></trkpt><trkpt lat="46.32605" lon="-110.51374"><ele>0</ele><time>2026-10-07T11:54:22.831Z</time></trkpt><trkpt lat="46.32618" lon="-110.51347"><ele>0</ele><time>2026-10-07T11:54:22.831Z</time></trkpt><trkpt lat="46.32625" lon="-110.51339"><ele>0</ele><time>2026-10-07T11:54:22.831Z</time></trkpt><trkpt lat="46.32632" lon="-110.51336"><ele>0</ele><time>2026-10-07T11:54:22.831Z</time></trkpt><trkpt lat="46.32642" lon="-110.51311"><ele>0</ele><time>2026-10-07T11:54:22.831Z</time></trkpt><trkpt lat="46.3265" lon="-110.51301"><ele>0</ele><time>2026-10-07T11:54:22.831Z</time></trkpt><trkpt lat="46.32666" lon="-110.51266"><ele>0</ele><time>2026-10-07T11:54:22.831Z</time></trkpt><trkpt lat="46.327" lon="-110.51226"><ele>0</ele><time>2026-10-07T11:54:22.831Z</time></trkpt><trkpt lat="46.32709" lon="-110.512"><ele>0</ele><time>2026-10-07T11:54:22.831Z</time></trkpt><trkpt lat="46.32718" lon="-110.51182"><ele>0</ele><time>2026-10-07T11:54:22.831Z</time></trkpt><trkpt lat="46.32737" lon="-110.51155"><ele>0</ele><time>2026-10-07T11:54:22.831Z</time></trkpt><trkpt lat="46.32795" lon="-110.51086"><ele>0</ele><time>2026-10-07T11:54:22.831Z</time></trkpt><trkpt lat="46.32803" lon="-110.51071"><ele>0</ele><time>2026-10-07T11:54:22.831Z</time></trkpt><trkpt lat="46.32823" lon="-110.51054"><ele>0</ele><time>2026-10-07T11:54:22.831Z</time></trkpt><trkpt lat="46.32857" lon="-110.51031"><ele>0</ele><time>2026-10-07T11:54:22.831Z</time></trkpt><trkpt lat="46.32886" lon="-110.5102"><ele>0</ele><time>2026-10-07T11:54:22.831Z</time></trkpt><trkpt lat="46.32921" lon="-110.50997"><ele>0</ele><time>2026-10-07T11:54:22.831Z</time></trkpt><trkpt lat="46.32954" lon="-110.50984"><ele>0</ele><time>2026-10-07T11:54:22.831Z</time></trkpt><trkpt lat="46.32966" lon="-110.50977"><ele>0</ele><time>2026-10-07T11:54:22.831Z</time></trkpt><trkpt lat="46.33092" lon="-110.50851"><ele>0</ele><time>2026-10-07T11:54:22.831Z</time></trkpt><trkpt lat="46.33176" lon="-110.50771"><ele>0</ele><time>2026-10-07T11:54:22.831Z</time></trkpt><trkpt lat="46.332" lon="-110.5075"><ele>0</ele><time>2026-10-07T11:54:22.831Z</time></trkpt><trkpt lat="46.33237" lon="-110.50737"><ele>0</ele><time>2026-10-07T11:54:22.831Z</time></trkpt><trkpt lat="46.33274" lon="-110.50734"><ele>0</ele><time>2026-10-07T11:54:22.831Z</time></trkpt><trkpt lat="46.33315" lon="-110.50746"><ele>0</ele><time>2026-10-07T11:54:22.831Z</time></trkpt><trkpt lat="46.3336" lon="-110.50771"><ele>0</ele><time>2026-10-07T11:54:22.831Z</time></trkpt><trkpt lat="46.33375" lon="-110.50785"><ele>0</ele><time>2026-10-07T11:54:22.831Z</time></trkpt><trkpt lat="46.33392" lon="-110.50807"><ele>0</ele><time>2026-10-07T11:54:22.831Z</time></trkpt><trkpt lat="46.33418" lon="-110.50852"><ele>0</ele><time>2026-10-07T11:54:22.831Z</time></trkpt><trkpt lat="46.33441" lon="-110.5088"><ele>0</ele><time>2026-10-07T11:54:22.831Z</time></trkpt><trkpt lat="46.33454" lon="-110.50891"><ele>0</ele><time>2026-10-07T11:54:22.831Z</time></trkpt><trkpt lat="46.33534" lon="-110.50911"><ele>0</ele><time>2026-10-07T11:54:22.831Z</time></trkpt><trkpt lat="46.33543" lon="-110.50916"><ele>0</ele><time>2026-10-07T11:54:22.831Z</time></trkpt><trkpt lat="46.33554" lon="-110.50941"><ele>0</ele><time>2026-10-07T11:54:22.831Z</time></trkpt><trkpt lat="46.33551" lon="-110.50956"><ele>0</ele><time>2026-10-07T11:54:22.831Z</time></trkpt><trkpt lat="46.33521" lon="-110.50991"><ele>0</ele><time>2026-10-07T11:54:22.831Z</time></trkpt><trkpt lat="46.33511" lon="-110.51011"><ele>0</ele><time>2026-10-07T11:54:22.831Z</time></trkpt><trkpt lat="46.33499" lon="-110.51024"><ele>0</ele><time>2026-10-07T11:54:22.831Z</time></trkpt><trkpt lat="46.33487" lon="-110.51044"><ele>0</ele><time>2026-10-07T11:54:22.831Z</time></trkpt><trkpt lat="46.33456" lon="-110.51085"><ele>0</ele><time>2026-10-07T11:54:22.831Z</time></trkpt><trkpt lat="46.3345" lon="-110.51104"><ele>0</ele><time>2026-10-07T11:54:22.831Z</time></trkpt><trkpt lat="46.33448" lon="-110.5112"><ele>0</ele><time>2026-10-07T11:54:22.831Z</time></trkpt><trkpt lat="46.33451" lon="-110.5113"><ele>0</ele><time>2026-10-07T11:54:22.831Z</time></trkpt><trkpt lat="46.33459" lon="-110.51131"><ele>0</ele><time>2026-10-07T11:54:22.831Z</time></trkpt><trkpt lat="46.33466" lon="-110.51115"><ele>0</ele><time>2026-10-07T11:54:22.831Z</time></trkpt><trkpt lat="46.33474" lon="-110.51109"><ele>0</ele><time>2026-10-07T11:54:22.831Z</time></trkpt><trkpt lat="46.33488" lon="-110.51118"><ele>0</ele><time>2026-10-07T11:54:22.831Z</time></trkpt><trkpt lat="46.33501" lon="-110.51121"><ele>0</ele><time>2026-10-07T11:54:22.831Z</time></trkpt><trkpt lat="46.33521" lon="-110.51119"><ele>0</ele><time>2026-10-07T11:54:22.831Z</time></trkpt><trkpt lat="46.33528" lon="-110.51131"><ele>0</ele><time>2026-10-07T11:54:22.831Z</time></trkpt><trkpt lat="46.33529" lon="-110.51147"><ele>0</ele><time>2026-10-07T11:54:22.831Z</time></trkpt><trkpt lat="46.33527" lon="-110.51159"><ele>0</ele><time>2026-10-07T11:54:22.831Z</time></trkpt><trkpt lat="46.33518" lon="-110.51178"><ele>0</ele><time>2026-10-07T11:54:22.831Z</time></trkpt><trkpt lat="46.33515" lon="-110.51194"><ele>0</ele><time>2026-10-07T11:54:22.831Z</time></trkpt><trkpt lat="46.3352" lon="-110.51209"><ele>0</ele><time>2026-10-07T11:54:22.831Z</time></trkpt><trkpt lat="46.33524" lon="-110.51212"><ele>0</ele><time>2026-10-07T11:54:22.831Z</time></trkpt><trkpt lat="46.33533" lon="-110.51212"><ele>0</ele><time>2026-10-07T11:54:22.831Z</time></trkpt><trkpt lat="46.33555" lon="-110.51198"><ele>0</ele><time>2026-10-07T11:54:22.831Z</time></trkpt><trkpt lat="46.33582" lon="-110.51163"><ele>0</ele><time>2026-10-07T11:54:22.831Z</time></trkpt><trkpt lat="46.33596" lon="-110.51153"><ele>0</ele><time>2026-10-07T11:54:22.831Z</time></trkpt><trkpt lat="46.33613" lon="-110.51145"><ele>0</ele><time>2026-10-07T11:54:22.831Z</time></trkpt><trkpt lat="46.33667" lon="-110.5114"><ele>0</ele><time>2026-10-07T11:54:22.831Z</time></trkpt><trkpt lat="46.33696" lon="-110.5113"><ele>0</ele><time>2026-10-07T11:54:22.831Z</time></trkpt><trkpt lat="46.33712" lon="-110.51121"><ele>0</ele><time>2026-10-07T11:54:22.831Z</time></trkpt><trkpt lat="46.33758" lon="-110.51073"><ele>0</ele><time>2026-10-07T11:54:22.831Z</time></trkpt><trkpt lat="46.33771" lon="-110.51044"><ele>0</ele><time>2026-10-07T11:54:22.831Z</time></trkpt><trkpt lat="46.3378" lon="-110.50986"><ele>0</ele><time>2026-10-07T11:54:22.831Z</time></trkpt><trkpt lat="46.33787" lon="-110.50969"><ele>0</ele><time>2026-10-07T11:54:22.831Z</time></trkpt><trkpt lat="46.33811" lon="-110.50931"><ele>0</ele><time>2026-10-07T11:54:22.831Z</time></trkpt><trkpt lat="46.33818" lon="-110.50915"><ele>0</ele><time>2026-10-07T11:54:22.831Z</time></trkpt><trkpt lat="46.33822" lon="-110.50902"><ele>0</ele><time>2026-10-07T11:54:22.831Z</time></trkpt><trkpt lat="46.33827" lon="-110.50871"><ele>0</ele><time>2026-10-07T11:54:22.831Z</time></trkpt><trkpt lat="46.33831" lon="-110.50863"><ele>0</ele><time>2026-10-07T11:54:22.831Z</time></trkpt><trkpt lat="46.33853" lon="-110.5084"><ele>0</ele><time>2026-10-07T11:54:22.831Z</time></trkpt><trkpt lat="46.33863" lon="-110.50815"><ele>0</ele><time>2026-10-07T11:54:22.831Z</time></trkpt><trkpt lat="46.33889" lon="-110.50777"><ele>0</ele><time>2026-10-07T11:54:22.831Z</time></trkpt><trkpt lat="46.33898" lon="-110.50761"><ele>0</ele><time>2026-10-07T11:54:22.831Z</time></trkpt><trkpt lat="46.3392" lon="-110.5073"><ele>0</ele><time>2026-10-07T11:54:22.831Z</time></trkpt><trkpt lat="46.33958" lon="-110.50632"><ele>0</ele><time>2026-10-07T11:54:22.831Z</time></trkpt><trkpt lat="46.33987" lon="-110.50585"><ele>0</ele><time>2026-10-07T11:54:22.831Z</time></trkpt><trkpt lat="46.34003" lon="-110.50518"><ele>0</ele><time>2026-10-07T11:54:22.831Z</time></trkpt><trkpt lat="46.34033" lon="-110.50471"><ele>0</ele><time>2026-10-07T11:54:22.831Z</time></trkpt><trkpt lat="46.34056" lon="-110.50413"><ele>0</ele><time>2026-10-07T11:54:22.831Z</time></trkpt><trkpt lat="46.34066" lon="-110.50396"><ele>0</ele><time>2026-10-07T11:54:22.831Z</time></trkpt><trkpt lat="46.34079" lon="-110.50364"><ele>0</ele><time>2026-10-07T11:54:22.831Z</time></trkpt><trkpt lat="46.34086" lon="-110.50332"><ele>0</ele><time>2026-10-07T11:54:22.831Z</time></trkpt><trkpt lat="46.34101" lon="-110.50293"><ele>0</ele><time>2026-10-07T11:54:22.831Z</time></trkpt><trkpt lat="46.34116" lon="-110.50221"><ele>0</ele><time>2026-10-07T11:54:22.831Z</time></trkpt><trkpt lat="46.34135" lon="-110.50154"><ele>0</ele><time>2026-10-07T11:54:22.831Z</time></trkpt><trkpt lat="46.34138" lon="-110.50136"><ele>0</ele><time>2026-10-07T11:54:22.831Z</time></trkpt><trkpt lat="46.34139" lon="-110.50104"><ele>0</ele><time>2026-10-07T11:54:22.831Z</time></trkpt><trkpt lat="46.34145" lon="-110.50049"><ele>0</ele><time>2026-10-07T11:54:22.831Z</time></trkpt><trkpt lat="46.3416" lon="-110.49981"><ele>0</ele><time>2026-10-07T11:54:22.831Z</time></trkpt><trkpt lat="46.34169" lon="-110.49964"><ele>0</ele><time>2026-10-07T11:54:22.831Z</time></trkpt><trkpt lat="46.34175" lon="-110.49946"><ele>0</ele><time>2026-10-07T11:54:22.831Z</time></trkpt><trkpt lat="46.34184" lon="-110.49934"><ele>0</ele><time>2026-10-07T11:54:22.831Z</time></trkpt><trkpt lat="46.34197" lon="-110.49895"><ele>0</ele><time>2026-10-07T11:54:22.831Z</time></trkpt><trkpt lat="46.34218" lon="-110.49861"><ele>0</ele><time>2026-10-07T11:54:22.831Z</time></trkpt><trkpt lat="46.34232" lon="-110.49844"><ele>0</ele><time>2026-10-07T11:54:22.831Z</time></trkpt><trkpt lat="46.34256" lon="-110.49801"><ele>0</ele><time>2026-10-07T11:54:22.831Z</time></trkpt><trkpt lat="46.34296" lon="-110.4975"><ele>0</ele><time>2026-10-07T11:54:22.831Z</time></trkpt><trkpt lat="46.34319" lon="-110.49733"><ele>0</ele><time>2026-10-07T11:54:22.831Z</time></trkpt><trkpt lat="46.34343" lon="-110.49727"><ele>0</ele><time>2026-10-07T11:54:22.831Z</time></trkpt><trkpt lat="46.34364" lon="-110.49714"><ele>0</ele><time>2026-10-07T11:54:22.831Z</time></trkpt><trkpt lat="46.34376" lon="-110.49711"><ele>0</ele><time>2026-10-07T11:54:22.831Z</time></trkpt><trkpt lat="46.34403" lon="-110.49721"><ele>0</ele><time>2026-10-07T11:54:22.831Z</time></trkpt><trkpt lat="46.34436" lon="-110.49719"><ele>0</ele><time>2026-10-07T11:54:22.831Z</time></trkpt><trkpt lat="46.3445" lon="-110.49727"><ele>0</ele><time>2026-10-07T11:54:22.831Z</time></trkpt><trkpt lat="46.34504" lon="-110.49742"><ele>0</ele><time>2026-10-07T11:54:22.831Z</time></trkpt><trkpt lat="46.34516" lon="-110.49742"><ele>0</ele><time>2026-10-07T11:54:22.831Z</time></trkpt><trkpt lat="46.34549" lon="-110.49733"><ele>0</ele><time>2026-10-07T11:54:22.831Z</time></trkpt><trkpt lat="46.34572" lon="-110.49735"><ele>0</ele><time>2026-10-07T11:54:22.831Z</time></trkpt><trkpt lat="46.34583" lon="-110.49718"><ele>0</ele><time>2026-10-07T11:54:22.831Z</time></trkpt><trkpt lat="46.34589" lon="-110.49713"><ele>0</ele><time>2026-10-07T11:54:22.831Z</time></trkpt><trkpt lat="46.34617" lon="-110.49708"><ele>0</ele><time>2026-10-07T11:54:22.831Z</time></trkpt><trkpt lat="46.34638" lon="-110.49707"><ele>0</ele><time>2026-10-07T11:54:22.831Z</time></trkpt><trkpt lat="46.3467" lon="-110.49717"><ele>0</ele><time>2026-10-07T11:54:22.831Z</time></trkpt><trkpt lat="46.34693" lon="-110.49722"><ele>0</ele><time>2026-10-07T11:54:22.831Z</time></trkpt><trkpt lat="46.34727" lon="-110.49735"><ele>0</ele><time>2026-10-07T11:54:22.831Z</time></trkpt><trkpt lat="46.34748" lon="-110.49736"><ele>0</ele><time>2026-10-07T11:54:22.831Z</time></trkpt><trkpt lat="46.34809" lon="-110.49717"><ele>0</ele><time>2026-10-07T11:54:22.831Z</time></trkpt><trkpt lat="46.34862" lon="-110.4969"><ele>0</ele><time>2026-10-07T11:54:22.831Z</time></trkpt><trkpt lat="46.34904" lon="-110.49687"><ele>0</ele><time>2026-10-07T11:54:22.831Z</time></trkpt><trkpt lat="46.34928" lon="-110.49683"><ele>0</ele><time>2026-10-07T11:54:22.831Z</time></trkpt><trkpt lat="46.3495" lon="-110.49676"><ele>0</ele><time>2026-10-07T11:54:22.831Z</time></trkpt><trkpt lat="46.34978" lon="-110.49661"><ele>0</ele><time>2026-10-07T11:54:22.831Z</time></trkpt><trkpt lat="46.3499" lon="-110.49657"><ele>0</ele><time>2026-10-07T11:54:22.831Z</time></trkpt><trkpt lat="46.35007" lon="-110.49658"><ele>0</ele><time>2026-10-07T11:54:22.831Z</time></trkpt><trkpt lat="46.35226" lon="-110.497"><ele>0</ele><time>2026-10-07T11:54:22.831Z</time></trkpt><trkpt lat="46.35338" lon="-110.49727"><ele>0</ele><time>2026-10-07T11:54:22.831Z</time></trkpt><trkpt lat="46.35369" lon="-110.49732"><ele>0</ele><time>2026-10-07T11:54:22.831Z</time></trkpt><trkpt lat="46.35463" lon="-110.49729"><ele>0</ele><time>2026-10-07T11:54:22.831Z</time></trkpt><trkpt lat="46.3552" lon="-110.49744"><ele>0</ele><time>2026-10-07T11:54:22.831Z</time></trkpt><trkpt lat="46.3561" lon="-110.49777"><ele>0</ele><time>2026-10-07T11:54:22.831Z</time></trkpt><trkpt lat="46.35646" lon="-110.49785"><ele>0</ele><time>2026-10-07T11:54:22.831Z</time></trkpt><trkpt lat="46.35708" lon="-110.49796"><ele>0</ele><time>2026-10-07T11:54:22.831Z</time></trkpt><trkpt lat="46.35866" lon="-110.49814"><ele>0</ele><time>2026-10-07T11:54:22.831Z</time></trkpt><trkpt lat="46.35888" lon="-110.49821"><ele>0</ele><time>2026-10-07T11:54:22.831Z</time></trkpt><trkpt lat="46.35901" lon="-110.4983"><ele>0</ele><time>2026-10-07T11:54:22.831Z</time></trkpt><trkpt lat="46.35912" lon="-110.49846"><ele>0</ele><time>2026-10-07T11:54:22.831Z</time></trkpt><trkpt lat="46.35926" lon="-110.49877"><ele>0</ele><time>2026-10-07T11:54:22.831Z</time></trkpt><trkpt lat="46.35938" lon="-110.49889"><ele>0</ele><time>2026-10-07T11:54:22.831Z</time></trkpt><trkpt lat="46.35957" lon="-110.499"><ele>0</ele><time>2026-10-07T11:54:22.831Z</time></trkpt><trkpt lat="46.36006" lon="-110.49911"><ele>0</ele><time>2026-10-07T11:54:22.831Z</time></trkpt><trkpt lat="46.36045" lon="-110.49912"><ele>0</ele><time>2026-10-07T11:54:22.831Z</time></trkpt><trkpt lat="46.36065" lon="-110.49909"><ele>0</ele><time>2026-10-07T11:54:22.831Z</time></trkpt><trkpt lat="46.3611" lon="-110.49893"><ele>0</ele><time>2026-10-07T11:54:22.831Z</time></trkpt><trkpt lat="46.36138" lon="-110.49878"><ele>0</ele><time>2026-10-07T11:54:22.831Z</time></trkpt><trkpt lat="46.36209" lon="-110.49826"><ele>0</ele><time>2026-10-07T11:54:22.831Z</time></trkpt><trkpt lat="46.36254" lon="-110.49798"><ele>0</ele><time>2026-10-07T11:54:22.831Z</time></trkpt><trkpt lat="46.36284" lon="-110.49786"><ele>0</ele><time>2026-10-07T11:54:22.831Z</time></trkpt><trkpt lat="46.36372" lon="-110.49768"><ele>0</ele><time>2026-10-07T11:54:22.831Z</time></trkpt><trkpt lat="46.3641" lon="-110.4977"><ele>0</ele><time>2026-10-07T11:54:22.831Z</time></trkpt><trkpt lat="46.36496" lon="-110.49802"><ele>0</ele><time>2026-10-07T11:54:22.831Z</time></trkpt><trkpt lat="46.36707" lon="-110.49896"><ele>0</ele><time>2026-10-07T11:54:22.831Z</time></trkpt><trkpt lat="46.36755" lon="-110.49919"><ele>0</ele><time>2026-10-07T11:54:22.831Z</time></trkpt><trkpt lat="46.37237" lon="-110.50263"><ele>0</ele><time>2026-10-07T11:54:22.831Z</time></trkpt><trkpt lat="46.37319" lon="-110.50327"><ele>0</ele><time>2026-10-07T11:54:22.831Z</time></trkpt><trkpt lat="46.37342" lon="-110.5034"><ele>0</ele><time>2026-10-07T11:54:22.831Z</time></trkpt><trkpt lat="46.37482" lon="-110.50393"><ele>0</ele><time>2026-10-07T11:54:22.831Z</time></trkpt><trkpt lat="46.37575" lon="-110.50423"><ele>0</ele><time>2026-10-07T11:54:22.831Z</time></trkpt><trkpt lat="46.37632" lon="-110.50436"><ele>0</ele><time>2026-10-07T11:54:22.831Z</time></trkpt><trkpt lat="46.37708" lon="-110.50444"><ele>0</ele><time>2026-10-07T11:54:22.831Z</time></trkpt><trkpt lat="46.3774" lon="-110.50457"><ele>0</ele><time>2026-10-07T11:54:22.831Z</time></trkpt><trkpt lat="46.37826" lon="-110.50535"><ele>0</ele><time>2026-10-07T11:54:22.831Z</time></trkpt><trkpt lat="46.37843" lon="-110.50553"><ele>0</ele><time>2026-10-07T11:54:22.831Z</time></trkpt><trkpt lat="46.37898" lon="-110.50625"><ele>0</ele><time>2026-10-07T11:54:22.831Z</time></trkpt><trkpt lat="46.37917" lon="-110.50645"><ele>0</ele><time>2026-10-07T11:54:22.831Z</time></trkpt><trkpt lat="46.38014" lon="-110.50733"><ele>0</ele><time>2026-10-07T11:54:22.831Z</time></trkpt><trkpt lat="46.38042" lon="-110.50762"><ele>0</ele><time>2026-10-07T11:54:22.831Z</time></trkpt><trkpt lat="46.38061" lon="-110.50786"><ele>0</ele><time>2026-10-07T11:54:22.831Z</time></trkpt><trkpt lat="46.38076" lon="-110.50831"><ele>0</ele><time>2026-10-07T11:54:22.831Z</time></trkpt><trkpt lat="46.38087" lon="-110.50848"><ele>0</ele><time>2026-10-07T11:54:22.831Z</time></trkpt><trkpt lat="46.38107" lon="-110.5086"><ele>0</ele><time>2026-10-07T11:54:22.831Z</time></trkpt><trkpt lat="46.38128" lon="-110.50867"><ele>0</ele><time>2026-10-07T11:54:22.831Z</time></trkpt><trkpt lat="46.38157" lon="-110.50869"><ele>0</ele><time>2026-10-07T11:54:22.831Z</time></trkpt><trkpt lat="46.38176" lon="-110.50854"><ele>0</ele><time>2026-10-07T11:54:22.831Z</time></trkpt><trkpt lat="46.38205" lon="-110.50808"><ele>0</ele><time>2026-10-07T11:54:22.831Z</time></trkpt><trkpt lat="46.38251" lon="-110.50756"><ele>0</ele><time>2026-10-07T11:54:22.831Z</time></trkpt><trkpt lat="46.38262" lon="-110.50745"><ele>0</ele><time>2026-10-07T11:54:22.832Z</time></trkpt><trkpt lat="46.38271" lon="-110.50741"><ele>0</ele><time>2026-10-07T11:54:22.832Z</time></trkpt><trkpt lat="46.38278" lon="-110.50742"><ele>0</ele><time>2026-10-07T11:54:22.832Z</time></trkpt><trkpt lat="46.38844" lon="-110.51018"><ele>0</ele><time>2026-10-07T11:54:22.832Z</time></trkpt><trkpt lat="46.38865" lon="-110.50942"><ele>0</ele><time>2026-10-07T11:54:22.832Z</time></trkpt><trkpt lat="46.38907" lon="-110.50753"><ele>0</ele><time>2026-10-07T11:54:22.832Z</time></trkpt><trkpt lat="46.38916" lon="-110.50685"><ele>0</ele><time>2026-10-07T11:54:22.832Z</time></trkpt><trkpt lat="46.38908" lon="-110.5058"><ele>0</ele><time>2026-10-07T11:54:22.832Z</time></trkpt><trkpt lat="46.38904" lon="-110.50494"><ele>0</ele><time>2026-10-07T11:54:22.832Z</time></trkpt><trkpt lat="46.38875" lon="-110.5034"><ele>0</ele><time>2026-10-07T11:54:22.832Z</time></trkpt><trkpt lat="46.38861" lon="-110.50215"><ele>0</ele><time>2026-10-07T11:54:22.832Z</time></trkpt><trkpt lat="46.388539" lon="-110.500995"><ele>0</ele><time>2026-10-07T11:54:22.832Z</time></trkpt><trkpt lat="46.38881" lon="-110.49986"><ele>0</ele><time>2026-10-07T11:54:22.832Z</time></trkpt><trkpt lat="46.38886" lon="-110.49923"><ele>0</ele><time>2026-10-07T11:54:22.832Z</time></trkpt><trkpt lat="46.38884" lon="-110.49653"><ele>0</ele><time>2026-10-07T11:54:22.832Z</time></trkpt><trkpt lat="46.38889" lon="-110.4951"><ele>0</ele><time>2026-10-07T11:54:22.832Z</time></trkpt><trkpt lat="46.38908" lon="-110.49308"><ele>0</ele><time>2026-10-07T11:54:22.832Z</time></trkpt><trkpt lat="46.38929" lon="-110.49245"><ele>0</ele><time>2026-10-07T11:54:22.832Z</time></trkpt><trkpt lat="46.38969" lon="-110.49151"><ele>0</ele><time>2026-10-07T11:54:22.832Z</time></trkpt><trkpt lat="46.39012" lon="-110.48961"><ele>0</ele><time>2026-10-07T11:54:22.832Z</time></trkpt><trkpt lat="46.390912" lon="-110.488763"><ele>0</ele><time>2026-10-07T11:54:22.832Z</time></trkpt><trkpt lat="46.391977" lon="-110.487932"><ele>0</ele><time>2026-10-07T11:54:22.832Z</time></trkpt><trkpt lat="46.393964" lon="-110.486569"><ele>0</ele><time>2026-10-07T11:54:22.832Z</time></trkpt><trkpt lat="46.395107" lon="-110.486097"><ele>0</ele><time>2026-10-07T11:54:22.832Z</time></trkpt><trkpt lat="46.39702" lon="-110.485121"><ele>0</ele><time>2026-10-07T11:54:22.832Z</time></trkpt><trkpt lat="46.398059" lon="-110.484863"><ele>0</ele><time>2026-10-07T11:54:22.832Z</time></trkpt><trkpt lat="46.400568" lon="-110.484086"><ele>0</ele><time>2026-10-07T11:54:22.832Z</time></trkpt><trkpt lat="46.401674" lon="-110.484257"><ele>0</ele><time>2026-10-07T11:54:22.832Z</time></trkpt><trkpt lat="46.402147" lon="-110.484424"><ele>0</ele><time>2026-10-07T11:54:22.832Z</time></trkpt><trkpt lat="46.40227" lon="-110.4863"><ele>0</ele><time>2026-10-07T11:54:22.832Z</time></trkpt><trkpt lat="46.40237" lon="-110.48733"><ele>0</ele><time>2026-10-07T11:54:22.832Z</time></trkpt><trkpt lat="46.40242" lon="-110.48831"><ele>0</ele><time>2026-10-07T11:54:22.832Z</time></trkpt><trkpt lat="46.40251" lon="-110.48892"><ele>0</ele><time>2026-10-07T11:54:22.832Z</time></trkpt><trkpt lat="46.40273" lon="-110.48989"><ele>0</ele><time>2026-10-07T11:54:22.832Z</time></trkpt><trkpt lat="46.40291" lon="-110.4914"><ele>0</ele><time>2026-10-07T11:54:22.832Z</time></trkpt><trkpt lat="46.40284" lon="-110.49274"><ele>0</ele><time>2026-10-07T11:54:22.832Z</time></trkpt><trkpt lat="46.40286" lon="-110.49588"><ele>0</ele><time>2026-10-07T11:54:22.832Z</time></trkpt><trkpt lat="46.40287" lon="-110.49612"><ele>0</ele><time>2026-10-07T11:54:22.832Z</time></trkpt><trkpt lat="46.40292" lon="-110.49655"><ele>0</ele><time>2026-10-07T11:54:22.832Z</time></trkpt><trkpt lat="46.40288" lon="-110.4968"><ele>0</ele><time>2026-10-07T11:54:22.832Z</time></trkpt><trkpt lat="46.40288" lon="-110.49799"><ele>0</ele><time>2026-10-07T11:54:22.832Z</time></trkpt><trkpt lat="46.40285" lon="-110.49855"><ele>0</ele><time>2026-10-07T11:54:22.832Z</time></trkpt><trkpt lat="46.40288" lon="-110.49921"><ele>0</ele><time>2026-10-07T11:54:22.832Z</time></trkpt><trkpt lat="46.40287" lon="-110.49937"><ele>0</ele><time>2026-10-07T11:54:22.832Z</time></trkpt><trkpt lat="46.40284" lon="-110.49947"><ele>0</ele><time>2026-10-07T11:54:22.832Z</time></trkpt><trkpt lat="46.40294" lon="-110.49945"><ele>0</ele><time>2026-10-07T11:54:22.832Z</time></trkpt><trkpt lat="46.403" lon="-110.49947"><ele>0</ele><time>2026-10-07T11:54:22.832Z</time></trkpt><trkpt lat="46.40325" lon="-110.4997"><ele>0</ele><time>2026-10-07T11:54:22.832Z</time></trkpt><trkpt lat="46.40348" lon="-110.50002"><ele>0</ele><time>2026-10-07T11:54:22.832Z</time></trkpt><trkpt lat="46.40385" lon="-110.50036"><ele>0</ele><time>2026-10-07T11:54:22.832Z</time></trkpt><trkpt lat="46.40397" lon="-110.50049"><ele>0</ele><time>2026-10-07T11:54:22.832Z</time></trkpt><trkpt lat="46.40419" lon="-110.50066"><ele>0</ele><time>2026-10-07T11:54:22.832Z</time></trkpt><trkpt lat="46.4046" lon="-110.50047"><ele>0</ele><time>2026-10-07T11:54:22.832Z</time></trkpt><trkpt lat="46.40475" lon="-110.50049"><ele>0</ele><time>2026-10-07T11:54:22.832Z</time></trkpt><trkpt lat="46.40513" lon="-110.50063"><ele>0</ele><time>2026-10-07T11:54:22.832Z</time></trkpt><trkpt lat="46.40553" lon="-110.50084"><ele>0</ele><time>2026-10-07T11:54:22.832Z</time></trkpt><trkpt lat="46.40593" lon="-110.50049"><ele>0</ele><time>2026-10-07T11:54:22.832Z</time></trkpt><trkpt lat="46.40646" lon="-110.50006"><ele>0</ele><time>2026-10-07T11:54:22.832Z</time></trkpt><trkpt lat="46.40662" lon="-110.49999"><ele>0</ele><time>2026-10-07T11:54:22.832Z</time></trkpt><trkpt lat="46.40679" lon="-110.49997"><ele>0</ele><time>2026-10-07T11:54:22.832Z</time></trkpt><trkpt lat="46.40742" lon="-110.50006"><ele>0</ele><time>2026-10-07T11:54:22.832Z</time></trkpt><trkpt lat="46.40756" lon="-110.50006"><ele>0</ele><time>2026-10-07T11:54:22.832Z</time></trkpt><trkpt lat="46.4076" lon="-110.50005"><ele>0</ele><time>2026-10-07T11:54:22.832Z</time></trkpt><trkpt lat="46.40782" lon="-110.49991"><ele>0</ele><time>2026-10-07T11:54:22.832Z</time></trkpt><trkpt lat="46.40818" lon="-110.49979"><ele>0</ele><time>2026-10-07T11:54:22.832Z</time></trkpt><trkpt lat="46.40837" lon="-110.49969"><ele>0</ele><time>2026-10-07T11:54:22.832Z</time></trkpt><trkpt lat="46.40872" lon="-110.49991"><ele>0</ele><time>2026-10-07T11:54:22.832Z</time></trkpt><trkpt lat="46.40937" lon="-110.50049"><ele>0</ele><time>2026-10-07T11:54:22.832Z</time></trkpt><trkpt lat="46.40986" lon="-110.50103"><ele>0</ele><time>2026-10-07T11:54:22.832Z</time></trkpt><trkpt lat="46.41041" lon="-110.50207"><ele>0</ele><time>2026-10-07T11:54:22.832Z</time></trkpt><trkpt lat="46.41103" lon="-110.50228"><ele>0</ele><time>2026-10-07T11:54:22.832Z</time></trkpt><trkpt lat="46.41196" lon="-110.50229"><ele>0</ele><time>2026-10-07T11:54:22.832Z</time></trkpt><trkpt lat="46.41208" lon="-110.50232"><ele>0</ele><time>2026-10-07T11:54:22.832Z</time></trkpt><trkpt lat="46.41214" lon="-110.50238"><ele>0</ele><time>2026-10-07T11:54:22.832Z</time></trkpt><trkpt lat="46.41222" lon="-110.50255"><ele>0</ele><time>2026-10-07T11:54:22.832Z</time></trkpt><trkpt lat="46.41227" lon="-110.50315"><ele>0</ele><time>2026-10-07T11:54:22.832Z</time></trkpt><trkpt lat="46.41237" lon="-110.50345"><ele>0</ele><time>2026-10-07T11:54:22.832Z</time></trkpt><trkpt lat="46.41249" lon="-110.50351"><ele>0</ele><time>2026-10-07T11:54:22.832Z</time></trkpt><trkpt lat="46.4127" lon="-110.50348"><ele>0</ele><time>2026-10-07T11:54:22.832Z</time></trkpt><trkpt lat="46.41284" lon="-110.50352"><ele>0</ele><time>2026-10-07T11:54:22.832Z</time></trkpt><trkpt lat="46.413174" lon="-110.501598"><ele>0</ele><time>2026-10-07T11:54:22.832Z</time></trkpt><trkpt lat="46.41334" lon="-110.50164"><ele>0</ele><time>2026-10-07T11:54:22.832Z</time></trkpt><trkpt lat="46.417062" lon="-110.501611"><ele>0</ele><time>2026-10-07T11:54:22.832Z</time></trkpt><trkpt lat="46.416898" lon="-110.501118"><ele>0</ele><time>2026-10-07T11:54:22.832Z</time></trkpt><trkpt lat="46.416794" lon="-110.500613"><ele>0</ele><time>2026-10-07T11:54:22.832Z</time></trkpt><trkpt lat="46.416524" lon="-110.5002"><ele>0</ele><time>2026-10-07T11:54:22.832Z</time></trkpt><trkpt lat="46.416639" lon="-110.499782"><ele>0</ele><time>2026-10-07T11:54:22.832Z</time></trkpt><trkpt lat="46.416772" lon="-110.499685"><ele>0</ele><time>2026-10-07T11:54:22.832Z</time></trkpt></trkseg></trk></gpx>